# Blender v3.0.1 OBJ File: 'PublicBuilding_HospitalC.blend'
# www.blender.org
mtllib PublicBuilding_HospitalC.mtl
o PublicBuilding_Hospital_Cylinder.050_Cylinder.040
v 3.405410 0.142320 -1.508471
v 3.405410 1.479193 -1.508471
v 3.408950 1.479193 -1.535359
v 3.408950 0.142320 -1.535359
v 3.419329 1.479193 -1.560415
v 3.419329 0.142320 -1.560415
v 3.435839 1.479193 -1.581931
v 3.435839 0.142320 -1.581931
v 3.457355 1.479193 -1.598441
v 3.457355 0.142320 -1.598441
v 3.482410 1.479193 -1.608820
v 3.482410 0.142320 -1.608820
v 3.509299 1.479193 -1.612360
v 3.509299 0.142320 -1.612360
v 3.536187 1.479193 -1.608820
v 3.536187 0.142320 -1.608820
v 3.561243 1.479193 -1.598441
v 3.561243 0.142320 -1.598441
v 3.582759 1.479193 -1.581931
v 3.582759 0.142320 -1.581931
v 3.599269 1.479193 -1.560415
v 3.599269 0.142320 -1.560415
v 3.609647 1.479193 -1.535359
v 3.609647 0.142320 -1.535359
v 3.613187 1.479193 -1.508471
v 3.613187 0.142320 -1.508471
v 3.609647 1.479193 -1.481583
v 3.609647 0.142320 -1.481583
v 3.599269 1.479193 -1.456527
v 3.599269 0.142320 -1.456527
v 3.582759 1.479193 -1.435011
v 3.582759 0.142320 -1.435011
v 3.561243 1.479193 -1.418501
v 3.561243 0.142320 -1.418501
v 3.536187 1.479193 -1.408123
v 3.536187 0.142320 -1.408123
v 3.509299 1.479193 -1.404583
v 3.509299 0.142320 -1.404583
v 3.482410 1.479193 -1.408123
v 3.482411 0.142320 -1.408123
v 3.457355 1.479193 -1.418501
v 3.457355 0.142320 -1.418501
v 3.435839 1.479193 -1.435011
v 3.435839 0.142320 -1.435011
v 3.419329 1.479193 -1.456527
v 3.419329 0.142320 -1.456527
v 3.408950 1.479193 -1.481583
v 3.408950 0.142320 -1.481583
v 3.408950 -0.000000 -1.481583
v 3.405410 -0.000000 -1.508471
v 3.419329 0.000000 -1.456527
v 3.435839 -0.000000 -1.435011
v 3.457355 0.000000 -1.418501
v 3.482411 0.000000 -1.408123
v 3.509299 -0.000000 -1.404583
v 3.536187 0.000000 -1.408123
v 3.561243 0.000000 -1.418501
v 3.582759 -0.000000 -1.435011
v 3.599269 0.000000 -1.456527
v 3.609647 -0.000000 -1.481583
v 3.613187 -0.000000 -1.508471
v 3.609647 0.000000 -1.535359
v 3.599269 0.000000 -1.560415
v 3.582759 0.000000 -1.581931
v 3.561243 -0.000000 -1.598441
v 3.536187 -0.000000 -1.608820
v 3.509299 0.000000 -1.612360
v 3.482410 -0.000000 -1.608820
v 3.457355 -0.000000 -1.598441
v 3.435839 0.000000 -1.581931
v 3.419329 0.000000 -1.560415
v 3.408950 0.000000 -1.535359
v 3.405411 0.142320 1.508473
v 3.408950 0.142320 1.535362
v 3.408950 1.479193 1.535362
v 3.405411 1.479193 1.508473
v 3.419329 0.142320 1.560418
v 3.419329 1.479193 1.560418
v 3.435839 0.142320 1.581934
v 3.435839 1.479193 1.581934
v 3.457355 0.142320 1.598443
v 3.457355 1.479193 1.598443
v 3.482411 0.142320 1.608822
v 3.482411 1.479193 1.608822
v 3.509299 0.142320 1.612362
v 3.509299 1.479193 1.612362
v 3.536187 0.142320 1.608822
v 3.536187 1.479193 1.608822
v 3.561243 0.142320 1.598443
v 3.561243 1.479193 1.598443
v 3.582759 0.142320 1.581934
v 3.582759 1.479193 1.581934
v 3.599269 0.142320 1.560418
v 3.599269 1.479193 1.560418
v 3.609648 0.142320 1.535362
v 3.609648 1.479193 1.535362
v 3.613187 0.142320 1.508473
v 3.613187 1.479193 1.508473
v 3.609648 0.142320 1.481585
v 3.609648 1.479193 1.481585
v 3.599269 0.142320 1.456529
v 3.599269 1.479193 1.456529
v 3.582759 0.142320 1.435013
v 3.582759 1.479193 1.435013
v 3.561243 0.142320 1.418503
v 3.561243 1.479193 1.418503
v 3.536187 0.142320 1.408125
v 3.536187 1.479193 1.408125
v 3.509299 0.142320 1.404585
v 3.509299 1.479193 1.404585
v 3.482411 0.142320 1.408125
v 3.482411 1.479193 1.408125
v 3.457355 0.142320 1.418503
v 3.457355 1.479193 1.418503
v 3.435839 0.142320 1.435013
v 3.435839 1.479193 1.435013
v 3.419329 0.142320 1.456529
v 3.419329 1.479193 1.456529
v 3.408950 1.479193 1.481585
v 3.408950 0.142320 1.481585
v 3.408950 0.000000 1.481585
v 3.405411 0.000000 1.508473
v 3.419329 -0.000000 1.456529
v 3.435839 0.000000 1.435013
v 3.457355 -0.000000 1.418503
v 3.482411 -0.000000 1.408125
v 3.509299 0.000000 1.404585
v 3.536187 -0.000000 1.408125
v 3.561243 -0.000000 1.418503
v 3.582759 0.000000 1.435013
v 3.599269 -0.000000 1.456529
v 3.609648 0.000000 1.481585
v 3.613187 0.000000 1.508473
v 3.609648 -0.000000 1.535362
v 3.599269 -0.000000 1.560418
v 3.582759 -0.000000 1.581934
v 3.561243 0.000000 1.598443
v 3.536187 0.000000 1.608822
v 3.509299 -0.000000 1.612362
v 3.482411 0.000000 1.608822
v 3.457355 0.000000 1.598443
v 3.435839 -0.000000 1.581934
v 3.419329 -0.000000 1.560418
v 3.408950 -0.000000 1.535362
v 2.689806 0.000000 -0.586015
v 2.764276 -0.000000 -0.112309
v 2.689806 -0.000000 0.586014
v 2.804203 0.142320 -1.909277
v 2.804203 1.479193 -1.909277
v 2.807742 1.479193 -1.936165
v 2.807742 0.142320 -1.936165
v 2.818121 1.479193 -1.961221
v 2.818121 0.142320 -1.961221
v 2.834631 1.479193 -1.982737
v 2.834631 0.142320 -1.982737
v 2.856147 1.479193 -1.999247
v 2.856147 0.142320 -1.999247
v 2.881202 1.479193 -2.009625
v 2.881203 0.142320 -2.009625
v 2.908091 1.479193 -2.013165
v 2.908091 0.142320 -2.013165
v 2.934979 1.479193 -2.009625
v 2.934979 0.142320 -2.009625
v 2.960035 1.479193 -1.999247
v 2.960035 0.142320 -1.999247
v 2.981551 1.479193 -1.982737
v 2.981551 0.142320 -1.982737
v 2.998061 1.479193 -1.961221
v 2.998061 0.142320 -1.961221
v 3.008439 1.479193 -1.936165
v 3.008439 0.142320 -1.936165
v 3.011979 1.479193 -1.909277
v 3.011979 0.142320 -1.909277
v 3.008439 1.479193 -1.882388
v 3.008439 0.142320 -1.882388
v 2.998061 1.479193 -1.857332
v 2.998061 0.142320 -1.857332
v 2.981551 1.479193 -1.835817
v 2.981551 0.142320 -1.835817
v 2.960035 1.479193 -1.819307
v 2.960035 0.142320 -1.819307
v 2.934979 1.479193 -1.808928
v 2.934979 0.142320 -1.808928
v 2.908091 1.479193 -1.805388
v 2.908091 0.142320 -1.805388
v 2.881202 1.479193 -1.808928
v 2.881203 0.142320 -1.808928
v 2.856147 1.479193 -1.819307
v 2.856147 0.142320 -1.819307
v 2.834631 1.479193 -1.835817
v 2.834631 0.142320 -1.835817
v 2.818121 1.479193 -1.857332
v 2.818121 0.142320 -1.857332
v 2.807742 1.479193 -1.882388
v 2.807742 0.142320 -1.882388
v 2.807742 -0.000000 -1.882388
v 2.804203 -0.000000 -1.909277
v 2.818121 0.000000 -1.857332
v 2.834631 -0.000000 -1.835817
v 2.856147 0.000000 -1.819307
v 2.881203 0.000000 -1.808928
v 2.908091 -0.000000 -1.805388
v 2.934979 0.000000 -1.808928
v 2.960035 0.000000 -1.819307
v 2.981551 -0.000000 -1.835817
v 2.998061 0.000000 -1.857332
v 3.008439 -0.000000 -1.882388
v 3.011979 -0.000000 -1.909277
v 3.008439 0.000000 -1.936165
v 2.998061 -0.000000 -1.961221
v 2.981551 0.000000 -1.982737
v 2.960035 -0.000000 -1.999247
v 2.934979 -0.000000 -2.009625
v 2.908091 0.000000 -2.013165
v 2.881203 -0.000000 -2.009625
v 2.856147 -0.000000 -1.999247
v 2.834631 0.000000 -1.982737
v 2.818121 -0.000000 -1.961221
v 2.807742 0.000000 -1.936165
v 2.804203 0.142320 1.909276
v 2.807743 0.142320 1.936165
v 2.807743 1.479193 1.936165
v 2.804203 1.479193 1.909276
v 2.818121 0.142320 1.961220
v 2.818121 1.479193 1.961220
v 2.834631 0.142320 1.982736
v 2.834631 1.479193 1.982736
v 2.856147 0.142320 1.999246
v 2.856147 1.479193 1.999246
v 2.881203 0.142320 2.009625
v 2.881203 1.479193 2.009625
v 2.908091 0.142320 2.013165
v 2.908091 1.479193 2.013165
v 2.934979 0.142320 2.009625
v 2.934979 1.479193 2.009625
v 2.960035 0.142320 1.999246
v 2.960035 1.479193 1.999246
v 2.981551 0.142320 1.982736
v 2.981551 1.479193 1.982736
v 2.998061 0.142320 1.961220
v 2.998061 1.479193 1.961220
v 3.008440 0.142320 1.936165
v 3.008440 1.479193 1.936165
v 3.011979 0.142320 1.909276
v 3.011979 1.479193 1.909276
v 3.008440 0.142320 1.882388
v 3.008440 1.479193 1.882388
v 2.998061 0.142320 1.857332
v 2.998061 1.479193 1.857332
v 2.981551 0.142320 1.835816
v 2.981551 1.479193 1.835816
v 2.960035 0.142320 1.819306
v 2.960035 1.479193 1.819306
v 2.934979 0.142320 1.808928
v 2.934979 1.479193 1.808928
v 2.908091 0.142320 1.805388
v 2.908091 1.479193 1.805388
v 2.881203 0.142320 1.808928
v 2.881203 1.479193 1.808928
v 2.856147 0.142320 1.819306
v 2.856147 1.479193 1.819306
v 2.834631 0.142320 1.835816
v 2.834631 1.479193 1.835816
v 2.818121 0.142320 1.857332
v 2.818121 1.479193 1.857332
v 2.807743 1.479193 1.882388
v 2.807742 0.142320 1.882388
v 2.807742 0.000000 1.882388
v 2.804203 0.000000 1.909276
v 2.818121 -0.000000 1.857332
v 2.834631 0.000000 1.835816
v 2.856147 -0.000000 1.819306
v 2.881203 -0.000000 1.808928
v 2.908091 0.000000 1.805388
v 2.934979 -0.000000 1.808928
v 2.960035 -0.000000 1.819306
v 2.981551 0.000000 1.835816
v 2.998061 -0.000000 1.857332
v 3.008440 0.000000 1.882388
v 3.011979 0.000000 1.909276
v 3.008440 -0.000000 1.936165
v 2.998061 0.000000 1.961220
v 2.981551 -0.000000 1.982736
v 2.960035 0.000000 1.999246
v 2.934979 0.000000 2.009625
v 2.908091 -0.000000 2.013165
v 2.881203 0.000000 2.009625
v 2.856147 0.000000 1.999246
v 2.834631 -0.000000 1.982736
v 2.818121 0.000000 1.961220
v 2.807743 -0.000000 1.936165
v -6.978888 9.790357 0.000002
v -6.931229 9.790357 -0.483880
v -7.250630 9.790357 -0.547413
v -7.304545 9.790357 0.000002
v -6.790086 9.790357 -0.949168
v -7.090954 9.790357 -1.073792
v -6.560882 9.790357 -1.377979
v -6.831656 9.790357 -1.558904
v -6.252425 9.790357 -1.753835
v -6.482699 9.790357 -1.984110
v -5.876568 9.790357 -2.062293
v -6.057494 9.790357 -2.333067
v -5.447757 9.790357 -2.291497
v -5.572381 9.790357 -2.592365
v -4.982470 9.790357 -2.432640
v -5.046002 9.790357 -2.752040
v -4.498586 9.790357 -2.480299
v -4.498586 9.790357 -2.805956
v -4.014704 9.790357 -2.432640
v -3.951171 9.790357 -2.752040
v -3.549417 9.790357 -2.291498
v -3.424793 9.790357 -2.592365
v -3.120605 9.790357 -2.062293
v -2.939680 9.790357 -2.333067
v -2.744749 9.790357 -1.753835
v -2.514475 9.790357 -1.984110
v -2.436292 9.790357 -1.377979
v -2.165517 9.790357 -1.558904
v -2.207087 9.790357 -0.949168
v -1.906219 9.790357 -1.073792
v -2.065944 9.790357 -0.483881
v -1.746544 9.790357 -0.547413
v -2.018285 9.790357 0.000002
v -1.692629 9.790357 0.000002
v -4.666032 9.790357 -0.726863
v -5.796288 9.790357 -1.099809
v -5.796288 9.790357 -0.726862
v -3.200886 9.790357 -1.099809
v -4.331141 9.790357 -0.726863
v -3.200886 9.790357 -0.726863
v -4.331141 9.790357 0.000002
v -4.666032 9.790357 0.000002
v -5.775934 9.790359 -3.421156
v -7.203527 9.790358 -2.160729
v -8.631121 9.790358 0.000002
v -4.348341 9.790359 -3.421156
v -1.777055 9.790358 -2.160729
v 0.000000 9.790358 0.000002
v -3.174713 9.790357 0.000002
v -5.822460 9.790357 0.000002
v -7.250630 9.790357 0.547418
v -6.931229 9.790357 0.483885
v -7.090954 9.790357 1.073796
v -6.790086 9.790357 0.949173
v -6.831656 9.790357 1.558909
v -6.560882 9.790357 1.377984
v -6.482699 9.790357 1.984115
v -6.252425 9.790357 1.753839
v -6.057494 9.790357 2.333072
v -5.876568 9.790357 2.062297
v -5.572381 9.790357 2.592370
v -5.447757 9.790357 2.291502
v -5.046002 9.790357 2.752045
v -4.982470 9.790357 2.432645
v -4.498586 9.790357 2.805961
v -4.498586 9.790357 2.480304
v -3.951171 9.790357 2.752045
v -4.014704 9.790357 2.432645
v -3.424793 9.790357 2.592371
v -3.549417 9.790357 2.291502
v -2.939680 9.790357 2.333072
v -3.120605 9.790357 2.062297
v -2.514475 9.790357 1.984114
v -2.744749 9.790357 1.753839
v -2.165517 9.790357 1.558909
v -2.436292 9.790357 1.377984
v -1.906219 9.790357 1.073796
v -2.207087 9.790357 0.949172
v -1.746544 9.790357 0.547418
v -2.065944 9.790357 0.483885
v -4.666032 9.790357 0.726867
v -5.796288 9.790357 0.726867
v -5.796288 9.790357 1.099814
v -3.200886 9.790357 1.099813
v -4.331141 9.790357 0.726867
v -3.200886 9.790357 0.726867
v -5.775934 9.790357 3.421161
v -7.203527 9.790358 2.160734
v -4.348341 9.790357 3.421161
v -1.777055 9.790358 2.160734
v 3.654457 2.251446 0.264077
v 3.654457 2.779603 0.264077
v 3.654457 2.779603 -0.264080
v 3.654457 2.251446 -0.264080
v 3.873371 2.251446 -0.264080
v 3.873371 2.779603 -0.264080
v 3.873371 2.779603 0.264077
v 3.873371 2.251446 0.264077
v 3.873371 2.251446 0.793089
v 3.873371 2.779603 0.793089
v 3.654457 2.779603 0.793089
v 3.654457 2.251446 0.793089
v 3.654457 2.251446 -0.793092
v 3.654457 2.779603 -0.793092
v 3.873370 2.779603 -0.793092
v 3.873370 2.251446 -0.793092
v 3.654457 1.722434 0.264077
v 3.654457 1.722434 -0.264080
v 3.873371 1.722434 -0.264080
v 3.873371 1.722434 0.264077
v 3.654457 3.308615 -0.264079
v 3.654457 3.308615 0.264078
v 3.873371 3.308615 0.264078
v 3.873371 3.308615 -0.264079
v 0.265481 9.912272 -2.794903
v 0.265481 10.176351 -2.794903
v 0.265481 10.176352 -3.058981
v 0.265481 9.912273 -3.058981
v 0.374937 9.912273 -3.058981
v 0.374937 10.176352 -3.058981
v 0.374937 10.176351 -2.794903
v 0.374937 9.912272 -2.794903
v 0.374937 9.912272 -2.530397
v 0.374937 10.176351 -2.530397
v 0.265481 10.176351 -2.530397
v 0.265481 9.912272 -2.530397
v 0.265481 9.912273 -3.323487
v 0.265481 10.176352 -3.323487
v 0.374937 10.176352 -3.323487
v 0.374937 9.912273 -3.323487
v 0.265481 9.647767 -2.794903
v 0.265481 9.647768 -3.058981
v 0.374937 9.647768 -3.058981
v 0.374937 9.647767 -2.794903
v 0.265481 10.440858 -3.058981
v 0.265481 10.440857 -2.794903
v 0.374937 10.440857 -2.794903
v 0.374937 10.440858 -3.058981
v 0.265481 9.912272 2.794907
v 0.265481 9.912271 3.058985
v 0.265481 10.176350 3.058985
v 0.265481 10.176351 2.794907
v 0.374937 9.912271 3.058985
v 0.374937 9.912272 2.794907
v 0.374937 10.176351 2.794907
v 0.374937 10.176350 3.058985
v 0.374937 9.912272 2.530401
v 0.265481 9.912272 2.530401
v 0.265481 10.176351 2.530401
v 0.374937 10.176351 2.530401
v 0.265481 9.912271 3.323491
v 0.374937 9.912271 3.323491
v 0.374937 10.176350 3.323491
v 0.265481 10.176350 3.323491
v 0.265481 9.647767 2.794907
v 0.374937 9.647767 2.794907
v 0.374937 9.647766 3.058985
v 0.265481 9.647766 3.058985
v 0.265481 10.440856 3.058985
v 0.374937 10.440856 3.058985
v 0.374937 10.440857 2.794907
v 0.265481 10.440857 2.794907
v -3.283046 9.774037 -6.841524
v -3.283046 11.266592 -6.841523
v -7.068436 11.266592 -6.841523
v -7.068436 9.774037 -6.841524
v -7.068436 11.266593 -9.960144
v -7.068436 9.774038 -9.960144
v -3.283046 11.266593 -9.960144
v -3.283046 9.774038 -9.960144
v -3.283045 9.774035 6.841520
v -7.068436 9.774035 6.841520
v -7.068436 11.266590 6.841521
v -3.283045 11.266590 6.841521
v -7.068435 9.774035 9.960141
v -7.068435 11.266589 9.960141
v -3.283045 9.774035 9.960141
v -3.283045 11.266589 9.960141
v 2.101226 0.142320 -1.945934
v 2.101226 1.479193 -1.945934
v 2.104766 1.479193 -1.972822
v 2.104766 0.142320 -1.972822
v 2.115144 1.479193 -1.997878
v 2.115144 0.142320 -1.997878
v 2.131654 1.479193 -2.019394
v 2.131654 0.142320 -2.019394
v 2.153170 1.479193 -2.035904
v 2.153170 0.142320 -2.035904
v 2.178226 1.479193 -2.046282
v 2.178226 0.142320 -2.046282
v 2.205114 1.479193 -2.049822
v 2.205114 0.142320 -2.049822
v 2.232002 1.479193 -2.046282
v 2.232002 0.142320 -2.046282
v 2.257059 1.479193 -2.035904
v 2.257059 0.142320 -2.035904
v 2.278574 1.479193 -2.019394
v 2.278574 0.142320 -2.019394
v 2.295084 1.479193 -1.997878
v 2.295084 0.142320 -1.997878
v 2.305463 1.479193 -1.972822
v 2.305463 0.142320 -1.972822
v 2.309003 1.479193 -1.945934
v 2.309003 0.142320 -1.945934
v 2.305463 1.479193 -1.919046
v 2.305463 0.142320 -1.919046
v 2.295084 1.479193 -1.893990
v 2.295084 0.142320 -1.893990
v 2.278574 1.479193 -1.872474
v 2.278574 0.142320 -1.872474
v 2.257059 1.479193 -1.855964
v 2.257059 0.142320 -1.855964
v 2.232002 1.479193 -1.845585
v 2.232002 0.142320 -1.845585
v 2.205114 1.479193 -1.842046
v 2.205114 0.142320 -1.842046
v 2.178226 1.479193 -1.845585
v 2.178226 0.142320 -1.845585
v 2.153170 1.479193 -1.855964
v 2.153170 0.142320 -1.855964
v 2.131654 1.479193 -1.872474
v 2.131654 0.142320 -1.872474
v 2.115144 1.479193 -1.893990
v 2.115144 0.142320 -1.893990
v 2.104766 1.479193 -1.919046
v 2.104766 0.142320 -1.919046
v 2.104766 -0.000000 -1.919046
v 2.101226 0.000000 -1.945934
v 2.115144 -0.000000 -1.893990
v 2.131654 -0.000000 -1.872474
v 2.153170 0.000000 -1.855964
v 2.178226 0.000000 -1.845585
v 2.205114 0.000000 -1.842046
v 2.232002 0.000000 -1.845585
v 2.257059 0.000000 -1.855964
v 2.278574 -0.000000 -1.872474
v 2.295084 -0.000000 -1.893990
v 2.305463 -0.000000 -1.919046
v 2.309003 0.000000 -1.945934
v 2.305463 -0.000000 -1.972822
v 2.295084 -0.000000 -1.997878
v 2.278574 -0.000000 -2.019394
v 2.257059 0.000000 -2.035904
v 2.232002 -0.000000 -2.046282
v 2.205114 0.000000 -2.049822
v 2.178226 -0.000000 -2.046282
v 2.153170 0.000000 -2.035904
v 2.131654 -0.000000 -2.019394
v 2.115144 -0.000000 -1.997878
v 2.104766 -0.000000 -1.972822
v 2.101226 0.142320 1.945934
v 2.104766 0.142320 1.972822
v 2.104766 1.479193 1.972822
v 2.101226 1.479193 1.945934
v 2.115144 0.142320 1.997878
v 2.115144 1.479193 1.997878
v 2.131654 0.142320 2.019394
v 2.131654 1.479193 2.019394
v 2.153170 0.142320 2.035904
v 2.153170 1.479193 2.035904
v 2.178226 0.142320 2.046282
v 2.178226 1.479193 2.046282
v 2.205114 0.142320 2.049822
v 2.205114 1.479193 2.049822
v 2.232003 0.142320 2.046282
v 2.232003 1.479193 2.046282
v 2.257059 0.142320 2.035904
v 2.257059 1.479193 2.035904
v 2.278574 0.142320 2.019394
v 2.278574 1.479193 2.019394
v 2.295084 0.142320 1.997878
v 2.295084 1.479193 1.997878
v 2.305463 0.142320 1.972822
v 2.305463 1.479193 1.972822
v 2.309003 0.142320 1.945934
v 2.309003 1.479193 1.945934
v 2.305463 0.142320 1.919046
v 2.305463 1.479193 1.919046
v 2.295084 0.142320 1.893990
v 2.295084 1.479193 1.893990
v 2.278574 0.142320 1.872474
v 2.278574 1.479193 1.872474
v 2.257059 0.142320 1.855964
v 2.257059 1.479193 1.855964
v 2.232003 0.142320 1.845585
v 2.232003 1.479193 1.845585
v 2.205114 0.142320 1.842045
v 2.205114 1.479193 1.842045
v 2.178226 0.142320 1.845585
v 2.178226 1.479193 1.845585
v 2.153170 0.142320 1.855964
v 2.153170 1.479193 1.855964
v 2.131654 0.142320 1.872474
v 2.131654 1.479193 1.872474
v 2.115144 0.142320 1.893990
v 2.115144 1.479193 1.893990
v 2.104766 1.479193 1.919046
v 2.104766 0.142320 1.919046
v 2.104766 0.000000 1.919046
v 2.101226 -0.000000 1.945934
v 2.115144 0.000000 1.893990
v 2.131654 0.000000 1.872474
v 2.153170 -0.000000 1.855964
v 2.178226 -0.000000 1.845585
v 2.205114 -0.000000 1.842045
v 2.232003 -0.000000 1.845585
v 2.257059 -0.000000 1.855964
v 2.278574 0.000000 1.872474
v 2.295084 0.000000 1.893990
v 2.305463 0.000000 1.919046
v 2.309003 -0.000000 1.945934
v 2.305463 0.000000 1.972822
v 2.295084 0.000000 1.997878
v 2.278574 0.000000 2.019394
v 2.257059 -0.000000 2.035904
v 2.232003 0.000000 2.046282
v 2.205114 -0.000000 2.049822
v 2.178226 0.000000 2.046282
v 2.153170 -0.000000 2.035904
v 2.131654 0.000000 2.019394
v 2.115144 0.000000 1.997878
v 2.104766 0.000000 1.972822
v 0.512785 10.462988 1.985324
v 0.660507 10.462988 1.898568
v 0.644268 10.485159 1.908105
v 0.529121 10.484083 1.975730
v 0.529121 9.693749 1.975731
v 0.644268 9.693749 1.908105
v 0.663193 9.713450 1.896991
v 0.516996 9.713450 1.982852
v 0.663193 10.192702 1.896990
v 0.898983 10.192702 1.719745
v 1.024088 10.462988 1.599511
v 0.900976 10.462988 1.718202
v 0.663193 10.028481 1.896990
v 0.898983 10.028481 1.719745
v 0.905420 9.713450 1.714763
v 1.020883 9.713450 1.602719
v 1.675792 9.693749 0.219085
v 1.685519 9.693749 0.087332
v 1.685446 9.713450 0.069658
v 1.672703 9.713450 0.242652
v 0.918120 9.693749 1.704933
v 1.004146 9.693749 1.619473
v 1.127719 10.378512 1.495337
v 1.213425 10.281211 1.384269
v 1.265129 10.332806 1.317265
v 1.195895 10.463531 1.406987
v 1.435045 10.406789 1.042432
v 1.368380 10.297230 1.156661
v 1.392950 10.235358 1.114562
v 1.470269 10.295910 0.969870
v 1.081985 10.266671 1.541554
v 1.182585 10.187159 1.424236
v 1.061545 10.025514 1.562014
v 1.179494 10.014627 1.428241
v 1.063095 10.157671 1.560463
v 1.406740 10.147463 1.090933
v 1.484473 10.178918 0.936041
v 1.406835 10.030751 1.090769
v 1.486413 10.021797 0.931421
v 1.078178 9.929463 1.545365
v 1.372780 9.887208 1.149122
v 1.429934 9.761287 1.051190
v 1.468519 9.870752 0.974039
v 1.395256 9.949737 1.110611
v 1.262709 10.497120 1.320402
v 1.255264 9.681489 1.330049
v 1.355291 9.686193 1.179089
v 1.337919 9.846351 1.208855
v 1.284050 9.837198 1.292744
v 1.506504 10.337168 0.883569
v 1.567382 10.269316 0.737789
v 1.571751 10.307559 0.721669
v 1.529713 10.431513 0.828293
v 1.599227 9.840800 0.620321
v 1.608074 9.675068 0.587688
v 1.633658 9.689342 0.493316
v 1.627315 9.853279 0.516714
v 1.636586 10.229625 0.482516
v 1.663312 10.256021 0.314316
v 1.659966 10.354013 0.339848
v 1.631879 10.294769 0.499881
v 1.642935 10.200209 0.459097
v 1.660996 10.209920 0.331987
v 1.516766 10.139629 0.859129
v 1.572414 10.231206 0.719225
v 1.501565 10.232870 0.895334
v 1.585557 10.333428 0.670746
v 1.567262 10.482523 0.738230
v 1.546612 10.072895 0.788043
v 1.629604 9.984911 0.508271
v 1.659757 10.074922 0.341444
v 1.647746 10.143080 0.433096
v 1.615356 10.333736 0.560826
v 1.621844 10.494551 0.536895
v 1.590714 10.500329 0.651724
v 1.492429 9.916354 0.917092
v 1.564094 9.902180 0.746407
v 1.553092 9.994580 0.772610
v 1.491768 9.969067 0.918668
v 1.504266 9.827624 0.888900
v 1.580608 9.858768 0.689001
v 1.543436 10.007584 0.795607
v 1.499318 9.996459 0.900685
v 1.640048 9.893429 0.469748
v 1.666024 9.905482 0.293620
v 1.664945 9.996373 0.301856
v 1.641176 9.945980 0.465586
v 1.533803 9.737104 0.818552
v 1.573636 9.689601 0.714718
v 1.680780 10.482524 -0.192001
v 1.684483 10.318573 -0.164201
v 1.665682 10.432326 -0.300278
v 1.658144 10.364110 -0.354332
v 1.684672 10.147930 -0.118323
v 1.673546 10.008335 -0.243878
v 1.662584 10.063765 -0.322492
v 1.681987 10.170124 -0.183342
v 1.676110 10.486828 0.216655
v 1.685446 10.324250 0.069658
v 1.004146 10.487054 1.619473
v 0.918120 10.485355 1.704933
v 1.679288 10.271741 -0.202701
v 1.654575 10.285035 -0.379928
v 1.678808 10.215464 -0.206147
v 1.654594 10.182899 -0.379792
v 1.684525 9.985087 -0.153889
v 1.645686 10.464276 -0.443675
v 1.604576 10.464276 -0.601606
v 1.607520 10.486238 -0.591024
v 1.642687 10.486238 -0.464607
v 1.642759 9.693748 -0.464348
v 1.607520 9.693749 -0.591024
v 1.602783 9.713450 -0.608052
v 1.645686 9.713450 -0.443675
v 1.231740 9.871713 1.360535
v 1.170730 9.739268 1.439599
v 1.334137 10.485739 -1.214466
v 1.334500 10.327963 -1.213849
v 1.324659 10.353332 -1.230605
v 1.324126 10.454233 -1.231514
v 1.145581 10.063979 -1.471637
v 1.138156 10.481377 -1.481231
v 1.185561 10.238393 -1.419984
v 1.234218 10.482494 -1.357122
v 0.508757 9.695700 -2.013259
v 0.508738 9.846415 -2.013271
v 0.785982 9.853207 -1.812584
v 0.897205 9.690549 -1.717734
v 1.392686 9.730642 -1.114774
v 1.309332 9.693749 -1.256702
v 1.259856 9.907128 -1.323998
v 1.045317 9.693749 -1.578306
v 0.929536 9.757775 -1.693968
v 1.106903 9.907128 -1.516784
v 1.381952 9.693749 -1.133051
v 1.500465 9.693748 -0.897631
v 1.462711 9.693749 -0.986408
v 1.448743 9.713450 -1.019255
v 1.512784 9.713450 -0.868662
v 1.591635 10.343870 -0.648126
v 1.583908 10.324613 -0.675903
v 1.585958 10.486695 -0.668532
v 1.592378 10.465668 -0.645457
v 1.513866 10.324250 -0.866118
v 1.225039 10.063979 -1.368980
v 1.198738 9.931381 1.403303
v 1.110133 9.834841 1.513377
v 0.915432 10.466392 -1.700252
v 0.788337 10.466393 -1.810576
v 0.804395 10.485355 -1.796882
v 0.900402 10.485355 -1.715008
v 0.917134 9.706565 -1.698377
v 1.650185 10.445540 0.414480
v 1.685446 9.981807 0.069658
v 1.685446 10.146027 0.069660
v 1.324354 10.338512 1.232099
v 1.388630 10.465889 1.121963
v 1.334482 10.499061 1.214744
v 1.444639 10.324250 -1.026312
v 1.672811 10.464688 0.241828
v 1.661757 9.810078 0.326179
v 1.652263 9.731244 0.398621
v 0.942012 9.693749 -1.681505
v 0.432178 10.462988 1.848071
v 0.448514 10.484083 1.838477
v 0.563661 10.485159 1.770852
v 0.579900 10.462988 1.761315
v 0.448514 9.693749 1.838477
v 0.436388 9.713450 1.845599
v 0.582586 9.713450 1.759737
v 0.563661 9.693749 1.770851
v 0.577441 10.192702 1.762892
v 0.793405 10.192712 1.600627
v 0.790271 10.466369 1.603886
v 0.913450 10.466068 1.485121
v 0.793389 10.028428 1.600645
v 0.577451 10.028481 1.762888
v 0.794393 9.710093 1.600757
v 0.910007 9.710618 1.488557
v 1.517427 9.682790 0.207410
v 1.513999 9.710093 0.230966
v 1.526752 9.709627 0.057968
v 1.527155 9.682790 0.075657
v 0.892887 9.685205 1.505969
v 0.806861 9.685205 1.591429
v 1.003723 10.380033 1.395553
v 1.069878 10.463531 1.309747
v 1.136865 10.332456 1.223012
v 1.089111 10.282498 1.284873
v 1.296334 10.408004 0.964370
v 1.329582 10.297537 0.895437
v 1.252399 10.237068 1.039875
v 1.229899 10.298216 1.078196
v 1.061775 10.188825 1.320612
v 0.960816 10.269397 1.438376
v 0.942038 10.024376 1.456887
v 0.943404 10.158667 1.455543
v 1.059236 10.013397 1.323971
v 1.264811 10.148099 1.018879
v 1.342556 10.179568 0.863969
v 1.264879 10.030013 1.018777
v 1.344417 10.021156 0.859505
v 0.957667 9.927281 1.441410
v 1.234163 9.886373 1.070887
v 1.254573 9.948119 1.036173
v 1.327842 9.869135 0.899591
v 1.291288 9.760427 0.973017
v 1.133805 10.496668 1.227024
v 1.125847 9.682747 1.237393
v 1.154056 9.838675 1.200909
v 1.202419 9.847638 1.125346
v 1.219970 9.687591 1.095294
v 1.359193 10.336555 0.823291
v 1.380948 10.431527 0.771690
v 1.423016 10.307544 0.664981
v 1.419818 10.269768 0.678117
v 1.445599 9.840800 0.578675
v 1.471795 9.853158 0.482820
v 1.478845 9.688633 0.456331
v 1.454446 9.675068 0.546042
v 1.479538 10.226646 0.456779
v 1.475701 10.294881 0.469157
v 1.502972 10.355563 0.313648
v 1.506255 10.252839 0.288643
v 1.485817 10.193694 0.434476
v 1.503878 10.203405 0.307365
v 1.369208 10.139747 0.799443
v 1.354276 10.233958 0.835003
v 1.422194 10.232421 0.666619
v 1.415572 10.483193 0.690013
v 1.433509 10.333982 0.623660
v 1.395941 10.072740 0.736732
v 1.474254 9.985566 0.473618
v 1.492370 10.146889 0.398762
v 1.502765 10.075480 0.315205
v 1.437085 10.500329 0.610078
v 1.467690 10.494152 0.497260
v 1.461144 10.333294 0.521411
v 1.345207 9.918943 0.856639
v 1.345008 9.969067 0.857052
v 1.406332 9.994580 0.710994
v 1.416593 9.906507 0.686744
v 1.356155 9.830214 0.830658
v 1.429793 9.859055 0.638114
v 1.352559 9.996459 0.839069
v 1.396677 10.007584 0.733991
v 1.482887 9.896426 0.444716
v 1.483999 9.944532 0.440513
v 1.507758 9.994988 0.276851
v 1.508743 9.907732 0.269271
v 1.385136 9.733845 0.761775
v 1.422006 9.688493 0.666325
v 1.521963 10.479454 -0.181864
v 1.508020 10.432443 -0.278396
v 1.525800 10.315965 -0.152031
v 1.500484 10.364052 -0.332460
v 1.525730 10.148086 -0.109761
v 1.523937 10.171333 -0.164541
v 1.504584 10.064809 -0.303260
v 1.515291 10.008165 -0.226842
v 1.526433 10.321452 0.063180
v 1.517313 10.488300 0.205824
v 0.807099 10.495047 1.591283
v 0.893125 10.496745 1.505824
v 1.521634 10.271648 -0.180780
v 1.496920 10.284957 -0.357992
v 1.521160 10.215464 -0.184166
v 1.496946 10.182899 -0.357812
v 1.525679 9.983052 -0.143909
v 1.491788 10.467521 -0.403166
v 1.489226 10.495744 -0.423443
v 1.454058 10.495744 -0.549859
v 1.450718 10.468202 -0.561022
v 1.489389 9.682897 -0.423172
v 1.491793 9.709909 -0.403170
v 1.448904 9.709661 -0.567522
v 1.454150 9.682897 -0.549848
v 1.045507 9.738962 1.341343
v 1.106469 9.871426 1.262339
v 1.194527 10.480007 -1.138238
v 1.186877 10.454233 -1.150906
v 1.187411 10.353332 -1.149997
v 1.197247 10.327963 -1.133242
v 1.026445 10.064158 -1.366079
v 1.059692 10.238393 -1.322561
v 1.014748 10.481226 -1.380708
v 1.106694 10.482300 -1.261872
v 0.413669 9.700553 -1.885704
v 0.792941 9.687935 -1.597495
v 0.685897 9.855407 -1.688836
v 0.413650 9.851267 -1.885716
v 1.256663 9.728203 -1.032147
v 1.128210 9.906205 -1.234533
v 1.172749 9.688537 -1.175133
v 0.933533 9.694020 -1.464997
v 0.990074 9.907133 -1.408680
v 0.818573 9.758310 -1.579857
v 1.244699 9.693749 -1.052444
v 1.353987 9.693749 -0.835344
v 1.366446 9.713358 -0.806050
v 1.302409 9.713353 -0.956633
v 1.316233 9.693749 -0.924121
v 1.438288 10.343870 -0.605469
v 1.439031 10.465668 -0.602801
v 1.436125 10.481294 -0.615082
v 1.432970 10.324229 -0.625380
v 1.368138 10.314097 -0.802912
v 1.095209 10.064023 -1.276898
v 0.987223 9.833558 1.412250
v 1.075855 9.930090 1.302143
v 0.811186 10.468383 -1.579983
v 0.796593 10.491545 -1.594507
v 0.700587 10.491545 -1.676381
v 0.684090 10.468379 -1.690307
v 0.809492 9.705273 -1.581131
v 1.494308 10.447104 0.382315
v 1.526455 9.981807 0.062047
v 1.526456 10.146027 0.062112
v 1.189802 10.338114 1.147062
v 1.200093 10.498643 1.129456
v 1.251156 10.465889 1.041736
v 1.300486 10.314058 -0.959599
v 1.514322 10.467982 0.227507
v 1.504813 9.810457 0.299651
v 1.495791 9.727242 0.369708
v 0.833280 9.695187 -1.565272
v -10.058712 0.368192 -5.999631
v -10.058712 1.385623 -5.999631
v -10.058712 1.385623 -7.058389
v -10.058712 0.368192 -7.058389
v -0.084282 0.368192 -7.202439
v -0.084282 1.385623 -7.202439
v 1.037767 1.385623 -7.202439
v 1.037767 0.368192 -7.202439
v 1.465190 0.368192 -3.407704
v 1.465190 1.385623 -3.407704
v 1.465190 1.385622 -2.459486
v 1.465190 0.368191 -2.459486
v -10.058712 0.368191 -0.052550
v -10.058712 1.385622 -0.052550
v -10.058712 1.385622 -1.022746
v -10.058712 0.368191 -1.022746
v -1.330787 0.368192 -7.202439
v -1.330787 1.385623 -7.202439
v -0.191387 1.385623 -7.202439
v -0.191387 0.368192 -7.202439
v 1.465189 0.368192 -6.716795
v 1.465189 1.385623 -6.716795
v 1.465189 1.385623 -5.768575
v 1.465189 0.368192 -5.768575
v 1.465189 0.368192 -5.665368
v 1.465189 1.385623 -5.665368
v 1.465189 1.385623 -4.639743
v 1.465189 0.368192 -4.639743
v 1.465189 0.368192 -4.536536
v 1.465189 1.385623 -4.536536
v 1.465190 1.385623 -3.510912
v 1.465190 0.368192 -3.510912
v -10.058712 0.368191 -2.218350
v -10.058712 1.385622 -2.218350
v -10.058712 1.385623 -3.363538
v -10.058712 0.368192 -3.363538
v -10.058712 0.368192 -3.478777
v -10.058712 1.385623 -3.478777
v -10.058712 1.385623 -4.623965
v -10.058712 0.368192 -4.623965
v -10.058712 0.368192 -4.739204
v -10.058712 1.385623 -4.739204
v -10.058712 1.385623 -5.884392
v -10.058712 0.368192 -5.884392
v -1.493156 1.582808 -2.160731
v -0.065563 1.739758 -2.160731
v -1.493156 1.739758 -2.160731
v -4.348341 1.582808 -2.160731
v -2.920749 1.582808 -2.160731
v -2.920749 1.739758 -2.160731
v -4.348342 1.739758 -2.160731
v 1.465189 1.448005 -4.588140
v 1.465189 1.448005 -5.716972
v 1.465189 1.739759 -5.716971
v 1.465189 1.739759 -4.588140
v -0.137835 1.448005 -7.202439
v -1.493156 1.448005 -7.202439
v -1.493156 1.739759 -7.202438
v -0.137835 1.739759 -7.202438
v -9.914663 0.368192 -7.202438
v -9.914663 1.385623 -7.202438
v -8.775169 1.385623 -7.202438
v -8.775169 0.368192 -7.202438
v -10.058712 1.582808 -2.160731
v -10.058712 1.582808 -1.080365
v -10.058712 1.582808 0.000001
v -8.631121 1.582808 0.000000
v -8.631121 1.582808 -2.160731
v -7.203527 1.582808 0.000000
v -7.203527 1.582808 -2.160731
v -5.775934 1.582808 0.000000
v -5.775934 1.582808 -2.160731
v -4.348341 1.582808 0.000000
v -4.348341 1.582808 -2.160731
v -2.920749 1.582808 0.000000
v -2.920749 1.582808 -2.160731
v -5.775934 1.582808 -2.160731
v -5.775934 1.739758 -2.160731
v -8.631121 1.448006 -11.524437
v -8.631121 1.448006 -9.846523
v -8.631121 1.739760 -9.846523
v -8.631121 1.739760 -11.524437
v -7.203527 1.582808 -2.160731
v -7.203527 1.739758 -2.160731
v -3.040785 1.448006 -11.524438
v -4.388354 1.448006 -11.524438
v -4.388354 1.739760 -11.524438
v -3.040785 1.739760 -11.524438
v -10.058712 1.448005 -7.202438
v -10.058712 1.448005 -5.942011
v -10.058712 1.739759 -5.942010
v -10.058712 1.739759 -7.202437
v -0.065563 1.739758 -2.160731
v 1.335449 1.739758 -2.196847
v 1.470208 1.739758 -2.200321
v 1.397854 1.739758 -2.092035
v 0.000000 1.739758 0.000000
v 1.470208 0.142320 -2.200321
v 1.465190 0.142321 -3.459308
v 1.465189 0.142321 -4.588140
v 1.465189 0.142321 -5.716972
v 1.465190 1.448005 -3.459308
v 1.259105 0.142321 -7.202439
v -0.137835 0.142321 -7.202439
v 1.259105 1.448005 -7.202439
v 1.465189 1.448005 -6.996355
v 1.465189 1.739759 -6.996355
v 1.465189 0.142321 -6.996355
v 1.259105 1.739759 -7.202438
v -10.058712 0.142321 -7.202438
v -10.058712 1.448005 -7.202438
v -8.631121 0.142321 -7.202438
v -1.493156 0.142321 -7.202439
v -8.631121 1.448005 -7.202438
v -8.631121 1.582808 -2.160731
v -8.631121 1.739758 -2.160731
v -5.735922 1.448006 -11.524438
v -5.735922 1.739760 -11.524438
v -10.058712 0.368191 -1.137985
v -10.058712 1.385622 -1.137985
v -10.058712 1.385622 -2.103112
v -10.058712 0.368191 -2.103112
v -10.058712 0.142320 -1.080365
v -10.058712 0.142320 0.000001
v -10.058712 1.448004 0.000001
v -10.058712 0.142321 -3.421158
v -10.058712 0.142320 -2.160731
v -10.058712 1.448004 -2.160731
v -10.058712 1.448005 -3.421158
v -10.058712 1.448005 -4.681585
v -10.058712 0.142321 -5.942011
v -10.058712 0.142321 -4.681585
v -10.058712 1.448004 -1.080365
v -10.058712 0.142321 -7.202438
v 1.470208 0.142320 -2.200321
v 1.470208 0.368191 -2.200321
v 1.697021 0.368191 -2.035770
v -10.058712 1.582808 -2.160731
v -10.058712 1.739758 -2.160731
v -7.083491 1.448006 -11.524438
v -7.083491 1.739760 -11.524438
v -8.295086 0.368193 -11.524437
v -8.295086 1.385624 -11.524437
v -7.137880 1.385624 -11.524438
v -7.137881 0.368193 -11.524438
v -7.029101 0.368193 -11.524438
v -7.029101 1.385624 -11.524438
v -5.790311 1.385624 -11.524438
v -5.790311 0.368193 -11.524438
v -5.681532 0.368193 -11.524438
v -5.681532 1.385624 -11.524438
v -4.442744 1.385624 -11.524438
v -4.442744 0.368193 -11.524438
v -4.333964 0.368193 -11.524438
v -4.333964 1.385624 -11.524438
v -3.095175 1.385624 -11.524438
v -3.095175 0.368193 -11.524438
v -2.986395 0.368193 -11.524438
v -2.986395 1.385624 -11.524438
v -1.829190 1.385624 -11.524438
v -1.829190 0.368193 -11.524438
v -1.719074 1.448006 -11.524438
v -1.719074 0.142322 -11.524438
v -4.388354 0.142322 -11.524438
v -5.735922 0.142322 -11.524438
v -7.083491 0.142322 -11.524438
v -8.631121 0.142322 -11.524437
v -8.631121 1.448006 -11.524437
v -1.493156 1.448006 -9.846524
v -1.493156 1.448006 -11.298520
v -1.493156 1.739760 -11.298520
v -1.493156 1.739760 -9.846524
v -3.040785 0.142322 -11.524438
v -8.631121 1.739760 -11.524437
v 1.470208 0.368191 -2.200321
v -1.719074 1.739760 -11.524438
v -8.631121 1.385624 -10.141391
v -8.631121 0.368193 -10.141391
v -8.631121 0.142322 -9.846523
v -1.493156 0.368193 -11.140081
v -1.493156 1.385624 -11.140081
v -1.493156 1.385624 -10.019006
v -1.493156 0.368193 -10.019006
v -10.058712 1.739759 -4.681584
v -10.058712 1.739759 -3.421158
v -1.493156 0.142322 -11.298520
v -10.058712 1.582808 -2.160731
v -10.058712 1.739758 -2.160731
v -8.631121 1.385624 -11.380388
v -8.631121 0.368193 -11.380388
v -8.631121 1.448005 -7.202438
v -1.493156 1.448005 -7.202439
v -1.493156 1.448005 -6.538846
v -8.631121 1.448005 -6.538846
v -1.493156 0.142322 -9.846524
v -10.058712 1.739759 -7.202437
v -8.631121 1.739759 -7.202437
v 1.465190 1.739759 -3.459308
v 1.829292 1.739758 -1.779262
v 2.221367 1.739758 -1.398228
v 2.430203 1.739758 -1.086830
v 2.367195 1.739758 -1.180783
v 2.667529 1.739758 -0.557527
v 2.753514 1.739758 0.000000
v 2.746556 1.739758 -0.056287
v 2.488751 0.142320 -1.241452
v 2.488751 0.368191 -1.241452
v 2.554872 0.142320 -1.142612
v -1.493156 1.582808 -2.160731
v 1.469726 1.448004 -2.335124
v 1.923834 0.142320 -1.871219
v 1.923834 0.368191 -1.871219
v 2.335722 0.368191 -1.470207
v 2.335722 0.142320 -1.470207
v -6.659961 0.142322 -9.678493
v -6.659961 0.142322 -9.625997
v -6.659961 -0.000000 -9.678493
v -8.631121 0.142322 -11.524437
v 2.488751 1.448004 -1.241452
v 2.335722 1.448004 -1.470207
v 3.831432 1.448004 -1.616633
v 4.069123 1.448004 -1.322732
v 2.850313 1.739758 -0.070876
v 2.846123 1.739758 0.000000
v 4.423405 1.739758 0.000000
v 4.408010 1.739758 -0.289044
v 2.554872 1.448004 -1.142612
v 4.251388 1.448004 -1.022097
v 2.886597 1.448004 -0.059160
v 2.803772 1.448004 -0.586015
v 4.421650 1.448004 -0.653394
v 4.514007 1.448004 -0.310007
v 1.896893 1.739758 -1.859652
v 2.302258 1.739758 -1.465701
v 3.752278 1.739758 -1.547605
v 3.503284 1.739758 -1.792674
v 3.503284 1.817672 -1.792674
v 3.752278 1.817672 -1.547605
v 3.830181 1.817672 -1.617926
v 3.570928 1.817672 -1.873092
v 1.470208 1.739758 -2.200321
v 1.335449 1.739758 -2.196847
v 1.470208 1.448004 -2.200321
v 1.470208 1.739758 -2.200321
v 1.470208 1.448004 -2.200321
v -10.058712 1.582808 0.000001
v -10.058712 1.582808 -1.080365
v 2.803772 1.385622 -0.586015
v 2.554872 1.385622 -1.142612
v 2.554872 1.448004 -1.142612
v 2.803772 1.448004 -0.586015
v 1.923834 1.385622 -1.871219
v 1.697021 1.385622 -2.035770
v 1.470208 1.448004 -2.200321
v 1.923834 1.448004 -1.871219
v 2.335722 1.385622 -1.470207
v 2.335722 1.448004 -1.470207
v 2.886597 1.385622 -0.059161
v 2.886597 1.448004 -0.059160
v 2.488751 1.385622 -1.241452
v 2.488751 1.448004 -1.241452
v 1.470208 1.385622 -2.200321
v 2.803772 1.385622 -0.586015
v 2.886597 1.385622 -0.059161
v 2.829071 1.385622 -0.059161
v 2.746246 1.385622 -0.586015
v 1.923834 1.448004 -1.871219
v 1.470208 1.448004 -2.200321
v 2.833323 1.448004 -2.200321
v 3.100523 1.448004 -2.151645
v 3.345387 1.448004 -2.034131
v 3.569941 1.448004 -1.871219
v 1.470208 1.385622 -2.200321
v 1.465189 1.448005 -6.996355
v 1.465189 0.142321 -6.996355
v 1.259105 0.142321 -7.202439
v 1.259105 1.448005 -7.202439
v 1.465189 1.739759 -6.996355
v 1.259105 1.739759 -7.202438
v 2.893890 0.142320 0.000000
v 2.886597 0.142320 -0.059160
v 2.893890 1.385622 0.000000
v 2.893890 1.448004 0.000000
v 2.522161 1.739758 -1.137801
v 2.768838 1.739758 -0.587642
v 4.320436 1.739758 -0.615194
v 4.158483 1.739758 -0.970415
v 2.886597 1.385622 -0.059161
v 2.886597 0.142320 -0.059160
v 2.829071 0.142320 -0.059160
v 2.829071 1.385622 -0.059161
v -1.493156 1.448006 -11.298520
v -1.493156 0.142322 -11.298520
v -1.719074 0.142322 -11.524438
v -1.719074 1.448006 -11.524438
v -1.719074 1.739760 -11.524438
v -1.493156 1.739760 -11.298520
v -1.713685 1.739760 -9.625997
v -1.949348 1.739760 -9.625997
v -1.949348 1.448006 -9.625997
v -1.713685 1.448006 -9.625997
v 3.831432 1.448004 -1.616633
v 3.569941 1.448004 -1.871219
v 3.570928 1.739758 -1.873092
v 3.830181 1.739758 -1.617926
v 4.069123 1.448004 -1.322732
v 4.068434 1.739758 -1.320420
v 4.421650 1.448004 -0.653394
v 4.251388 1.448004 -1.022097
v 4.251236 1.739758 -1.019513
v 4.419363 1.739758 -0.650750
v 4.514007 1.448004 -0.310007
v 4.511629 1.739758 -0.307133
v 3.982420 1.817672 -1.260228
v 4.158483 1.817672 -0.970415
v 4.251236 1.817672 -1.019513
v 4.068434 1.817672 -1.320420
v 4.539997 1.448004 0.000000
v 4.537285 1.739758 0.000000
v 2.454204 1.739758 -1.239134
v 3.982420 1.739758 -1.260228
v 1.519753 1.739758 -2.092083
v 3.295354 1.739758 -1.941495
v 2.826221 1.739758 -2.092083
v 2.893890 1.448004 0.000000
v 4.539997 1.448004 0.000000
v 3.345387 1.448004 -2.034131
v 3.348707 1.739758 -2.032140
v 3.070798 1.739758 -2.047978
v 4.320436 1.817672 -0.615194
v 4.419363 1.817672 -0.650750
v 3.100523 1.448004 -2.151645
v 3.103100 1.739758 -2.148606
v 2.833323 1.448004 -2.200321
v 2.835591 1.739758 -2.196847
v 1.470208 1.448004 -2.200321
v 1.335449 1.739758 -2.196847
v 2.746246 1.331821 -0.586015
v 2.820716 1.331821 -0.112309
v 2.764276 1.331821 -0.112309
v 2.689806 1.331821 -0.586015
v 2.689806 1.186417 -0.586015
v 2.462868 1.186417 -1.093498
v 2.462868 1.331821 -1.093498
v 2.689806 1.331821 -0.586015
v 2.554872 1.385622 -1.142612
v 2.497345 1.385622 -1.142612
v 2.554872 0.142320 -1.142612
v 2.554872 1.385622 -1.142612
v 2.497345 1.385622 -1.142612
v 2.497345 0.142320 -1.142612
v -1.713685 1.739760 -9.625997
v -1.713685 1.448006 -9.625997
v -1.493156 1.448006 -9.846524
v -1.493156 1.739760 -9.846524
v -8.410591 1.448006 -9.625996
v -8.410591 1.739760 -9.625996
v -8.631121 1.739760 -9.846523
v -8.631121 1.448006 -9.846523
v -1.713685 0.142322 -9.625997
v -1.493156 0.142322 -9.846524
v -8.410591 0.142322 -9.625996
v -8.631121 0.142322 -9.846523
v -8.174929 1.739760 -9.625996
v -8.410591 1.739760 -9.625996
v -8.410591 1.448006 -9.625996
v -8.174929 1.448006 -9.625996
v -1.493156 1.448005 -7.202439
v -1.493156 0.142321 -7.202439
v -1.493156 0.142321 -6.538846
v -1.493156 1.448005 -6.538846
v -8.631121 0.142321 -7.202438
v -8.631121 1.448005 -7.202438
v -8.631121 1.448005 -6.538846
v -8.631121 0.142321 -6.538846
v -1.650132 1.425833 -6.538846
v -3.278376 1.425833 -6.538846
v -3.199702 1.582809 -6.538846
v -1.493156 1.582809 -6.538846
v -1.650132 0.142321 -6.538846
v -1.493156 0.142321 -6.538846
v -8.474144 1.425833 -6.538846
v -8.474144 0.142321 -6.538846
v -8.631121 0.142321 -6.538846
v -8.631121 1.582809 -6.538846
v -3.433894 1.425833 -6.538846
v -4.988255 1.425833 -6.538846
v -4.988255 1.582809 -6.538846
v -3.355592 1.582809 -6.538846
v -5.136020 1.425833 -6.538846
v -6.690382 1.425833 -6.538846
v -6.768683 1.582809 -6.538846
v -5.136021 1.582809 -6.538846
v -6.845900 1.425833 -6.538846
v -6.924573 1.582809 -6.538846
v -3.433894 1.425833 -6.538846
v -3.433744 0.142321 -6.538846
v -3.433744 0.142321 -6.468196
v -3.433894 1.425833 -6.468196
v -6.690531 0.142321 -6.538846
v -6.690382 1.425833 -6.538846
v -6.690382 1.425833 -6.468196
v -6.690531 0.142321 -6.468196
v -3.433744 0.142321 -6.538846
v -3.278525 0.142321 -6.538846
v -5.136020 0.142321 -6.538846
v -4.988254 0.142321 -6.538846
v -6.845751 0.142321 -6.538846
v -6.690531 0.142321 -6.538846
v -6.845900 1.425833 -6.538846
v -6.845751 0.142321 -6.538846
v -6.845751 0.142321 -6.468196
v -6.845900 1.425833 -6.468196
v -3.464314 1.739760 -9.625997
v -4.985735 1.739760 -9.625997
v -4.985735 1.448006 -9.625997
v -3.464314 1.448006 -9.625997
v -8.410591 0.142322 -9.625996
v -8.174929 0.142322 -9.625996
v -1.949348 1.448006 -9.625997
v -3.311509 1.448006 -9.625997
v -3.311509 1.582810 -9.678493
v -1.949348 1.582810 -9.678493
v -5.138541 1.739760 -9.625997
v -6.659961 1.739760 -9.625997
v -6.659961 1.448006 -9.625997
v -5.138541 1.448006 -9.625997
v -8.174929 1.448006 -9.625996
v -8.174929 0.142322 -9.625996
v -8.174929 0.142322 -9.678492
v -8.174929 1.582810 -9.678492
v -3.464314 0.142322 -9.625997
v -3.311509 0.142322 -9.625997
v -3.311509 1.448006 -9.625997
v -5.138540 0.142322 -9.625997
v -4.985734 0.142322 -9.625997
v -6.812768 1.448006 -9.625997
v -6.812768 0.142322 -9.625997
v -6.659961 0.142322 -9.625997
v -3.311509 1.739760 -9.625997
v -6.812768 1.739760 -9.625997
v -1.949348 0.142322 -9.625997
v -1.713685 0.142322 -9.625997
v -5.138541 1.448006 -9.625997
v -6.659961 1.448006 -9.625997
v -6.659961 1.582810 -9.678493
v -5.138541 1.582810 -9.678493
v -1.949348 1.582810 -9.678493
v -3.311509 1.582810 -9.678493
v -3.311509 0.142322 -9.678493
v -1.949348 0.142322 -9.678493
v -3.464314 1.582810 -9.678493
v -4.985735 1.582810 -9.678493
v -4.985734 0.142322 -9.678493
v -3.464314 0.142322 -9.678493
v -5.138541 1.582810 -9.678493
v -6.659961 1.582810 -9.678493
v -6.659961 0.142322 -9.678493
v -5.138540 0.142322 -9.678493
v -6.812768 1.582810 -9.678493
v -8.174929 1.582810 -9.678492
v -8.174929 0.142322 -9.678492
v -6.812768 0.142322 -9.678493
v -1.949348 0.142322 -9.625997
v -1.949348 1.448006 -9.625997
v -1.949348 1.582810 -9.678493
v -1.949348 0.142322 -9.678493
v -4.985735 1.448006 -9.625997
v -4.985734 0.142322 -9.625997
v -4.985734 0.142322 -9.678493
v -4.985735 1.582810 -9.678493
v -3.464314 1.448006 -9.625997
v -4.985735 1.448006 -9.625997
v -4.985735 1.582810 -9.678493
v -3.464314 1.582810 -9.678493
v -3.464314 0.142322 -9.625997
v -3.464314 1.448006 -9.625997
v -3.464314 1.582810 -9.678493
v -3.464314 0.142322 -9.678493
v -6.812768 0.142322 -9.625997
v -6.812768 1.448006 -9.625997
v -6.812768 1.582810 -9.678493
v -6.812768 0.142322 -9.678493
v -3.311509 1.448006 -9.625997
v -3.311509 0.142322 -9.625997
v -3.311509 0.142322 -9.678493
v -3.311509 1.582810 -9.678493
v -6.812768 1.448006 -9.625997
v -8.174929 1.448006 -9.625996
v -8.174929 1.582810 -9.678492
v -6.812768 1.582810 -9.678493
v -6.659961 1.448006 -9.625997
v -6.659961 1.582810 -9.678493
v -5.138540 0.142322 -9.625997
v -5.138541 1.448006 -9.625997
v -5.138541 1.582810 -9.678493
v -5.138540 0.142322 -9.678493
v -3.433744 0.142321 -6.468196
v -4.988254 0.142321 -6.468196
v -4.988255 1.425833 -6.468196
v -3.433894 1.425833 -6.468196
v -5.136020 0.142321 -6.468196
v -6.690531 0.142321 -6.468196
v -6.690382 1.425833 -6.468196
v -5.136020 1.425833 -6.468196
v -6.845751 0.142321 -6.468196
v -8.474144 0.142321 -6.468196
v -8.474144 1.425833 -6.468196
v -6.845900 1.425833 -6.468196
v -1.650132 0.142321 -6.468197
v -3.278525 0.142321 -6.468196
v -3.278376 1.425833 -6.468196
v -1.650132 1.425833 -6.468197
v -8.474144 1.425833 -6.538846
v -6.845900 1.425833 -6.538846
v -6.845900 1.425833 -6.468196
v -8.474144 1.425833 -6.468196
v -3.278525 0.142321 -6.538846
v -3.278376 1.425833 -6.538846
v -3.278376 1.425833 -6.468196
v -3.278525 0.142321 -6.468196
v -1.650132 1.425833 -6.538846
v -1.650132 0.142321 -6.538846
v -1.650132 0.142321 -6.468197
v -1.650132 1.425833 -6.468197
v -3.278376 1.425833 -6.538846
v -1.650132 1.425833 -6.538846
v -1.650132 1.425833 -6.468197
v -3.278376 1.425833 -6.468196
v -8.474144 0.142321 -6.538846
v -8.474144 1.425833 -6.538846
v -8.474144 1.425833 -6.468196
v -8.474144 0.142321 -6.468196
v -5.136020 1.425833 -6.538846
v -5.136020 0.142321 -6.538846
v -5.136020 0.142321 -6.468196
v -5.136020 1.425833 -6.468196
v -4.988255 1.425833 -6.538846
v -3.433894 1.425833 -6.538846
v -3.433894 1.425833 -6.468196
v -4.988255 1.425833 -6.468196
v -4.988254 0.142321 -6.538846
v -4.988255 1.425833 -6.538846
v -4.988255 1.425833 -6.468196
v -4.988254 0.142321 -6.468196
v -6.690382 1.425833 -6.538846
v -5.136020 1.425833 -6.538846
v -5.136020 1.425833 -6.468196
v -6.690382 1.425833 -6.468196
v 2.554872 -0.000000 -1.142612
v 2.488751 -0.000000 -1.241452
v 2.335722 -0.000000 -1.470207
v -8.631121 0.000000 -9.846523
v -8.410591 -0.000000 -9.625996
v -5.138540 -0.000000 -9.625997
v -4.985734 -0.000000 -9.625997
v -8.474144 -0.000000 -6.468196
v -8.474144 -0.000000 -6.538846
v -0.137835 0.142321 -7.202439
v -1.493156 0.142321 -7.202439
v -1.493156 -0.000000 -7.202439
v -3.433744 -0.000000 -6.538846
v -10.058712 0.142321 -5.942011
v -10.058712 0.142321 -4.681585
v -10.058712 0.000000 -4.681585
v -10.058712 -0.000000 -5.942011
v 1.465189 0.000000 -5.716972
v 1.465189 -0.000000 -6.996355
v -4.985734 -0.000000 -9.678493
v -3.040785 0.142322 -11.524438
v -4.388354 0.142322 -11.524438
v -4.388354 0.000000 -11.524438
v -3.040785 0.000000 -11.524438
v -6.690531 -0.000000 -6.538846
v -5.735922 0.142322 -11.524438
v -7.083491 0.142322 -11.524438
v -7.083491 0.000000 -11.524438
v -5.735922 0.000000 -11.524438
v -3.433744 -0.000000 -6.468196
v -1.949348 -0.000000 -9.678493
v -6.812768 -0.000000 -9.625997
v -6.659961 -0.000000 -9.625997
v 2.829071 0.000000 -0.059160
v -1.493156 -0.000000 -6.538846
v 1.465190 0.142321 -3.459308
v 1.465189 0.142321 -4.588140
v 1.465189 0.000000 -4.588140
v 1.465190 -0.000000 -3.459308
v -3.278525 -0.000000 -6.538846
v -8.631121 -0.000000 -6.538846
v -1.650132 -0.000000 -6.468197
v -3.311509 -0.000000 -9.678493
v -10.058712 0.142320 -1.080365
v -10.058712 0.142320 0.000001
v -10.058712 -0.000000 0.000001
v -10.058712 0.000000 -1.080365
v -8.631121 0.142322 -11.524437
v -8.631121 0.000000 -11.524437
v -4.988254 -0.000000 -6.538846
v -5.136020 -0.000000 -6.538846
v -1.650132 -0.000000 -6.538846
v 1.259105 -0.000000 -7.202439
v -1.493156 0.142322 -9.846524
v -1.493156 0.142322 -11.298520
v -1.493156 0.000000 -9.846524
v -1.493156 0.142322 -11.298520
v -1.719074 0.142322 -11.524438
v -1.493156 0.000000 -11.298520
v -3.464314 -0.000000 -9.678493
v -6.812768 -0.000000 -9.678493
v -3.278525 -0.000000 -6.468196
v -1.949348 -0.000000 -9.625997
v -1.713685 -0.000000 -9.625997
v 1.923834 -0.000000 -1.871219
v 1.470208 0.000000 -2.200321
v 1.470208 0.142320 -2.200321
v -4.988254 -0.000000 -6.468196
v 2.335722 0.142320 -1.470207
v 1.923834 0.142320 -1.871219
v 1.465189 0.142321 -5.716972
v -1.719074 0.142322 -11.524438
v -1.719074 0.000000 -11.524438
v -5.136020 -0.000000 -6.468196
v -6.690531 -0.000000 -6.468196
v -8.174929 -0.000000 -9.678492
v 2.893890 0.000000 -0.000000
v 2.886597 0.000000 -0.059160
v -10.058712 0.142320 -2.160731
v -10.058712 -0.000000 -2.160731
v -3.464314 -0.000000 -9.625997
v -3.311509 -0.000000 -9.625997
v -0.137835 -0.000000 -7.202439
v -10.058712 0.142321 -7.202438
v -10.058712 -0.000000 -7.202438
v -8.631121 0.142322 -11.524437
v -8.631121 0.142322 -9.846523
v -10.058712 0.142321 -3.421158
v -10.058712 0.000000 -3.421158
v -8.631121 0.142321 -7.202438
v -10.058712 0.142321 -7.202438
v -8.631121 -0.000000 -7.202438
v 2.519308 0.142320 -1.093498
v 2.462868 0.142320 -1.093498
v -6.845751 -0.000000 -6.538846
v -6.845751 -0.000000 -6.468196
v -5.138540 -0.000000 -9.678493
v -8.174929 -0.000000 -9.625996
v 2.746246 1.331821 -0.586015
v 2.519308 1.331821 -1.093498
v 2.497345 1.385622 -1.142612
v 2.746246 1.385622 -0.586015
v 2.820716 1.331821 -0.112309
v 2.829071 1.385622 -0.059161
v 2.764276 1.136280 -0.112309
v 2.820716 1.136280 -0.112309
v 2.820716 0.142320 -0.112309
v 2.764276 0.142320 -0.112309
v 2.741266 1.186417 -0.586015
v 2.820716 1.186417 -0.112309
v 2.820716 1.136280 -0.112309
v 2.741266 1.136280 -0.586015
v 2.519308 1.186417 -1.093498
v 2.519308 1.136280 -1.093498
v 2.519308 0.142320 -1.093498
v 2.497345 0.142320 -1.142612
v 2.519308 1.136280 -1.093498
v 2.462868 1.136280 -1.093498
v 2.820716 0.142320 -0.112309
v 2.829071 0.142320 -0.059160
v 2.519308 -0.000000 -1.093498
v 2.497345 -0.000000 -1.142612
v 2.462868 0.142320 -1.093498
v 2.689806 0.142320 -0.586015
v 2.462868 -0.000000 -1.093498
v 2.764276 0.142320 -0.112309
v 2.820716 -0.000000 -0.112309
v 2.519308 1.331821 -1.093498
v 2.462868 1.331821 -1.093498
v 2.689806 1.136280 -0.586015
v 2.764276 1.136280 -0.112309
v 2.764276 1.186417 -0.112309
v 2.764276 1.331821 -0.112309
v 2.462868 1.186417 -1.093498
v 2.519308 1.186417 -1.093498
v 2.519308 1.331821 -1.093498
v 2.462868 1.331821 -1.093498
v 2.462868 1.136280 -1.093498
v 2.689806 1.136280 -0.586015
v 2.462868 1.136280 -1.093498
v 2.519308 1.136280 -1.093498
v 2.741266 1.136280 -0.586015
v 2.820716 1.331821 -0.112309
v 2.820716 1.186417 -0.112309
v 2.764276 1.186417 -0.112309
v 2.764276 1.331821 -0.112309
v 2.764276 1.136280 -0.112309
v 2.820716 1.136280 -0.112309
v 2.689806 1.186417 -0.586015
v 2.764276 1.186417 -0.112309
v 2.820716 1.186417 -0.112309
v 2.741266 1.186417 -0.586015
v 2.462868 1.186417 -1.093498
v 2.519308 1.186417 -1.093498
v 4.408010 1.817672 -0.289044
v 4.423405 1.817672 0.000000
v 4.537285 1.817672 0.000000
v 4.511629 1.817672 -0.307133
v 2.826221 1.739758 -2.092083
v 3.070798 1.739758 -2.047978
v 3.070798 1.817672 -2.047978
v 2.826221 1.817672 -2.092083
v 4.419363 1.817672 -0.650750
v 4.511629 1.817672 -0.307133
v 1.335449 1.817672 -2.196847
v 2.835591 1.817672 -2.196847
v 4.251236 1.817672 -1.019513
v 3.295354 1.739758 -1.941495
v 3.295354 1.817672 -1.941495
v 4.320436 1.739758 -0.615194
v 4.408010 1.739758 -0.289044
v 4.408010 1.817672 -0.289044
v 4.320436 1.817672 -0.615194
v 3.103100 1.817672 -2.148606
v 3.752278 1.739758 -1.547605
v 3.982420 1.739758 -1.260228
v 3.982420 1.817672 -1.260228
v 3.752278 1.817672 -1.547605
v 3.348707 1.817672 -2.032140
v 3.830181 1.817672 -1.617926
v 4.068434 1.817672 -1.320420
v 3.070798 1.817672 -2.047978
v 3.295354 1.817672 -1.941495
v 3.348707 1.817672 -2.032140
v 3.103100 1.817672 -2.148606
v 2.826221 1.817672 -2.092083
v 2.835591 1.817672 -2.196847
v 1.519753 1.817672 -2.092083
v 1.335449 1.817672 -2.196847
v 3.570928 1.817672 -1.873092
v 1.335449 1.739758 -2.196847
v 1.519753 1.739758 -2.092083
v 1.519753 1.817672 -2.092083
v 1.335449 1.817672 -2.196847
v 3.503284 1.739758 -1.792674
v 3.503284 1.817672 -1.792674
v 4.158483 1.739758 -0.970415
v 4.158483 1.817672 -0.970415
v 4.537285 1.817672 0.000000
v 4.423405 1.739758 0.000000
v 4.423405 1.817672 0.000000
v -10.058712 0.368190 5.999632
v -10.058712 0.368190 7.058391
v -10.058712 1.385621 7.058391
v -10.058712 1.385621 5.999632
v -0.084281 0.368190 7.202439
v 1.037768 0.368190 7.202439
v 1.037768 1.385621 7.202439
v -0.084281 1.385621 7.202439
v 1.465190 0.368190 3.407704
v 1.465190 0.368191 2.459486
v 1.465190 1.385622 2.459486
v 1.465190 1.385621 3.407704
v -10.058712 0.368191 0.052552
v -10.058712 0.368191 1.022747
v -10.058712 1.385622 1.022747
v -10.058712 1.385622 0.052552
v -1.330786 0.368190 7.202439
v -0.191386 0.368190 7.202439
v -0.191386 1.385621 7.202439
v -1.330786 1.385621 7.202439
v 1.465190 0.368190 6.716795
v 1.465190 0.368190 5.768576
v 1.465190 1.385621 5.768576
v 1.465190 1.385621 6.716795
v 1.465190 0.368190 5.665367
v 1.465190 0.368190 4.639744
v 1.465190 1.385621 4.639744
v 1.465190 1.385621 5.665367
v 1.465190 0.368190 4.536536
v 1.465190 0.368190 3.510912
v 1.465190 1.385621 3.510912
v 1.465190 1.385621 4.536536
v -10.058712 0.368191 2.218351
v -10.058712 0.368190 3.363539
v -10.058712 1.385621 3.363539
v -10.058712 1.385622 2.218351
v -10.058712 0.368190 3.478779
v -10.058712 0.368190 4.623966
v -10.058712 1.385621 4.623966
v -10.058712 1.385621 3.478779
v -10.058712 0.368190 4.739205
v -10.058712 0.368190 5.884393
v -10.058712 1.385621 5.884393
v -10.058712 1.385621 4.739205
v -1.493156 1.582808 2.160732
v -1.493156 1.739758 2.160732
v -0.065563 1.739758 2.160732
v -4.348341 1.582808 2.160732
v -4.348342 1.739758 2.160732
v -2.920749 1.739758 2.160732
v -2.920749 1.582808 2.160732
v 1.465190 1.448003 4.588140
v 1.465190 1.739757 4.588140
v 1.465190 1.739757 5.716972
v 1.465190 1.448003 5.716972
v -0.137834 1.448003 7.202439
v -0.137834 1.739757 7.202439
v -1.493155 1.739757 7.202439
v -1.493155 1.448003 7.202439
v -9.914663 0.368190 7.202440
v -8.775169 0.368190 7.202440
v -8.775169 1.385621 7.202440
v -9.914663 1.385621 7.202440
v -10.058712 1.582808 2.160732
v -8.631121 1.582808 2.160732
v -10.058712 1.582808 1.080366
v -7.203527 1.582808 2.160732
v -5.775934 1.582808 2.160732
v -4.348341 1.582808 2.160732
v -2.920749 1.582808 2.160732
v -5.775934 1.582808 2.160732
v -5.775934 1.739758 2.160732
v -8.631119 1.448002 11.524438
v -8.631119 1.739756 11.524438
v -8.631119 1.739756 9.846525
v -8.631119 1.448002 9.846525
v -7.203527 1.582808 2.160732
v -7.203527 1.739758 2.160732
v -3.040784 1.448002 11.524437
v -3.040784 1.739756 11.524437
v -4.388353 1.739756 11.524437
v -4.388353 1.448002 11.524437
v -10.058712 1.448003 7.202440
v -10.058712 1.739757 7.202440
v -10.058712 1.739757 5.942012
v -10.058712 1.448003 5.942012
v -0.065563 1.739758 2.160732
v 1.470208 1.739758 2.200322
v 1.335449 1.739758 2.196846
v 1.397854 1.739758 2.092036
v 1.465190 0.142319 3.459308
v 1.470208 0.142320 2.200322
v 1.465190 0.142319 5.716972
v 1.465190 0.142319 4.588140
v 1.465190 1.448003 3.459308
v -0.137834 0.142319 7.202439
v 1.259106 0.142319 7.202439
v 1.259106 1.448003 7.202439
v 1.465190 1.739757 6.996356
v 1.465190 1.448003 6.996355
v 1.465190 0.142319 6.996355
v 1.259106 1.739757 7.202439
v -10.058712 1.448003 7.202440
v -10.058712 0.142319 7.202440
v -8.631121 0.142319 7.202440
v -1.493155 0.142319 7.202439
v -8.631121 1.448003 7.202440
v -8.631121 1.582808 2.160732
v -8.631121 1.739758 2.160732
v -5.735921 1.739756 11.524437
v -5.735921 1.448002 11.524437
v -10.058712 0.368191 1.137986
v -10.058712 0.368191 2.103113
v -10.058712 1.385622 2.103113
v -10.058712 1.385622 1.137986
v -10.058712 0.142320 1.080366
v -10.058712 0.142320 2.160732
v -10.058712 0.142319 3.421159
v -10.058712 1.448004 2.160732
v -10.058712 1.448003 3.421159
v -10.058712 1.448003 4.681586
v -10.058712 0.142319 4.681586
v -10.058712 0.142319 5.942012
v -10.058712 1.448004 1.080366
v -10.058712 0.142319 7.202440
v 1.470208 0.142320 2.200322
v 1.697021 0.368191 2.035770
v 1.470208 0.368191 2.200322
v -10.058712 1.582808 2.160732
v -10.058712 1.739758 2.160732
v -7.083490 1.739756 11.524437
v -7.083490 1.448002 11.524437
v -8.295084 0.368189 11.524438
v -7.137880 0.368189 11.524437
v -7.137879 1.385620 11.524437
v -8.295084 1.385620 11.524438
v -7.029100 0.368189 11.524437
v -5.790310 0.368189 11.524437
v -5.790310 1.385620 11.524437
v -7.029100 1.385620 11.524437
v -5.681531 0.368189 11.524437
v -4.442743 0.368189 11.524437
v -4.442743 1.385620 11.524437
v -5.681531 1.385620 11.524437
v -4.333963 0.368189 11.524437
v -3.095174 0.368189 11.524437
v -3.095174 1.385620 11.524437
v -4.333963 1.385620 11.524437
v -2.986394 0.368189 11.524437
v -1.829189 0.368189 11.524437
v -1.829189 1.385620 11.524437
v -2.986394 1.385620 11.524437
v -1.719073 0.142318 11.524437
v -1.719073 1.448002 11.524437
v -5.735921 0.142318 11.524437
v -4.388353 0.142318 11.524437
v -8.631119 0.142318 11.524438
v -7.083490 0.142318 11.524437
v -8.631119 1.448002 11.524438
v -1.493155 1.448002 9.846524
v -1.493155 1.739756 9.846524
v -1.493155 1.739756 11.298519
v -1.493155 1.448002 11.298519
v -3.040784 0.142318 11.524437
v -8.631119 1.739756 11.524438
v 1.470208 0.368191 2.200322
v -1.719073 1.739756 11.524437
v -8.631119 1.385620 10.141392
v -8.631119 0.142318 9.846525
v -8.631119 0.368189 10.141392
v -1.493155 0.368189 11.140080
v -1.493155 0.368189 10.019005
v -1.493155 1.385620 10.019005
v -1.493155 1.385620 11.140080
v -10.058712 1.739757 4.681588
v -10.058712 1.739757 3.421159
v -1.493155 0.142318 11.298519
v -10.058712 1.739758 2.160732
v -10.058712 1.582808 2.160732
v -8.631119 1.385620 11.380389
v -8.631119 0.368189 11.380389
v -8.631121 1.448003 7.202440
v -8.631121 1.448003 6.538847
v -1.493155 1.448003 6.538846
v -1.493155 1.448003 7.202439
v -1.493155 0.142318 9.846524
v -8.631121 1.739757 7.202440
v -10.058712 1.739757 7.202440
v 1.465190 1.739757 3.459308
v 1.829292 1.739758 1.779262
v 2.221368 1.739758 1.398228
v 2.430203 1.739758 1.086830
v 2.367195 1.739758 1.180783
v 2.667529 1.739758 0.557527
v 2.746556 1.739758 0.056287
v 2.488751 0.142320 1.241452
v 2.554872 0.142320 1.142612
v 2.488751 0.368191 1.241452
v -1.493156 1.582808 2.160732
v 1.469726 1.448004 2.335124
v 1.923835 0.142320 1.871219
v 2.335722 0.142320 1.470207
v 2.335722 0.368191 1.470207
v 1.923835 0.368191 1.871219
v -6.659960 0.142318 9.678493
v -6.659960 0.142318 9.625996
v -8.631119 0.142318 11.524438
v 2.488751 1.448004 1.241452
v 4.069123 1.448004 1.322732
v 3.831432 1.448004 1.616633
v 2.335722 1.448004 1.470207
v 2.850313 1.739758 0.070876
v 4.408010 1.739758 0.289044
v 2.554872 1.448004 1.142612
v 4.251388 1.448004 1.022097
v 2.886597 1.448004 0.059160
v 4.514007 1.448004 0.310007
v 4.421650 1.448004 0.653394
v 2.803772 1.448004 0.586014
v 1.896894 1.739758 1.859652
v 3.503285 1.739758 1.792673
v 3.752279 1.739758 1.547605
v 2.302258 1.739758 1.465701
v 3.503285 1.817672 1.792673
v 3.570928 1.817672 1.873092
v 3.830181 1.817672 1.617926
v 3.752279 1.817672 1.547605
v 1.470208 1.739758 2.200322
v 1.335449 1.739758 2.196846
v 1.470208 1.739758 2.200322
v 1.470208 1.448004 2.200322
v 1.470208 1.448004 2.200322
v -10.058712 1.582808 1.080366
v 2.803772 1.385622 0.586014
v 2.803772 1.448004 0.586014
v 2.554872 1.448004 1.142612
v 2.554872 1.385622 1.142612
v 1.923835 1.385622 1.871219
v 1.923835 1.448004 1.871219
v 1.470208 1.448004 2.200322
v 1.697021 1.385622 2.035770
v 2.335722 1.385622 1.470207
v 2.335722 1.448004 1.470207
v 2.886597 1.385622 0.059161
v 2.886597 1.448004 0.059160
v 2.488751 1.385622 1.241452
v 2.488751 1.448004 1.241452
v 1.470208 1.385622 2.200322
v 2.803772 1.385622 0.586014
v 2.746246 1.385622 0.586014
v 2.829071 1.385622 0.059161
v 2.886597 1.385622 0.059161
v 1.923835 1.448004 1.871219
v 3.569941 1.448004 1.871219
v 3.345387 1.448004 2.034131
v 3.100523 1.448004 2.151645
v 2.833323 1.448004 2.200322
v 1.470208 1.448004 2.200322
v 1.470208 1.385622 2.200322
v 1.465190 1.448003 6.996355
v 1.259106 1.448003 7.202439
v 1.259106 0.142319 7.202439
v 1.465190 0.142319 6.996355
v 1.465190 1.739757 6.996356
v 1.259106 1.739757 7.202439
v 2.886597 0.142320 0.059160
v 2.522161 1.739758 1.137801
v 4.158484 1.739758 0.970415
v 4.320436 1.739758 0.615193
v 2.768838 1.739758 0.587642
v 2.886597 1.385622 0.059161
v 2.829071 1.385622 0.059161
v 2.829071 0.142320 0.059160
v 2.886597 0.142320 0.059160
v -1.493155 1.448002 11.298519
v -1.719073 1.448002 11.524437
v -1.719073 0.142318 11.524437
v -1.493155 0.142318 11.298519
v -1.493155 1.739756 11.298519
v -1.719073 1.739756 11.524437
v -1.713684 1.739756 9.625996
v -1.713684 1.448002 9.625996
v -1.949347 1.448002 9.625996
v -1.949347 1.739756 9.625996
v 3.831432 1.448004 1.616633
v 3.830181 1.739758 1.617926
v 3.570928 1.739758 1.873092
v 3.569941 1.448004 1.871219
v 4.069123 1.448004 1.322732
v 4.068434 1.739758 1.320420
v 4.421650 1.448004 0.653394
v 4.419363 1.739758 0.650750
v 4.251236 1.739758 1.019513
v 4.251388 1.448004 1.022097
v 4.514007 1.448004 0.310007
v 4.511629 1.739758 0.307133
v 3.982420 1.817672 1.260229
v 4.068434 1.817672 1.320420
v 4.251236 1.817672 1.019513
v 4.158484 1.817672 0.970415
v 3.982420 1.739758 1.260229
v 2.454204 1.739758 1.239134
v 1.519753 1.739758 2.092083
v 2.826221 1.739758 2.092083
v 3.295354 1.739758 1.941495
v 3.348707 1.739758 2.032140
v 3.345387 1.448004 2.034131
v 3.070798 1.739758 2.047978
v 4.419363 1.817672 0.650750
v 4.320436 1.817672 0.615193
v 3.103100 1.739758 2.148606
v 3.100523 1.448004 2.151645
v 2.835591 1.739758 2.196846
v 2.833323 1.448004 2.200322
v 1.470208 1.448004 2.200322
v 1.335449 1.739758 2.196846
v 2.746246 1.331821 0.586014
v 2.689806 1.331821 0.586014
v 2.764276 1.331821 0.112309
v 2.820716 1.331821 0.112309
v 2.689806 1.186417 0.586014
v 2.689806 1.331821 0.586014
v 2.462869 1.331821 1.093498
v 2.462869 1.186417 1.093498
v 2.554872 1.385622 1.142612
v 2.497345 1.385622 1.142612
v 2.554872 0.142320 1.142612
v 2.497345 0.142320 1.142612
v 2.497345 1.385622 1.142612
v 2.554872 1.385622 1.142612
v -1.713684 1.739756 9.625996
v -1.493155 1.739756 9.846524
v -1.493155 1.448002 9.846524
v -1.713684 1.448002 9.625996
v -8.410589 1.448002 9.625997
v -8.631119 1.448002 9.846525
v -8.631119 1.739756 9.846525
v -8.410589 1.739756 9.625997
v -1.493155 0.142318 9.846524
v -1.713684 0.142318 9.625996
v -8.410591 0.142318 9.625997
v -8.631119 0.142318 9.846525
v -8.174927 1.739756 9.625997
v -8.174927 1.448002 9.625997
v -8.410589 1.448002 9.625997
v -8.410589 1.739756 9.625997
v -1.493155 1.448003 7.202439
v -1.493155 1.448003 6.538846
v -1.493155 0.142319 6.538846
v -1.493155 0.142319 7.202439
v -8.631121 0.142319 7.202440
v -8.631121 0.142319 6.538847
v -8.631121 1.448003 6.538847
v -8.631121 1.448003 7.202440
v -1.650131 1.425831 6.538846
v -1.493155 1.582807 6.538846
v -3.199701 1.582807 6.538846
v -3.278375 1.425831 6.538846
v -1.650131 0.142319 6.538846
v -1.493155 0.142319 6.538846
v -8.474144 1.425831 6.538847
v -8.631121 1.582807 6.538847
v -8.631121 0.142319 6.538847
v -8.474144 0.142319 6.538847
v -3.433893 1.425831 6.538846
v -3.355592 1.582807 6.538846
v -4.988255 1.582807 6.538846
v -4.988255 1.425831 6.538846
v -5.136020 1.425831 6.538846
v -5.136021 1.582807 6.538846
v -6.768683 1.582807 6.538846
v -6.690382 1.425831 6.538846
v -6.845900 1.425831 6.538846
v -6.924573 1.582807 6.538846
v -3.433893 1.425831 6.538846
v -3.433893 1.425831 6.468198
v -3.433743 0.142319 6.468198
v -3.433743 0.142319 6.538846
v -6.690531 0.142319 6.538846
v -6.690531 0.142319 6.468198
v -6.690382 1.425831 6.468198
v -6.690382 1.425831 6.538846
v -3.433743 0.142319 6.538846
v -3.278524 0.142319 6.538846
v -5.136020 0.142319 6.538846
v -4.988254 0.142319 6.538846
v -6.845751 0.142319 6.538846
v -6.690531 0.142319 6.538846
v -6.845900 1.425831 6.538846
v -6.845900 1.425831 6.468198
v -6.845751 0.142319 6.468198
v -6.845751 0.142319 6.538846
v -3.464314 1.739756 9.625996
v -3.464314 1.448002 9.625996
v -4.985734 1.448002 9.625996
v -4.985734 1.739756 9.625996
v -8.174927 0.142318 9.625997
v -8.410591 0.142318 9.625997
v -1.949347 1.448002 9.625996
v -1.949347 1.582806 9.678493
v -3.311508 1.582806 9.678493
v -3.311508 1.448002 9.625996
v -5.138540 1.739756 9.625996
v -5.138540 1.448002 9.625996
v -6.659960 1.448002 9.625996
v -6.659960 1.739756 9.625996
v -8.174927 1.448002 9.625997
v -8.174927 1.582806 9.678493
v -8.174927 0.142318 9.678493
v -8.174927 0.142318 9.625997
v -3.311508 1.448002 9.625996
v -3.311508 0.142318 9.625996
v -3.464314 0.142318 9.625996
v -4.985734 0.142318 9.625996
v -5.138539 0.142318 9.625996
v -6.812767 1.448002 9.625996
v -6.659960 0.142318 9.625996
v -6.812767 0.142318 9.625996
v -3.311508 1.739756 9.625996
v -6.812767 1.739756 9.625996
v -1.713684 0.142318 9.625996
v -1.949347 0.142318 9.625996
v -5.138540 1.448002 9.625996
v -5.138540 1.582806 9.678493
v -6.659960 1.582806 9.678493
v -6.659960 1.448002 9.625996
v -1.949347 1.582806 9.678493
v -1.949347 0.142318 9.678493
v -3.311508 0.142318 9.678493
v -3.311508 1.582806 9.678493
v -3.464314 1.582806 9.678493
v -3.464314 0.142318 9.678493
v -4.985734 0.142318 9.678493
v -4.985734 1.582806 9.678493
v -5.138540 1.582806 9.678493
v -5.138539 0.142318 9.678493
v -6.659960 0.142318 9.678493
v -6.659960 1.582806 9.678493
v -6.812767 1.582806 9.678493
v -6.812767 0.142318 9.678493
v -8.174927 0.142318 9.678493
v -8.174927 1.582806 9.678493
v -1.949347 0.142318 9.625996
v -1.949347 0.142318 9.678493
v -1.949347 1.582806 9.678493
v -1.949347 1.448002 9.625996
v -4.985734 1.448002 9.625996
v -4.985734 1.582806 9.678493
v -4.985734 0.142318 9.678493
v -4.985734 0.142318 9.625996
v -3.464314 1.448002 9.625996
v -3.464314 1.582806 9.678493
v -4.985734 1.582806 9.678493
v -4.985734 1.448002 9.625996
v -3.464314 0.142318 9.625996
v -3.464314 0.142318 9.678493
v -3.464314 1.582806 9.678493
v -3.464314 1.448002 9.625996
v -6.812767 0.142318 9.625996
v -6.812767 0.142318 9.678493
v -6.812767 1.582806 9.678493
v -6.812767 1.448002 9.625996
v -3.311508 1.448002 9.625996
v -3.311508 1.582806 9.678493
v -3.311508 0.142318 9.678493
v -3.311508 0.142318 9.625996
v -6.812767 1.448002 9.625996
v -6.812767 1.582806 9.678493
v -8.174927 1.582806 9.678493
v -8.174927 1.448002 9.625997
v -6.659960 1.448002 9.625996
v -6.659960 1.582806 9.678493
v -5.138539 0.142318 9.625996
v -5.138539 0.142318 9.678493
v -5.138540 1.582806 9.678493
v -5.138540 1.448002 9.625996
v -3.433743 0.142319 6.468198
v -3.433893 1.425831 6.468198
v -4.988255 1.425831 6.468198
v -4.988254 0.142319 6.468198
v -5.136020 0.142319 6.468198
v -5.136020 1.425831 6.468198
v -6.690382 1.425831 6.468198
v -6.690531 0.142319 6.468198
v -6.845751 0.142319 6.468198
v -6.845900 1.425831 6.468198
v -8.474144 1.425831 6.468198
v -8.474144 0.142319 6.468198
v -1.650131 0.142319 6.468197
v -1.650131 1.425831 6.468197
v -3.278375 1.425831 6.468198
v -3.278524 0.142319 6.468198
v -8.474144 1.425831 6.538847
v -8.474144 1.425831 6.468198
v -6.845900 1.425831 6.468198
v -6.845900 1.425831 6.538846
v -3.278524 0.142319 6.538846
v -3.278524 0.142319 6.468198
v -3.278375 1.425831 6.468198
v -3.278375 1.425831 6.538846
v -1.650131 1.425831 6.538846
v -1.650131 1.425831 6.468197
v -1.650131 0.142319 6.468197
v -1.650131 0.142319 6.538846
v -3.278375 1.425831 6.538846
v -3.278375 1.425831 6.468198
v -1.650131 1.425831 6.468197
v -1.650131 1.425831 6.538846
v -8.474144 0.142319 6.538847
v -8.474144 0.142319 6.468198
v -8.474144 1.425831 6.468198
v -8.474144 1.425831 6.538847
v -5.136020 1.425831 6.538846
v -5.136020 1.425831 6.468198
v -5.136020 0.142319 6.468198
v -5.136020 0.142319 6.538846
v -4.988255 1.425831 6.538846
v -4.988255 1.425831 6.468198
v -3.433893 1.425831 6.468198
v -3.433893 1.425831 6.538846
v -4.988254 0.142319 6.538846
v -4.988254 0.142319 6.468198
v -4.988255 1.425831 6.468198
v -4.988255 1.425831 6.538846
v -6.690382 1.425831 6.538846
v -6.690382 1.425831 6.468198
v -5.136020 1.425831 6.468198
v -5.136020 1.425831 6.538846
v 2.335722 0.000000 1.470207
v 2.488751 0.000000 1.241452
v -8.474144 0.000000 6.538847
v -8.474144 0.000000 6.468198
v -0.137834 0.142319 7.202439
v -1.493155 0.000000 7.202439
v -1.493155 0.142319 7.202439
v -3.433743 0.000000 6.538846
v -3.278524 0.000000 6.538846
v -10.058712 0.142319 5.942012
v -10.058712 0.000000 5.942012
v -10.058712 -0.000000 4.681586
v -10.058712 0.142319 4.681586
v 1.465190 0.000000 6.996355
v -4.985734 0.000000 9.678493
v -4.985734 0.000000 9.625996
v -3.040784 0.142318 11.524437
v -3.040784 -0.000000 11.524437
v -4.388353 -0.000000 11.524437
v -4.388353 0.142318 11.524437
v -6.690531 0.000000 6.538846
v -5.735921 0.142318 11.524437
v -5.735921 -0.000000 11.524437
v -7.083490 -0.000000 11.524437
v -7.083490 0.142318 11.524437
v -3.433743 0.000000 6.468198
v -1.949347 0.000000 9.678493
v -3.311508 0.000000 9.678493
v -6.659960 0.000000 9.625996
v -6.812767 0.000000 9.625996
v -5.136020 0.000000 6.538846
v -4.988254 0.000000 6.538846
v -1.493155 0.000000 6.538846
v -6.812767 0.000000 9.678493
v 1.465190 0.142319 3.459308
v 1.465190 0.000000 3.459308
v 1.465190 -0.000000 4.588140
v 1.465190 0.142319 4.588140
v -8.631121 0.000000 7.202440
v -8.631121 0.000000 6.538847
v -1.650131 0.000000 6.538846
v -10.058712 0.142320 1.080366
v -10.058712 -0.000000 1.080366
v -8.631119 0.142318 11.524438
v -1.493155 0.142318 9.846524
v -1.493155 0.142318 11.298519
v -1.493155 0.142318 11.298519
v -1.493155 -0.000000 11.298519
v -1.719073 -0.000000 11.524437
v -1.719073 0.142318 11.524437
v -3.464314 0.000000 9.678493
v -6.659960 0.000000 9.678493
v -8.174927 0.000000 9.678493
v -1.493155 -0.000000 9.846524
v -1.713684 0.000000 9.625996
v -3.278524 0.000000 6.468198
v -1.650131 0.000000 6.468197
v -1.949347 0.000000 9.625996
v 1.470208 -0.000000 2.200322
v 1.470208 0.142320 2.200322
v -4.988254 0.000000 6.468198
v 2.335722 0.142320 1.470207
v 1.923835 0.000000 1.871219
v 1.923835 0.142320 1.871219
v 1.465190 -0.000000 5.716972
v 1.465190 0.142319 5.716972
v 2.554872 0.000000 1.142612
v -1.719073 0.142318 11.524437
v -6.690531 0.000000 6.468198
v -5.136020 0.000000 6.468198
v 2.886597 -0.000000 0.059160
v -10.058712 0.142320 2.160732
v -10.058712 0.000000 2.160732
v -3.311508 0.000000 9.625996
v -3.464314 0.000000 9.625996
v -6.845751 0.000000 6.468198
v -0.137834 0.000000 7.202439
v 1.259106 0.000000 7.202439
v -10.058712 0.142319 7.202440
v -8.631119 0.142318 11.524438
v -8.631119 -0.000000 11.524438
v -8.631119 -0.000000 9.846525
v -8.631119 0.142318 9.846525
v -10.058712 0.142319 3.421159
v -10.058712 -0.000000 3.421159
v -8.631121 0.142319 7.202440
v -10.058712 0.000000 7.202440
v -10.058712 0.142319 7.202440
v 2.519308 0.000000 1.093498
v 2.462869 0.000000 1.093498
v 2.462869 0.142320 1.093498
v 2.519308 0.142320 1.093498
v -6.845751 0.000000 6.538846
v -5.138539 0.000000 9.625996
v -5.138539 0.000000 9.678493
v -8.174927 0.000000 9.625997
v -8.410591 0.000000 9.625997
v 2.746246 1.331821 0.586014
v 2.746246 1.385622 0.586014
v 2.497345 1.385622 1.142612
v 2.519308 1.331821 1.093498
v 2.820716 1.331821 0.112309
v 2.829071 1.385622 0.059161
v 2.764276 1.136280 0.112309
v 2.764276 0.142320 0.112309
v 2.820716 0.142320 0.112309
v 2.820716 1.136280 0.112309
v 2.741266 1.186417 0.586014
v 2.741266 1.136280 0.586014
v 2.820716 1.136280 0.112309
v 2.820716 1.186417 0.112309
v 2.497345 0.142320 1.142612
v 2.519308 0.142320 1.093498
v 2.519308 1.136280 1.093498
v 2.519308 1.186417 1.093498
v 2.462869 1.136280 1.093498
v 2.519308 1.136280 1.093498
v 2.820716 0.000000 0.112309
v 2.829071 -0.000000 0.059160
v 2.829071 0.142320 0.059160
v 2.820716 0.142320 0.112309
v 2.497345 0.000000 1.142612
v 2.462869 0.142320 1.093498
v 2.689806 0.142320 0.586014
v 2.764276 0.142320 0.112309
v 2.764276 0.000000 0.112309
v 2.519308 1.331821 1.093498
v 2.462869 1.331821 1.093498
v 2.764276 1.136280 0.112309
v 2.689806 1.136280 0.586014
v 2.764276 1.186417 0.112309
v 2.764276 1.331821 0.112309
v 2.462869 1.186417 1.093498
v 2.462869 1.331821 1.093498
v 2.519308 1.331821 1.093498
v 2.519308 1.186417 1.093498
v 2.462869 1.136280 1.093498
v 2.689806 1.136280 0.586014
v 2.741266 1.136280 0.586014
v 2.519308 1.136280 1.093498
v 2.462869 1.136280 1.093498
v 2.820716 1.331821 0.112309
v 2.764276 1.331821 0.112309
v 2.764276 1.186417 0.112309
v 2.820716 1.186417 0.112309
v 2.764276 1.136280 0.112309
v 2.820716 1.136280 0.112309
v 2.689806 1.186417 0.586014
v 2.741266 1.186417 0.586014
v 2.820716 1.186417 0.112309
v 2.764276 1.186417 0.112309
v 2.462869 1.186417 1.093498
v 2.519308 1.186417 1.093498
v 4.408010 1.817672 0.289044
v 4.511629 1.817672 0.307133
v 2.826221 1.739758 2.092083
v 2.826221 1.817672 2.092083
v 3.070798 1.817672 2.047978
v 3.070798 1.739758 2.047978
v 4.511629 1.817672 0.307133
v 4.419363 1.817672 0.650750
v 2.835591 1.817672 2.196846
v 1.335449 1.817672 2.196846
v 4.251236 1.817672 1.019513
v 3.295354 1.817672 1.941495
v 3.295354 1.739758 1.941495
v 4.320436 1.739758 0.615193
v 4.320436 1.817672 0.615193
v 4.408010 1.817672 0.289044
v 4.408010 1.739758 0.289044
v 3.103100 1.817672 2.148606
v 3.752279 1.739758 1.547605
v 3.752279 1.817672 1.547605
v 3.982420 1.817672 1.260229
v 3.982420 1.739758 1.260229
v 3.348707 1.817672 2.032140
v 4.068434 1.817672 1.320420
v 3.830181 1.817672 1.617926
v 3.070798 1.817672 2.047978
v 3.103100 1.817672 2.148606
v 3.348707 1.817672 2.032140
v 3.295354 1.817672 1.941495
v 2.826221 1.817672 2.092083
v 2.835591 1.817672 2.196846
v 1.519753 1.817672 2.092083
v 1.335449 1.817672 2.196846
v 3.570928 1.817672 1.873092
v 1.335449 1.739758 2.196846
v 1.335449 1.817672 2.196846
v 1.519753 1.817672 2.092083
v 1.519753 1.739758 2.092083
v 3.503285 1.739758 1.792673
v 3.503285 1.817672 1.792673
v 4.158484 1.817672 0.970415
v 4.158484 1.739758 0.970415
v -9.329927 3.155082 0.000002
v -9.329927 8.221800 0.000002
v -9.329927 8.221800 -0.497319
v -9.329927 3.155082 -0.497319
v -9.329927 8.221800 -0.960748
v -9.329927 3.155082 -0.960748
v -9.329927 8.221800 -1.358704
v -9.329927 3.155082 -1.358705
v -9.329927 8.221800 -1.664066
v -9.329927 3.155082 -1.664067
v -9.329927 8.221800 -1.856024
v -9.329927 3.155082 -1.856025
v -9.329927 3.155082 -1.856025
v -9.329927 8.221800 -1.856024
v -1.181200 8.221800 -1.921498
v -1.181200 3.155082 -1.921499
v -0.648931 8.221800 -1.856025
v -0.648931 3.155082 -1.856026
v -0.152936 8.221800 -1.664066
v -0.152936 3.155082 -1.664067
v 0.272985 8.221800 -1.358704
v 0.272985 3.155082 -1.358705
v 0.599806 8.221800 -0.960749
v 0.599806 3.155082 -0.960749
v 0.805254 8.221800 -0.497320
v 0.805254 3.155082 -0.497321
v 0.875329 8.221800 0.000001
v 0.875329 3.155082 0.000001
v 0.805254 8.221800 0.497322
v 0.805254 3.155082 0.497322
v 0.599806 8.221800 0.960751
v 0.599806 3.155082 0.960751
v 0.272985 8.221800 1.358706
v 0.272985 3.155082 1.358706
v -0.152936 8.221800 1.664069
v -0.152936 3.155082 1.664068
v -0.648932 8.221800 1.856028
v -0.648932 3.155082 1.856027
v -1.181201 8.221800 1.921501
v -1.181201 3.155082 1.921500
v -9.329927 8.221800 1.856027
v -9.329927 3.155082 1.856027
v -9.329927 3.155082 1.856027
v -9.329927 8.221800 1.856027
v -9.329927 8.221800 1.664069
v -9.329927 3.155082 1.664068
v -9.329927 8.221800 1.358707
v -9.329927 3.155082 1.358706
v -9.329927 8.221800 0.960751
v -9.329927 3.155082 0.960751
v -9.329927 8.221800 0.497322
v -9.329927 3.155082 0.497322
v -10.058712 1.883808 -5.999630
v -10.058712 3.036198 -5.999630
v -10.058712 3.036198 -7.058389
v -10.058712 1.883808 -7.058389
v -0.084282 1.965630 -7.202438
v -0.084282 2.983061 -7.202438
v 1.037767 2.983061 -7.202438
v 1.037767 1.965630 -7.202438
v 1.465190 1.965630 -3.407704
v 1.465190 2.983060 -3.407704
v 1.465190 2.983060 -2.459486
v 1.465190 1.965629 -2.459486
v -10.058712 1.883807 -0.052550
v -10.058712 3.036197 -0.052550
v -10.058712 3.036197 -1.022745
v -10.058712 1.883807 -1.022746
v -1.330787 1.965630 -7.202438
v -1.330787 2.983061 -7.202438
v -0.191387 2.983061 -7.202438
v -0.191387 1.965630 -7.202438
v 1.465189 1.965630 -6.716794
v 1.465189 2.983061 -6.716794
v 1.465189 2.983061 -5.768575
v 1.465189 1.965630 -5.768575
v 1.465189 1.965630 -5.665368
v 1.465189 2.983061 -5.665368
v 1.465189 2.983061 -4.639742
v 1.465189 1.965630 -4.639742
v 1.465189 1.965630 -4.536536
v 1.465189 2.983061 -4.536536
v 1.465190 2.983060 -3.510911
v 1.465190 1.965630 -3.510912
v -10.058712 1.883807 -2.218350
v -10.058712 3.036197 -2.218349
v -10.058712 3.036197 -3.363538
v -10.058712 1.883808 -3.363538
v -10.058712 1.883808 -3.478777
v -10.058712 3.036197 -3.478776
v -10.058712 3.036198 -4.623964
v -10.058712 1.883808 -4.623964
v -10.058712 1.883808 -4.739203
v -10.058712 3.036198 -4.739203
v -10.058712 3.036198 -5.884391
v -10.058712 1.883808 -5.884391
v -1.493156 3.180246 -2.160731
v -0.065563 3.180246 -2.160731
v -0.065563 3.325912 -2.160731
v -1.493156 3.325912 -2.160731
v 1.465189 3.180247 -4.588140
v 1.465189 3.180247 -5.716971
v 1.465189 3.325913 -5.716971
v 1.465189 3.325913 -4.588140
v -0.137835 3.180247 -7.202438
v -1.493156 3.180247 -7.202438
v -1.493156 3.325913 -7.202438
v -0.137835 3.325913 -7.202438
v -9.914663 1.883808 -7.202437
v -9.914663 3.036198 -7.202437
v -8.775169 3.036198 -7.202437
v -8.775169 1.883808 -7.202437
v -10.058712 3.180246 -2.160731
v -10.058712 3.180246 -1.080364
v -10.058712 3.180246 0.000002
v -10.058712 3.180246 -2.160731
v -10.058712 3.180246 0.000002
v -2.920749 3.180246 0.000001
v -2.920749 3.180246 -2.160731
v -10.058712 3.180246 -2.160731
v -2.920749 3.180246 -2.160731
v -2.920749 3.325912 -2.160731
v -10.058712 3.325912 -2.160731
v -3.040785 3.180248 -11.524437
v -4.388354 3.180248 -11.524437
v -4.388354 3.325914 -11.524437
v -3.040785 3.325914 -11.524437
v -10.058712 3.180247 -7.202437
v -10.058712 3.180247 -5.942010
v -10.058712 3.325913 -5.942010
v -10.058712 3.325913 -7.202437
v 1.335449 3.182348 -2.196846
v 1.470208 3.325912 -2.200320
v 1.397854 3.180246 -2.092036
v 1.335449 3.182348 -2.196846
v -0.065563 3.180246 -2.160731
v 0.000000 3.180246 0.000001
v 1.470208 1.739758 -2.200321
v 1.465190 1.739759 -3.459308
v 1.465189 1.739759 -4.588140
v 1.465189 1.739759 -5.716971
v 1.465189 4.569214 -4.536535
v 1.465189 4.569214 -4.639742
v 1.465189 4.912066 -4.588139
v -0.065563 1.739759 -5.904262
v -0.137835 1.739759 -7.202438
v 1.259105 1.739759 -7.202438
v 1.465189 1.739759 -6.996355
v 1.465189 1.739759 -5.716971
v 1.259105 1.739759 -7.202438
v -0.137835 1.739759 -7.202438
v 1.259105 3.180247 -7.202438
v 1.465190 3.180247 -3.459307
v 1.465189 4.569214 -5.665367
v 1.465189 4.569214 -5.768574
v 1.465189 4.912066 -5.716971
v 1.465189 3.180247 -6.996355
v 1.465189 3.325913 -6.996355
v 1.465189 1.739759 -6.996355
v 1.259105 3.325913 -7.202438
v -10.058712 1.739759 -7.202437
v -10.058712 3.180247 -7.202437
v -8.631121 1.739759 -7.202437
v -1.493156 1.739759 -7.202438
v -7.203527 1.739759 -8.643105
v -5.775934 1.739759 -8.643105
v -5.775934 1.739759 -7.202437
v -7.203527 1.739759 -7.202437
v -8.631121 3.180247 -7.202437
v -4.348342 1.739759 -8.643105
v -4.348342 1.739759 -7.202437
v -8.631121 3.036198 -8.585485
v -8.631121 1.883808 -8.585485
v -8.631121 1.883808 -7.346487
v -8.631121 3.036198 -7.346487
v -2.920749 1.739759 -8.643105
v -2.920749 1.739759 -7.202437
v -1.493156 1.739759 -8.663321
v -1.493156 1.739759 -7.202438
v -5.735922 3.180248 -11.524437
v -5.735922 3.325914 -11.524437
v -10.058712 1.883807 -1.137985
v -10.058712 3.036197 -1.137985
v -10.058712 3.036197 -2.103112
v -10.058712 1.883807 -2.103112
v -10.058712 1.739758 -1.080365
v -10.058712 1.739758 0.000001
v -10.058712 3.180246 0.000002
v -10.058712 1.739759 -3.421158
v -10.058712 1.739758 -2.160731
v -10.058712 3.180246 -2.160731
v -10.058712 3.180247 -3.421158
v -10.058712 3.180247 -4.681584
v -10.058712 1.739759 -5.942010
v -10.058712 1.739759 -4.681584
v -10.058712 3.180246 -1.080364
v -10.058712 1.739759 -7.202437
v 1.470208 1.739758 -2.200321
v 1.470208 1.965629 -2.200321
v 1.697021 1.965629 -2.035770
v -1.493156 1.965630 -8.611186
v -1.493156 2.983061 -8.611185
v -1.493156 2.983061 -7.490109
v -1.493156 1.965630 -7.490109
v -8.631121 1.739759 -8.643105
v -8.631121 1.739759 -7.202437
v -7.083491 3.180248 -11.524437
v -7.083491 3.325914 -11.524437
v -8.295086 1.883809 -11.524437
v -8.295086 3.036199 -11.524436
v -7.137881 3.036199 -11.524437
v -7.137881 1.883809 -11.524438
v -7.029101 1.883809 -11.524438
v -7.029101 3.036199 -11.524437
v -5.790311 3.036199 -11.524437
v -5.790311 1.883809 -11.524438
v -5.681532 1.883809 -11.524438
v -5.681532 3.036199 -11.524437
v -4.442744 3.036199 -11.524437
v -4.442744 1.883809 -11.524438
v -4.333964 1.883809 -11.524438
v -4.333964 3.036199 -11.524437
v -3.095175 3.036199 -11.524437
v -3.095175 1.883809 -11.524438
v -2.986395 1.883809 -11.524438
v -2.986395 3.036199 -11.524437
v -1.829190 3.036199 -11.524437
v -1.829190 1.883809 -11.524438
v -1.719074 3.180248 -11.524437
v -1.719074 1.739760 -11.524438
v -4.388354 1.739760 -11.524438
v -5.735922 1.739760 -11.524438
v -7.083491 1.739760 -11.524438
v -8.631121 1.739760 -11.524437
v -8.631121 3.180248 -11.524436
v -1.493156 2.983062 -10.019005
v -1.493156 2.983062 -11.140080
v -1.493156 3.180248 -11.298519
v -1.493156 3.180248 -9.966869
v -3.040785 1.739760 -11.524438
v -8.631121 3.325914 -11.524436
v -1.493156 3.180248 -8.663320
v -1.493156 3.325914 -9.966869
v -1.493156 3.325913 -8.663320
v 1.470208 1.965629 -2.200321
v -1.719074 3.325914 -11.524437
v -8.631121 1.739760 -11.524437
v -7.083491 1.739760 -11.524438
v -7.203527 1.739760 -10.083772
v -8.631121 1.739760 -10.083771
v -1.493156 1.965631 -11.140081
v -1.493156 1.965631 -10.019006
v -1.493156 1.965631 -9.914736
v -1.493156 2.983062 -9.914735
v -1.493156 2.983061 -8.715456
v -1.493156 1.965630 -8.715457
v -8.631121 3.180248 -10.083770
v -8.631121 3.180248 -8.643104
v -8.631121 3.325913 -8.643104
v -8.631121 3.325914 -10.083770
v -8.631121 3.180248 -11.524436
v -8.631121 3.325914 -11.524436
v -10.058712 3.325913 -4.681584
v -10.058712 3.325912 -3.421158
v -1.493156 1.739760 -11.298520
v -2.920749 1.739760 -10.083772
v -1.493156 1.739760 -9.966870
v -4.388354 1.739760 -11.524438
v -3.040785 1.739760 -11.524438
v -4.348342 1.739760 -10.083772
v -8.631121 3.180247 -7.202437
v -8.631121 3.325913 -7.202437
v -10.058712 3.325912 -2.160731
v -8.631121 3.036199 -11.380387
v -8.631121 1.883809 -11.380388
v -8.631121 1.883809 -10.141391
v -8.631121 3.036199 -10.141390
v -8.631121 3.036199 -10.026150
v -8.631121 1.883809 -10.026151
v -8.631121 1.883808 -8.700725
v -8.631121 3.036198 -8.700724
v -5.735922 1.739760 -11.524438
v -5.775934 1.739760 -10.083772
v -1.493156 3.180247 -7.202438
v -1.493156 1.739759 -7.202438
v -1.719074 1.739760 -11.524438
v -1.493156 1.739760 -11.298520
v -1.493156 1.739759 -8.663321
v -1.493156 3.325914 -11.298519
v -1.493156 1.739760 -9.966870
v -1.493156 3.325913 -7.202438
v -10.058712 3.325913 -7.202437
v -8.631121 3.325913 -7.202437
v 1.465190 3.325912 -3.459307
v -5.775934 1.739759 -5.904261
v -7.203527 1.739759 -5.904261
v -2.920749 1.739759 -5.904261
v -4.348342 1.739759 -5.904261
v -8.631121 1.739759 -5.904261
v -1.493156 1.739759 -5.904262
v -2.920749 1.739759 -4.681584
v -4.348342 1.739759 -4.681584
v -1.493156 1.739759 -4.681584
v -5.775934 1.739759 -4.681584
v -7.203527 1.739759 -4.681584
v -8.631121 1.739759 -4.681584
v -2.920749 1.739759 -3.458909
v -4.348342 1.739759 -3.458908
v -1.493156 1.739759 -3.458909
v -5.775934 1.739759 -3.458908
v -7.203527 1.739759 -3.458908
v -8.631121 1.739759 -3.458908
v -2.920749 1.739758 -2.160731
v -4.348342 1.739758 -2.160731
v -1.493156 1.739758 -2.160731
v -5.775934 1.739758 -2.160731
v -7.203527 1.739758 -2.160731
v -8.631121 1.739758 -2.160731
v -0.065563 1.739759 -4.681584
v -0.065563 1.739759 -3.458909
v -0.065563 1.739758 -2.160731
v 1.465190 1.739759 -3.459308
v 1.470208 1.739758 -2.200321
v 1.465189 1.739759 -4.588140
v -10.058712 1.739759 -5.942010
v -10.058712 1.739759 -7.202437
v -10.058712 1.739759 -4.681584
v -10.058712 1.739759 -3.421158
v -10.058712 1.739758 -2.160731
v -8.631121 1.739758 -1.080365
v -10.058712 1.739758 -1.080365
v -7.203527 1.739758 -1.080365
v -2.920749 1.739758 -1.080366
v -4.348342 1.739758 -1.080365
v -5.775934 1.739758 -1.080365
v -7.203527 1.739758 0.000000
v -8.631121 1.739758 0.000000
v -2.920749 1.739758 0.000000
v -4.348342 1.739758 0.000000
v -10.058712 1.739758 0.000001
v -5.775934 1.739758 0.000000
v 1.829292 3.180246 -1.779261
v 2.221367 3.180246 -1.398228
v 2.430203 3.180246 -1.086830
v 2.367195 3.180246 -1.180783
v 2.667529 3.180246 -0.557526
v 2.753514 3.180246 0.000001
v 2.746556 3.180246 -0.056286
v 0.000000 1.739758 0.000000
v 2.488751 1.739758 -1.241452
v 2.488751 1.965629 -1.241452
v 2.554872 1.965629 -1.142612
v 2.554872 1.739758 -1.142612
v -1.493156 3.180246 -2.160731
v 2.803772 1.965629 -0.586015
v 2.803772 1.739758 -0.586015
v 2.886597 1.739758 -0.059160
v 2.886597 1.965629 -0.059161
v 2.893890 1.965629 0.000000
v 2.893890 1.739758 0.000000
v 1.469726 3.182348 -2.335124
v 1.923834 1.739758 -1.871219
v 1.923834 1.965629 -1.871219
v 2.335722 1.965629 -1.470207
v 2.335722 1.739758 -1.470207
v 1.923834 1.739758 -1.871219
v 2.803772 1.739758 -0.586015
v 2.886597 1.739758 -0.059160
v 2.893890 1.739758 0.000000
v 2.554872 1.739758 -1.142612
v 2.335722 1.739758 -1.470207
v 2.488751 1.739758 -1.241452
v 1.397854 3.180246 -2.092036
v 1.470208 3.045443 -2.200320
v 1.335449 3.182348 -2.196846
v 2.335722 3.045442 -1.470206
v 1.923834 3.045442 -1.871219
v 1.829292 3.180246 -1.779261
v 2.221367 3.180246 -1.398228
v 2.488751 3.045442 -1.241452
v 2.367195 3.180246 -1.180783
v 2.803772 3.045442 -0.586015
v 2.554872 3.045442 -1.142612
v 2.430203 3.180246 -1.086830
v 2.667529 3.180246 -0.557526
v 2.886597 3.045442 -0.059160
v 2.746556 3.180246 -0.056286
v 1.470208 3.325912 -2.200320
v 1.470208 3.182348 -2.200320
v 1.470208 3.182348 -2.200320
v 1.470208 3.045443 -2.200320
v 1.470208 3.045443 -2.200320
v 2.803772 2.983060 -0.586015
v 2.554872 2.983060 -1.142612
v 2.554872 3.045442 -1.142612
v 2.803772 3.045442 -0.586015
v 1.923834 2.983060 -1.871219
v 1.697021 2.983060 -2.035769
v 1.470208 3.045443 -2.200320
v 1.923834 3.045442 -1.871219
v 2.335722 2.983060 -1.470206
v 2.335722 3.045442 -1.470206
v 2.886597 2.983060 -0.059161
v 2.886597 3.045442 -0.059160
v 2.488751 2.983060 -1.241452
v 2.488751 3.045442 -1.241452
v 1.470208 2.983060 -2.200320
v 1.470208 2.983060 -2.200320
v 1.465189 3.180247 -6.996355
v 1.465189 1.739759 -6.996355
v 1.259105 1.739759 -7.202438
v 1.259105 3.180247 -7.202438
v 1.465189 3.325913 -6.996355
v 1.259105 3.325913 -7.202438
v 2.893890 2.983060 0.000000
v 2.893890 3.045442 0.000000
v 2.893890 3.045442 0.000000
v 2.753514 3.180246 0.000001
v -1.493156 3.180248 -11.298519
v -1.493156 1.739760 -11.298520
v -1.719074 1.739760 -11.524438
v -1.719074 3.180248 -11.524437
v -1.719074 3.325914 -11.524437
v -1.493156 3.325914 -11.298519
v -8.631121 1.739760 -11.524437
v -8.631121 1.739760 -10.083771
v -8.631121 1.739759 -7.202437
v -8.631121 1.739759 -8.643105
v -8.631121 3.551785 -8.700724
v -8.631121 3.551785 -8.585485
v -8.631121 4.622352 -8.585485
v -8.631121 4.622352 -8.700724
v -10.058712 3.551784 -5.999630
v -10.058712 4.622351 -5.999630
v -10.058712 4.622351 -7.058388
v -10.058712 3.551784 -7.058389
v -0.084282 3.551784 -7.202438
v -0.084282 4.569214 -7.202438
v 1.037767 4.569214 -7.202438
v 1.037767 3.551784 -7.202438
v 1.465190 3.551784 -3.407704
v 1.465190 4.569213 -3.407703
v 1.465190 4.569213 -2.459485
v 1.465190 3.551784 -2.459486
v -10.058712 3.551783 -0.052549
v -10.058712 4.622350 -0.052549
v -10.058712 4.622350 -1.022745
v -10.058712 3.551783 -1.022745
v -1.330787 3.551784 -7.202438
v -1.330787 4.569214 -7.202438
v -0.191387 4.569214 -7.202438
v -0.191387 3.551784 -7.202438
v 1.465189 3.551784 -6.716794
v 1.465189 4.569214 -6.716794
v 1.465189 3.551784 -5.768575
v 1.465189 3.551784 -5.665368
v 1.465189 3.551784 -4.639742
v 1.465189 3.551784 -4.536536
v 1.465190 4.569213 -3.510911
v 1.465190 3.551784 -3.510911
v -10.058712 3.551784 -2.218349
v -10.058712 4.622351 -2.218349
v -10.058712 4.622351 -3.363537
v -10.058712 3.551784 -3.363538
v -10.058712 3.551784 -3.478776
v -10.058712 4.622351 -3.478776
v -10.058712 4.622351 -4.623964
v -10.058712 3.551784 -4.623964
v -10.058712 3.551784 -4.739203
v -10.058712 4.622351 -4.739203
v -10.058712 4.622351 -5.884391
v -10.058712 3.551784 -5.884391
v -1.493156 4.766399 -2.160730
v -0.065563 4.766399 -2.160730
v -0.065563 4.912066 -2.160730
v -1.493156 4.912066 -2.160730
v -10.058712 4.766399 -2.160730
v -2.920749 4.766399 -2.160730
v -2.920749 4.912066 -2.160730
v -10.058712 4.912066 -2.160730
v 2.803772 4.912065 -0.586014
v 2.554872 4.912065 -1.142611
v 2.554872 5.129240 -1.142611
v 2.803772 5.129240 -0.586014
v -0.137835 4.912066 -7.202438
v -1.493156 4.912066 -7.202438
v -0.137835 4.912066 -7.202438
v -9.914663 3.551784 -7.202437
v -9.914663 4.622351 -7.202437
v -8.775169 4.622351 -7.202437
v -8.775169 3.551784 -7.202437
v -10.058712 4.766399 -2.160730
v -10.058712 4.766399 -1.080364
v -10.058712 4.766399 0.000002
v -10.058712 4.766399 -2.160730
v -10.058712 4.766399 0.000002
v -2.920749 4.766399 0.000001
v -2.920749 4.766399 -2.160730
v -10.058712 4.766400 -7.202437
v -10.058712 4.766400 -5.942010
v -10.058712 4.912066 -5.942010
v -10.058712 4.912066 -7.202437
v 0.289008 4.766970 -2.199135
v 0.289008 4.912066 -2.200320
v 1.397854 4.766399 -2.092035
v 1.251921 4.768376 -2.194693
v 0.289008 4.766970 -2.199135
v -0.065563 4.766399 -2.160730
v 0.000000 4.766399 0.000001
v -0.137835 4.912066 -7.202438
v 1.259105 4.912066 -7.202438
v 1.465190 4.912066 -3.459307
v 2.430203 4.766399 -1.086829
v 2.667529 4.766399 -0.557526
v 2.667529 5.129240 -0.557526
v 2.430203 5.129240 -1.086829
v 1.465189 3.551784 -6.996355
v 1.465189 4.912066 -6.996354
v 1.259105 4.912066 -7.202438
v -0.137835 4.912066 -7.202438
v -0.137835 4.912066 -7.202438
v 0.077906 4.912066 -7.202438
v -1.493156 3.551784 -7.202438
v -1.493156 3.551784 -7.490109
v -1.493156 4.569214 -7.490109
v -1.493156 4.569214 -7.202438
v -10.058712 4.622351 -7.202437
v -10.058712 4.766400 -7.202437
v -1.493156 4.912066 -7.202438
v -8.631121 4.766400 -7.202437
v -8.631121 3.551784 -7.346487
v -8.631121 4.622352 -7.346486
v -8.631121 3.543409 -7.202437
v -1.493156 4.569214 -7.202438
v -10.058712 3.551783 -1.137984
v -10.058712 4.622350 -1.137984
v -10.058712 4.622351 -2.103111
v -10.058712 3.551783 -2.103112
v -10.058712 3.325912 -1.080364
v -10.058712 3.325912 0.000002
v -10.058712 3.551783 0.000002
v -10.058712 4.766399 0.000002
v -10.058712 4.766399 -1.080364
v -10.058712 4.766399 -2.160730
v -10.058712 4.766399 -3.421157
v -10.058712 4.766400 -4.681584
v 0.077906 5.137937 -7.202438
v -0.191387 5.137937 -7.202438
v -0.191387 6.155367 -7.202438
v 0.077906 6.498219 -7.202438
v -10.058712 3.563792 -7.202437
v 0.077906 5.137937 -7.202438
v 0.283989 5.137937 -6.996354
v 0.283989 4.912066 -6.996354
v 0.077906 4.912066 -7.202438
v 0.283989 5.137937 -6.996354
v 0.283989 5.137937 -6.716794
v 0.283989 4.912066 -6.996354
v -1.493156 5.137938 -9.914735
v -1.493156 4.912066 -9.966869
v -1.493156 5.137938 -10.019005
v 1.470208 3.325912 -2.200320
v 1.470208 3.551784 -2.200320
v 1.697021 3.551783 -2.035769
v -1.493156 3.551785 -8.611185
v -1.493156 4.569214 -8.611185
v -8.295086 3.551785 -11.524436
v -8.295086 4.622352 -11.524436
v -7.137881 4.622352 -11.524437
v -7.137881 3.551785 -11.524437
v -7.029101 3.551785 -11.524437
v -7.029101 4.622352 -11.524437
v -5.790311 4.622352 -11.524437
v -5.790311 3.551785 -11.524437
v -5.681532 3.551785 -11.524437
v -5.681532 4.622352 -11.524437
v -4.442744 4.622352 -11.524437
v -4.442744 3.551785 -11.524437
v -4.333964 3.551785 -11.524437
v -4.333964 4.622352 -11.524437
v -3.095175 4.622352 -11.524437
v -3.095175 3.551785 -11.524437
v -2.986395 3.551785 -11.524437
v -2.986395 4.622352 -11.524437
v -1.829190 4.622352 -11.524437
v -1.829190 3.551785 -11.524437
v -1.719074 3.551785 -11.524437
v -8.631121 4.912067 -11.524436
v -7.083491 4.912067 -11.524437
v -5.735922 4.912067 -11.524437
v -4.388354 4.912067 -11.524437
v -1.493156 4.569214 -10.019005
v -1.493156 4.569215 -11.140080
v -1.493156 4.912067 -11.298519
v -8.631121 4.606425 -11.524436
v -3.040785 4.912067 -11.524437
v -1.719074 4.912067 -11.524437
v 1.470208 3.551784 -2.200320
v -1.493156 3.551785 -11.140080
v -1.493156 3.551785 -10.019005
v -1.493156 3.551785 -9.914735
v -1.493156 4.569214 -9.914735
v -1.493156 4.569214 -8.715456
v -1.493156 3.551785 -8.715456
v -8.631121 4.766400 -10.083770
v -8.631121 4.766400 -8.643104
v -8.631121 4.912066 -8.643104
v -8.631121 4.912066 -10.083770
v -8.631121 4.912067 -11.524436
v -10.058712 4.912066 -4.681584
v -10.058712 4.912066 -3.421157
v -1.493156 3.551785 -11.298519
v -8.631121 4.766400 -7.202437
v -8.631121 4.912066 -7.202437
v -10.058712 4.912066 -2.160730
v -8.631121 4.622352 -11.380387
v -8.631121 3.551785 -11.380387
v -8.631121 3.551785 -10.141390
v -8.631121 4.622352 -10.141390
v -8.631121 4.622352 -10.026150
v -8.631121 3.551785 -10.026150
v -1.493156 4.912066 -8.663320
v -1.493156 4.912066 -7.202438
v -1.719074 3.551785 -11.524437
v -1.493156 3.551785 -11.298519
v -10.058712 4.912066 -7.202437
v -8.631121 4.912066 -7.202437
v 1.250598 4.766400 -6.996354
v 1.250598 4.766400 -5.716970
v 1.250598 5.129241 -5.716970
v 1.250598 5.129241 -6.996354
v -10.058712 3.325912 -2.160731
v -2.920749 3.325912 -2.160731
v -2.920749 3.325912 -1.080365
v -10.058712 3.325912 -1.080364
v -2.920749 3.325912 0.000001
v -10.058712 3.325912 0.000002
v 1.829292 4.766399 -1.779261
v 2.221367 4.766399 -1.398227
v 2.430203 4.766399 -1.086829
v 2.367195 4.766399 -1.180782
v 2.667529 4.766399 -0.557526
v 2.753514 4.766399 0.000001
v 2.746556 4.766399 -0.056286
v 0.000000 3.325912 0.000001
v -1.493156 3.325912 -2.160731
v -0.065563 3.325912 -2.160731
v 2.488751 3.325912 -1.241451
v 2.488751 3.551783 -1.241451
v 2.554872 3.551783 -1.142611
v 2.554872 3.325912 -1.142611
v -1.493156 4.766399 -2.160730
v 2.803772 3.551783 -0.586014
v 2.803772 3.325912 -0.586014
v 2.886597 3.325912 -0.059159
v 2.886597 3.551783 -0.059160
v 2.893890 3.551783 0.000001
v 2.893890 3.325912 0.000001
v 1.469726 4.912066 -2.335123
v 1.923834 3.325912 -1.871218
v 1.923834 3.551783 -1.871218
v 2.335722 3.551783 -1.470206
v 2.335722 3.325912 -1.470206
v 1.470208 3.325912 -2.200320
v 1.923834 3.325912 -1.871218
v 2.803772 3.325912 -0.586014
v 2.886597 3.325912 -0.059159
v 2.893890 3.325912 0.000001
v 2.554872 3.325912 -1.142611
v 2.335722 3.325912 -1.470206
v 2.488751 3.325912 -1.241451
v 2.803772 4.631595 -0.586014
v 2.554872 4.631595 -1.142611
v 1.397854 5.129241 -2.092034
v 1.470208 5.129241 -2.200320
v 1.251921 5.129241 -2.194693
v 2.886597 5.129240 -0.059159
v 2.803772 5.129240 -0.586014
v 2.667529 5.129240 -0.557526
v 2.746556 5.129240 -0.056286
v 2.554872 5.129240 -1.142611
v 2.430203 5.129240 -1.086829
v 2.488751 5.129240 -1.241451
v 2.335722 5.129241 -1.470206
v 2.221367 5.129240 -1.398227
v 2.367195 5.129240 -1.180782
v 2.893890 4.631595 0.000001
v 2.886597 4.631595 -0.059159
v 2.886597 4.912065 -0.059160
v 2.893890 4.912065 0.000001
v 0.289008 4.912066 -2.200320
v 0.289008 4.766970 -2.199135
v 0.289008 4.766970 -3.459307
v 0.283990 4.912066 -3.459307
v 0.283989 5.129241 -6.996354
v 1.250598 5.129241 -6.996354
v 1.259105 5.129241 -7.202438
v 0.077906 5.129241 -7.202438
v 1.470208 4.912066 -2.200320
v 1.470208 4.631596 -2.200320
v 1.465189 5.129241 -4.588139
v 1.465189 5.129241 -5.716971
v 1.250598 5.129241 -5.716970
v 1.250598 5.129241 -4.588139
v 2.803772 4.569213 -0.586014
v 2.554872 4.569213 -1.142611
v 1.923834 4.569213 -1.871218
v 1.697021 4.569213 -2.035769
v 1.470208 4.631596 -2.200320
v 1.923834 4.631596 -1.871218
v 2.335722 4.569213 -1.470206
v 2.335722 4.631596 -1.470206
v 2.886597 4.569213 -0.059160
v 2.488751 4.569213 -1.241451
v 2.488751 4.631595 -1.241451
v 1.470208 4.569213 -2.200320
v 1.470208 4.912066 -2.200320
v 1.923834 4.912066 -1.871218
v 1.470208 4.569213 -2.200320
v 1.465189 4.912066 -6.996354
v 1.465189 3.551784 -6.996355
v 1.259105 3.551784 -7.202438
v 1.259105 4.912066 -7.202438
v 1.465189 5.129241 -6.996354
v 1.465189 5.129241 -5.716971
v 1.259105 3.551784 -7.202438
v 2.893890 4.569213 0.000001
v 2.335722 4.912066 -1.470206
v 2.488751 4.912065 -1.241451
v -1.493156 4.912067 -11.298519
v -1.719074 4.912067 -11.524437
v -8.631121 4.622351 -7.202437
v -8.631121 3.551785 -11.524436
v -8.631121 4.622351 -7.202437
v -1.493156 5.137937 -7.202438
v -1.493156 5.137938 -7.490109
v -1.493156 6.155367 -7.490109
v -1.493156 6.498219 -7.202438
v -10.058712 5.137937 -5.999630
v -10.058712 6.208505 -5.999630
v -10.058712 6.208505 -7.058388
v -10.058712 5.137937 -7.058388
v 0.283990 5.137937 -3.407703
v 0.283990 6.155366 -3.407703
v 0.283990 6.155366 -2.459485
v 0.283990 5.137937 -2.459485
v -10.058712 5.137936 -0.052549
v -10.058712 6.208504 -0.052549
v -10.058712 6.208504 -1.022745
v -10.058712 5.137936 -1.022745
v -1.330787 5.137937 -7.202438
v -1.330787 6.155367 -7.202438
v 0.283989 6.155367 -6.716794
v 0.283989 6.155367 -5.768574
v 0.283989 5.137937 -5.768574
v 0.283989 5.137937 -5.665367
v 0.283989 6.155367 -5.665367
v 0.283989 6.155367 -4.639742
v 0.283989 5.137937 -4.639742
v 0.283989 5.137937 -4.536535
v 0.283989 6.155367 -4.536535
v 0.283990 6.155366 -3.510910
v 0.283990 5.137937 -3.510910
v -10.058712 5.137937 -2.218349
v -10.058712 6.208505 -2.218349
v -10.058712 6.208505 -3.363537
v -10.058712 5.137937 -3.363537
v -10.058712 5.137937 -3.478776
v -10.058712 6.208505 -3.478776
v -10.058712 6.208505 -4.623964
v -10.058712 5.137937 -4.623964
v -10.058712 5.137937 -4.739203
v -10.058712 6.208505 -4.739203
v -10.058712 6.208505 -5.884391
v -10.058712 5.137937 -5.884391
v -1.493156 6.352552 -2.160730
v -0.065563 6.352552 -2.160730
v -0.065563 6.498219 -2.160730
v -1.493156 6.498219 -2.160730
v -10.058712 6.352552 -2.160730
v -2.920749 6.352552 -2.160730
v -2.920749 6.498219 -2.160730
v -10.058712 6.498219 -2.160730
v -9.914663 5.137937 -7.202437
v -9.914663 6.208505 -7.202437
v -8.775169 6.208505 -7.202437
v -8.775169 5.137937 -7.202437
v -10.058712 6.352552 -2.160730
v -10.058712 6.352552 -1.080364
v -10.058712 6.352552 0.000002
v -10.058712 6.352552 -2.160730
v -10.058712 6.352552 0.000002
v -2.920749 6.352552 0.000001
v -2.920749 6.352552 -2.160730
v -10.058712 6.352553 -7.202437
v -10.058712 6.352553 -5.942010
v -10.058712 6.498219 -5.942010
v -10.058712 6.498219 -7.202437
v 0.154249 6.354654 -2.196846
v 0.289008 6.498219 -2.200320
v 0.216654 6.352552 -2.092035
v 0.154249 6.354654 -2.196846
v -0.065563 6.352552 -2.160730
v 0.000000 6.352552 0.000001
v 0.283989 4.912066 -4.588139
v 0.283989 4.912066 -5.716971
v 0.283989 6.498219 -5.716971
v 0.283989 6.498219 -4.588139
v 0.077906 4.912066 -7.202438
v -0.137835 4.912066 -7.202438
v 0.283990 6.498219 -3.459307
v 0.283989 6.498219 -6.996354
v -10.058712 5.137937 -7.202437
v -10.058712 6.352553 -7.202437
v -1.493156 6.498219 -7.202438
v -1.493156 4.912066 -7.202438
v -8.631121 6.352553 -7.202437
v -8.631121 6.208506 -8.585485
v -8.631121 5.137938 -8.585485
v -8.631121 5.137938 -7.346486
v -8.631121 6.208506 -7.346486
v -8.631121 5.137937 -7.202437
v -1.493156 5.137937 -7.202438
v -10.058712 5.137936 -1.137984
v -10.058712 6.208504 -1.137984
v -10.058712 6.208505 -2.103111
v -10.058712 5.137937 -2.103111
v -10.058712 4.912065 -1.080364
v -10.058712 4.912065 0.000002
v -10.058712 5.137936 0.000002
v -10.058712 6.352552 0.000002
v -10.058712 6.352552 -2.160730
v -10.058712 6.352552 -3.421157
v -10.058712 6.352553 -4.681584
v -10.058712 6.352552 -1.080364
v -10.058712 5.137937 -7.202437
v 0.289008 4.912066 -2.200320
v 0.289008 5.137937 -2.200320
v 0.515821 5.137937 -2.035769
v -1.493156 5.137938 -8.611185
v -1.493156 6.155367 -8.611185
v -8.295086 5.137938 -11.524436
v -8.295086 6.208506 -11.524436
v -7.137881 6.208506 -11.524437
v -7.137881 5.137938 -11.524437
v -7.029101 5.137938 -11.524437
v -7.029101 6.208506 -11.524437
v -5.790311 6.208506 -11.524437
v -5.790311 5.137938 -11.524437
v -5.681532 5.137938 -11.524437
v -5.681532 6.208506 -11.524437
v -4.442744 6.208506 -11.524437
v -4.442744 5.137938 -11.524437
v -4.333964 5.137938 -11.524437
v -4.333964 6.208506 -11.524437
v -3.095175 6.208506 -11.524437
v -3.095175 5.137938 -11.524437
v -2.986395 5.137938 -11.524437
v -2.986395 6.208506 -11.524437
v -1.829190 6.208506 -11.524437
v -1.829190 5.137938 -11.524437
v -1.719074 5.137938 -11.524437
v -8.631121 6.498220 -11.524436
v -7.083491 6.498220 -11.524437
v -5.735922 6.498220 -11.524437
v -4.388354 6.498220 -11.524437
v -1.493156 6.155367 -10.019005
v -1.493156 6.155368 -11.140080
v -1.493156 6.498220 -11.298519
v -1.493156 6.498219 -9.966869
v -8.631121 5.137938 -11.524436
v -3.040785 6.498220 -11.524437
v -1.719074 6.498220 -11.524437
v 0.289008 5.137937 -2.200320
v -1.493156 5.137938 -11.140080
v -1.493156 6.155367 -9.914735
v -1.493156 6.155367 -8.715456
v -1.493156 5.137938 -8.715456
v -8.631121 6.352553 -10.083770
v -8.631121 6.352553 -8.643104
v -8.631121 6.498219 -8.643104
v -8.631121 6.498219 -10.083770
v -8.631121 6.498220 -11.524436
v -10.058712 6.498219 -4.681584
v -10.058712 6.498219 -3.421157
v -1.493156 5.137938 -11.298519
v -8.631121 6.352553 -7.202437
v -8.631121 6.498219 -7.202437
v -10.058712 6.498219 -2.160730
v -8.631121 6.208506 -11.380387
v -8.631121 5.137938 -11.380387
v -8.631121 5.137938 -10.141390
v -8.631121 6.208506 -10.141390
v -8.631121 6.208506 -10.026150
v -8.631121 5.137938 -10.026150
v -8.631121 5.137938 -8.700724
v -8.631121 6.208506 -8.700724
v -1.493156 6.498219 -8.663320
v -10.058712 6.498219 -7.202437
v -8.631121 6.498219 -7.202437
v -10.058712 4.912066 -2.160730
v -2.920749 4.912066 -2.160730
v -2.920749 4.912065 -1.080365
v -10.058712 4.912065 -1.080364
v -2.920749 4.912065 0.000001
v -10.058712 4.912065 0.000002
v 0.648092 6.352552 -1.779261
v 1.040168 6.352552 -1.398227
v 1.249002 6.352552 -1.086829
v 1.185995 6.352552 -1.180782
v 1.486328 6.352552 -0.557526
v 1.572314 6.352552 0.000001
v 1.565355 6.352552 -0.056286
v 0.000000 4.912065 0.000001
v -1.493156 4.912066 -2.160730
v -0.065563 4.912066 -2.160730
v 1.307551 4.912065 -1.241451
v 1.307551 5.137936 -1.241451
v 1.373672 5.137936 -1.142611
v 1.373672 4.912065 -1.142611
v -1.493156 6.352552 -2.160730
v 1.622572 5.137936 -0.586014
v 1.622572 4.912065 -0.586014
v 1.705397 4.912065 -0.059159
v 1.705397 5.137936 -0.059159
v 1.712690 5.137936 0.000001
v 1.712690 4.912065 0.000001
v 0.289008 6.498219 -2.200320
v 0.742635 4.912066 -1.871218
v 0.742635 5.137937 -1.871218
v 1.154522 5.137937 -1.470206
v 1.154522 4.912066 -1.470206
v 0.289008 4.912066 -2.200320
v 0.742635 4.912066 -1.871218
v 1.622572 4.912065 -0.586014
v 1.705397 4.912065 -0.059159
v 1.712690 4.912065 0.000001
v 1.373672 4.912065 -1.142611
v 1.154522 4.912066 -1.470206
v 1.307551 4.912065 -1.241451
v 0.216654 6.352552 -2.092035
v 0.289008 6.217749 -2.200320
v 0.154249 6.354654 -2.196846
v 1.154522 6.217749 -1.470206
v 0.742635 6.217749 -1.871218
v 0.648092 6.352552 -1.779261
v 1.040168 6.352552 -1.398227
v 1.307551 6.217748 -1.241451
v 1.185995 6.352552 -1.180782
v 1.622572 6.217748 -0.586014
v 1.373672 6.217748 -1.142611
v 1.249002 6.352552 -1.086829
v 1.486328 6.352552 -0.557526
v 1.705397 6.217748 -0.059159
v 1.565355 6.352552 -0.056286
v 0.289008 6.217749 -2.200320
v 0.289008 6.217749 -2.200320
v 1.622572 6.155366 -0.586014
v 1.373672 6.155366 -1.142611
v 1.373672 6.217748 -1.142611
v 1.622572 6.217748 -0.586014
v 0.742635 6.155366 -1.871218
v 0.515821 6.155366 -2.035769
v 0.289008 6.217749 -2.200320
v 0.742635 6.217749 -1.871218
v 1.154522 6.155366 -1.470206
v 1.154522 6.217749 -1.470206
v 1.705397 6.155366 -0.059159
v 1.705397 6.217748 -0.059159
v 1.307551 6.155366 -1.241451
v 1.307551 6.217748 -1.241451
v 0.283989 6.498219 -6.996354
v 0.077906 6.498219 -7.202438
v 1.712690 6.155366 0.000001
v 1.712690 6.217748 0.000001
v 1.712690 6.217748 0.000001
v 1.572314 6.352552 0.000001
v -1.493156 6.498220 -11.298519
v -1.493156 5.137938 -11.298519
v -1.719074 5.137938 -11.524437
v -1.719074 6.498220 -11.524437
v -8.631121 5.137937 -7.202437
v -8.631121 5.137938 -11.524436
v -10.058712 6.724091 -5.999630
v -10.058712 7.794658 -5.999629
v -10.058712 7.794658 -7.058388
v -10.058712 6.724091 -7.058388
v 0.283990 6.724090 -3.407703
v 0.283990 7.741520 -3.407703
v 0.283990 7.741520 -2.459485
v 0.283990 6.724090 -2.459485
v -10.058712 6.724090 -0.052549
v -10.058712 7.794657 -0.052549
v -10.058712 7.794657 -1.022745
v -10.058712 6.724090 -1.022745
v -1.330787 6.724091 -7.202438
v -1.330787 7.741521 -7.202437
v -0.191387 7.741521 -7.202437
v -0.191387 6.724090 -7.202438
v 0.283989 6.724091 -6.716794
v 0.283989 7.741521 -6.716794
v 0.283989 7.741521 -5.768574
v 0.283989 6.724090 -5.768574
v 0.283989 6.724090 -5.665367
v 0.283989 7.741521 -5.665367
v 0.283989 7.741521 -4.639741
v 0.283989 6.724090 -4.639742
v 0.283989 6.724090 -4.536535
v 0.283989 7.741521 -4.536535
v 0.283990 7.741520 -3.510910
v 0.283990 6.724090 -3.510910
v -10.058712 6.724091 -2.218349
v -10.058712 7.794658 -2.218349
v -10.058712 7.794658 -3.363537
v -10.058712 6.724091 -3.363537
v -10.058712 6.724091 -3.478776
v -10.058712 7.794658 -3.478776
v -10.058712 7.794658 -4.623963
v -10.058712 6.724091 -4.623964
v -10.058712 6.724091 -4.739203
v -10.058712 7.794658 -4.739202
v -10.058712 7.794658 -5.884390
v -10.058712 6.724091 -5.884391
v -1.493156 7.938706 -2.160730
v -0.065563 7.938706 -2.160730
v -0.065563 8.084373 -2.160730
v -1.493156 8.084373 -2.160730
v -10.058712 7.938706 -2.160730
v -2.920749 7.938706 -2.160730
v -2.920749 8.084373 -2.160730
v -10.058712 8.084373 -2.160730
v -9.914663 6.724091 -7.202437
v -9.914663 7.794658 -7.202436
v -8.775169 7.794658 -7.202436
v -8.775169 6.724091 -7.202437
v -10.058712 7.938706 -2.160730
v -10.058712 7.938706 -1.080364
v -10.058712 7.938706 0.000002
v -10.058712 7.938706 -2.160730
v -10.058712 7.938706 0.000002
v -2.920749 7.938706 0.000001
v -2.920749 7.938706 -2.160730
v -3.040785 7.938708 -11.524437
v -4.388354 7.938708 -11.524437
v -4.388354 8.084375 -11.524437
v -3.040785 8.084375 -11.524437
v -10.058712 7.938707 -7.202436
v -10.058712 7.938707 -5.942009
v -10.058712 8.084374 -5.942009
v -10.058712 8.084374 -7.202436
v 0.154249 7.940808 -2.196846
v 0.289008 8.084373 -2.200320
v 0.216654 7.938706 -2.092035
v 0.154249 7.940808 -2.196846
v -0.065563 7.938706 -2.160730
v 0.000000 7.938706 0.000001
v 0.283989 8.084374 -5.716970
v 0.283989 8.084374 -4.588139
v 0.283990 8.084374 -3.459306
v 0.283989 6.724091 -6.996354
v 0.283989 8.084374 -6.996354
v -10.058712 6.724091 -7.202437
v -10.058712 7.938707 -7.202436
v -1.493156 8.084374 -7.202437
v 0.077906 8.084374 -7.202437
v -8.631121 7.938707 -7.202436
v -8.631121 7.794659 -8.585485
v -8.631121 6.724092 -8.585485
v -8.631121 6.724092 -7.346486
v -8.631121 7.794659 -7.346486
v -8.631121 6.724091 -7.202437
v -5.735922 7.938708 -11.524437
v -5.735922 8.084375 -11.524437
v -1.493156 6.724091 -7.202438
v -10.058712 6.724090 -1.137984
v -10.058712 7.794657 -1.137984
v -10.058712 7.794658 -2.103111
v -10.058712 6.724091 -2.103111
v -10.058712 6.498218 -1.080364
v -10.058712 6.498218 0.000002
v -10.058712 7.794657 0.000002
v -10.058712 7.938706 0.000002
v -10.058712 7.938707 -4.681583
v -10.058712 7.938706 -2.160730
v -10.058712 7.938706 -3.421157
v -10.058712 7.938706 -1.080364
v -10.058712 6.724091 -7.202437
v 0.289008 6.498219 -2.200320
v 0.289008 6.724091 -2.200320
v 0.515821 6.724091 -2.035769
v -1.493156 6.724091 -8.611185
v -1.493156 7.741521 -8.611185
v -1.493156 7.741521 -7.490108
v -1.493156 6.724091 -7.490109
v -7.083491 7.938708 -11.524437
v -7.083491 8.084375 -11.524437
v -8.295086 6.724092 -11.524436
v -8.295086 7.794659 -11.524436
v -7.137881 7.794659 -11.524437
v -7.137881 6.724092 -11.524437
v -7.029101 6.724092 -11.524437
v -7.029101 7.794659 -11.524437
v -5.790311 7.794659 -11.524437
v -5.790311 6.724092 -11.524437
v -5.681533 6.724092 -11.524437
v -5.681532 7.794659 -11.524437
v -4.442744 7.794659 -11.524437
v -4.442743 6.724092 -11.524437
v -4.333964 6.724092 -11.524437
v -4.333964 7.794659 -11.524437
v -3.095175 7.794659 -11.524437
v -3.095175 6.724092 -11.524437
v -2.986395 6.724092 -11.524437
v -2.986395 7.794659 -11.524437
v -1.829190 7.794659 -11.524437
v -1.829190 6.724092 -11.524437
v -1.719074 6.724092 -11.524437
v -8.631121 7.938708 -11.524436
v -1.493156 7.741521 -10.019005
v -1.493156 7.741522 -11.140080
v -1.493156 8.084375 -11.298519
v -1.493156 8.084375 -9.966869
v -8.631121 6.724092 -11.524436
v -1.719074 8.084375 -11.524437
v -8.631121 8.084375 -11.524436
v 0.289008 6.724091 -2.200320
v -1.493156 6.724092 -11.140080
v -1.493156 6.724091 -10.019005
v -1.493156 6.724092 -9.914735
v -1.493156 7.741521 -9.914735
v -1.493156 7.741521 -8.715456
v -1.493156 6.724091 -8.715456
v -8.631121 7.938707 -10.083770
v -8.631121 7.938707 -8.643104
v -8.631121 8.084374 -8.643104
v -8.631121 8.084375 -10.083770
v -8.631121 7.938708 -11.524436
v -8.631121 8.084375 -11.524436
v -10.058712 8.084374 -4.681583
v -10.058712 8.084374 -3.421157
v -1.493156 6.724092 -11.298519
v -8.631121 7.938707 -7.202436
v -8.631121 8.084374 -7.202436
v -10.058712 8.084373 -2.160730
v -8.631121 7.794659 -11.380387
v -8.631121 6.724092 -11.380387
v -8.631121 6.724092 -10.141390
v -8.631121 7.794659 -10.141390
v -8.631121 7.794659 -10.026150
v -8.631121 6.724092 -10.026150
v -8.631121 6.724092 -8.700724
v -8.631121 7.794659 -8.700724
v -1.493156 6.724091 -7.202438
v -1.493156 8.084374 -8.663320
v -1.493156 8.084374 -7.202437
v -10.058712 8.084374 -7.202436
v -8.631121 8.084374 -7.202436
v -10.058712 6.498219 -2.160730
v -2.920749 6.498219 -2.160730
v -2.920749 6.498218 -1.080365
v -10.058712 6.498218 -1.080364
v -2.920749 6.498218 0.000001
v -10.058712 6.498218 0.000002
v 0.648092 7.938706 -1.779261
v 1.040168 7.938706 -1.398227
v 1.249002 7.938706 -1.086829
v 1.185995 7.938706 -1.180782
v 1.486328 7.938706 -0.557526
v 1.572314 7.938706 0.000001
v 1.565355 7.938706 -0.056286
v 0.000000 6.498218 0.000001
v -1.493156 6.498219 -2.160730
v -0.065563 6.498219 -2.160730
v 1.307551 6.498218 -1.241451
v 1.307551 6.724089 -1.241451
v 1.373672 6.724089 -1.142611
v 1.373672 6.498218 -1.142611
v -1.493156 7.938706 -2.160730
v 1.622572 6.724089 -0.586014
v 1.622572 6.498218 -0.586014
v 1.705397 6.498218 -0.059159
v 1.705397 6.724089 -0.059159
v 1.712690 6.724089 0.000001
v 1.712690 6.498218 0.000001
v 0.289008 7.803903 -2.200320
v 0.742635 6.498219 -1.871218
v 0.742635 6.724090 -1.871218
v 1.154522 6.724090 -1.470206
v 1.154522 6.498219 -1.470206
v 0.289008 6.498219 -2.200320
v 0.742635 6.498219 -1.871218
v 1.622572 6.498218 -0.586014
v 1.705397 6.498218 -0.059159
v 1.712690 6.498218 0.000001
v 1.373672 6.498218 -1.142611
v 1.154522 6.498219 -1.470206
v 1.307551 6.498218 -1.241451
v 0.216654 7.938706 -2.092035
v 0.289008 7.803903 -2.200320
v 0.154249 7.940808 -2.196846
v 1.154522 7.803903 -1.470206
v 0.742635 7.803903 -1.871218
v 0.648092 7.938706 -1.779261
v 1.040168 7.938706 -1.398227
v 1.307551 7.803902 -1.241451
v 1.185995 7.938706 -1.180782
v 1.622572 7.803902 -0.586014
v 1.373672 7.803902 -1.142611
v 1.249002 7.938706 -1.086829
v 1.486328 7.938706 -0.557526
v 1.705397 7.803902 -0.059159
v 1.565355 7.938706 -0.056286
v 0.289008 8.084373 -2.200320
v 0.289008 7.803903 -2.200320
v 1.622572 7.741520 -0.586014
v 1.373672 7.741520 -1.142611
v 1.373672 7.803902 -1.142611
v 1.622572 7.803902 -0.586014
v 0.742635 7.741520 -1.871218
v 0.515821 7.741520 -2.035769
v 0.289008 7.803903 -2.200320
v 0.742635 7.803903 -1.871218
v 1.154522 7.741520 -1.470206
v 1.154522 7.803903 -1.470206
v 1.705397 7.741520 -0.059159
v 1.705397 7.803902 -0.059159
v 1.307551 7.741520 -1.241451
v 1.307551 7.803902 -1.241451
v 0.283989 8.084374 -6.996354
v 0.283989 6.724091 -6.996354
v 0.077906 6.724091 -7.202438
v 0.077906 8.084374 -7.202437
v 0.077906 6.724091 -7.202438
v 1.712690 7.741520 0.000001
v 1.712690 7.803902 0.000001
v 1.712690 7.803902 0.000001
v 1.572314 7.938706 0.000001
v -1.493156 8.084375 -11.298519
v -1.493156 6.724092 -11.298519
v -1.719074 6.724092 -11.524437
v -1.719074 8.084375 -11.524437
v -8.631121 6.724091 -7.202437
v -8.631121 6.724092 -11.524436
v -10.058712 8.310244 -5.999629
v -10.058712 9.380812 -5.999629
v -10.058712 9.380812 -7.058388
v -10.058712 8.310244 -7.058388
v 0.283990 8.310244 -3.407703
v 0.283990 9.327674 -3.407703
v 0.283990 9.327673 -2.459485
v 0.283990 8.310243 -2.459485
v -10.058712 8.310243 -0.052549
v -10.058712 9.380811 -0.052548
v -10.058712 9.380811 -1.022744
v -10.058712 8.310243 -1.022745
v -1.330787 8.310244 -7.202437
v -1.330787 9.327674 -7.202437
v -0.191387 9.327674 -7.202437
v -0.191387 8.310244 -7.202437
v 0.283989 8.310244 -6.716794
v 0.283989 9.327674 -6.716794
v 0.283989 9.327674 -5.768574
v 0.283989 8.310244 -5.768574
v 0.283989 8.310244 -5.665367
v 0.283989 9.327674 -5.665367
v 0.283989 9.327674 -4.639741
v 0.283989 8.310244 -4.639741
v 0.283989 8.310244 -4.536535
v 0.283989 9.327674 -4.536535
v 0.283990 9.327674 -3.510910
v 0.283990 8.310244 -3.510910
v -10.058712 8.310243 -2.218349
v -10.058712 9.380811 -2.218349
v -10.058712 9.380812 -3.363537
v -10.058712 8.310244 -3.363537
v -10.058712 8.310244 -3.478776
v -10.058712 9.380812 -3.478776
v -10.058712 9.380812 -4.623963
v -10.058712 8.310244 -4.623963
v -10.058712 8.310244 -4.739202
v -10.058712 9.380812 -4.739202
v -10.058712 9.380812 -5.884390
v -10.058712 8.310244 -5.884390
v -1.493156 9.524859 -2.160729
v -0.065563 9.524859 -2.160729
v -0.065563 9.670525 -2.160729
v -1.493156 9.670525 -2.160729
v -4.348341 9.524859 -2.160729
v -2.920749 9.524859 -2.160729
v -2.920749 9.670525 -2.160729
v -4.348341 9.670525 -2.160729
v -9.914663 8.310244 -7.202436
v -9.914663 9.380812 -7.202436
v -8.775169 9.380812 -7.202436
v -8.775169 8.310244 -7.202436
v -5.775934 9.524859 -2.160729
v -5.775934 9.670525 -2.160729
v -7.203527 9.524859 -2.160729
v -7.203527 9.670525 -2.160729
v 0.283989 9.524860 -5.716970
v 0.283989 9.524860 -4.588139
v 0.283990 9.524860 -3.603993
v 0.283989 8.310244 -6.996354
v 0.283989 9.524860 -6.996354
v -10.058712 9.380812 -7.202436
v -10.058712 9.524860 -7.202436
v -1.493156 9.524860 -7.202437
v 0.077906 9.524860 -7.202437
v -8.631121 9.524860 -7.202436
v -8.631121 9.380812 -8.585484
v -8.631121 8.310244 -8.585485
v -8.631121 8.310244 -7.346486
v -8.631121 9.380812 -7.346486
v -8.631121 8.310244 -7.202436
v -8.631121 9.524859 -2.160729
v -8.631121 9.670525 -2.160729
v -1.493156 8.310244 -7.202437
v -10.058712 8.310243 -1.137984
v -10.058712 9.380811 -1.137983
v -10.058712 9.380811 -2.103111
v -10.058712 8.310243 -2.103111
v -10.058712 8.084373 -1.080364
v -10.058712 8.084373 0.000002
v -10.058712 9.380811 0.000003
v -10.058712 9.524859 0.000003
v -10.058712 9.524859 -1.080363
v -10.058712 9.524859 -2.160729
v -10.058712 9.524860 -3.421156
v -10.058712 9.524860 -4.681583
v -10.058712 9.524860 -5.942009
v -10.058712 8.310244 -7.202436
v -10.058712 9.524860 -7.202436
v -10.058712 8.310244 -7.202436
v -4.333964 9.380813 -11.524436
v -4.442744 9.380813 -11.524436
v -4.388354 9.524861 -11.524436
v -10.058712 8.310243 0.000002
v 0.289008 8.084373 -2.200320
v 0.289008 8.310243 -2.200320
v 0.515821 8.310243 -2.035769
v -1.493156 8.310244 -8.611185
v -1.493156 9.327674 -8.611184
v -1.493156 9.327674 -7.490108
v -1.493156 8.310244 -7.490108
v -8.295086 8.310245 -11.524436
v -8.295086 9.380813 -11.524435
v -7.137881 9.380813 -11.524436
v -7.137881 8.310245 -11.524437
v -7.029101 8.310245 -11.524437
v -7.029101 9.380813 -11.524436
v -5.790311 9.380813 -11.524436
v -5.790311 8.310245 -11.524437
v -5.681533 8.310245 -11.524437
v -5.681532 9.380813 -11.524436
v -4.442743 8.310245 -11.524437
v -4.333964 8.310245 -11.524437
v -3.095175 9.380813 -11.524436
v -3.095175 8.310245 -11.524437
v -2.986395 8.310245 -11.524437
v -2.986395 9.380813 -11.524436
v -1.829190 9.380813 -11.524436
v -1.829190 8.310245 -11.524437
v -1.719074 8.310245 -11.524437
v -8.631121 9.524861 -11.524435
v -7.083491 9.524861 -11.524436
v -5.735922 9.524861 -11.524436
v -1.493156 9.327675 -10.019004
v -1.493156 9.327675 -11.140079
v -1.493156 9.524861 -11.298518
v -1.493156 9.524861 -9.966868
v -8.631121 9.380813 -11.524435
v -1.493156 9.327675 -9.914734
v -1.493156 9.327674 -8.715455
v -1.493156 9.524860 -8.663319
v -3.040785 9.524861 -11.524436
v -1.719074 9.524861 -11.524436
v 0.289008 8.310243 -2.200320
v -1.493156 8.310245 -11.140080
v -1.493156 8.310245 -10.019005
v -1.493156 8.310245 -9.914735
v -1.493156 8.310244 -8.715456
v -1.493156 8.310245 -11.298519
v -8.631121 9.380813 -11.380386
v -8.631121 8.310245 -11.380387
v -8.631121 8.310245 -10.141390
v -8.631121 9.380813 -10.141389
v -8.631121 9.380813 -10.026149
v -8.631121 8.310245 -10.026150
v -8.631121 8.310244 -8.700724
v -8.631121 9.380812 -8.700723
v -1.493156 8.310244 -7.202437
v -1.493156 9.524860 -7.202437
v -10.058712 8.084373 -2.160730
v -2.920749 8.084373 -2.160730
v -2.920749 8.084373 -1.080365
v -10.058712 8.084373 -1.080364
v -2.920749 8.084373 0.000001
v -10.058712 8.084373 0.000002
v 0.154249 9.526962 -2.196845
v -0.065563 9.524859 -2.160729
v -0.065563 9.670525 -2.160729
v 0.000000 8.084373 0.000001
v -1.493156 8.084373 -2.160730
v -0.065563 8.084373 -2.160730
v 1.307551 8.084373 -1.241451
v 1.307551 8.310243 -1.241451
v 1.373672 8.310243 -1.142611
v 1.373672 8.084373 -1.142611
v 1.622572 8.310243 -0.586014
v 1.622572 8.084373 -0.586014
v 1.705397 8.084373 -0.059159
v 1.705397 8.310243 -0.059159
v 1.712690 8.310243 0.000001
v 1.712690 8.084373 0.000001
v 0.289008 9.526962 -2.200319
v 0.742635 8.084373 -1.871218
v 0.742635 8.310243 -1.871218
v 1.154522 8.310243 -1.470206
v 1.154522 8.084373 -1.470206
v 0.289008 8.084373 -2.200320
v 0.742635 8.084373 -1.871218
v 1.622572 8.084373 -0.586014
v 1.705397 8.084373 -0.059159
v 1.712690 8.084373 0.000001
v 1.373672 8.084373 -1.142611
v 1.154522 8.084373 -1.470206
v 1.307551 8.084373 -1.241451
v -10.058712 10.027386 -5.942009
v -10.058712 10.027386 -4.681583
v -10.058712 10.160766 -4.681583
v -10.058712 10.160766 -5.942009
v -10.058712 10.027385 -1.080363
v -10.058712 10.027385 0.000003
v -10.058712 10.160765 0.000003
v -10.058712 10.160765 -1.080363
v -10.058712 10.027386 -3.421156
v -10.058712 10.160766 -3.421156
v -2.945927 10.027387 -11.524436
v -4.356734 10.027387 -11.524436
v -4.348341 10.160767 -11.524436
v -2.920749 10.160767 -11.524436
v -1.493156 10.027387 -11.298518
v -1.719074 10.027387 -11.524436
v -1.719074 10.160767 -11.524436
v -1.493156 10.160767 -11.298518
v -10.058712 10.027385 -2.160729
v -10.058712 10.160765 -2.160729
v -5.767541 10.027387 -11.524436
v -5.775934 10.160767 -11.524436
v -7.178350 10.027387 -11.524436
v -7.203527 10.160767 -11.524436
v -8.631121 10.027387 -10.083769
v -8.631121 10.027386 -8.643103
v -8.631121 10.160766 -8.643103
v -8.631121 10.160767 -10.083769
v -8.631121 10.027387 -11.524435
v -8.631121 10.160767 -11.524435
v 0.283989 10.027386 -6.996354
v 0.077906 10.027386 -7.202437
v 0.077906 10.160766 -7.202437
v 0.283989 10.160766 -6.996354
v -8.631121 10.027387 -11.524435
v -8.631121 10.160767 -11.524435
v 0.154249 10.027826 -2.196845
v 0.289008 10.027826 -2.200319
v 0.289008 10.160765 -2.200319
v 0.154249 10.160765 -2.196845
v 0.077906 10.027386 -7.202437
v -1.493156 10.027386 -7.202437
v -1.493156 10.160766 -7.202437
v 0.077906 10.160766 -7.202437
v -1.719074 10.027387 -11.524436
v -1.719074 10.160767 -11.524436
v -1.493156 10.027387 -10.030655
v -1.493156 10.027387 -11.298518
v -1.493156 10.160767 -11.298518
v -1.493156 10.160767 -10.047585
v 0.283989 10.027386 -5.900167
v 0.283989 10.027386 -6.996354
v 0.283989 10.160766 -6.996354
v 0.283989 10.160766 -5.948792
v 1.572314 10.027385 0.000002
v 1.486328 10.027385 -0.557525
v 1.486328 10.160765 -0.557525
v 1.572314 10.160765 0.000002
v 0.289008 10.027826 -2.200319
v 0.283990 10.027386 -3.603993
v 0.283990 10.160766 -3.603993
v 0.289008 10.160765 -2.200319
v 0.648092 10.027385 -1.779260
v 0.216654 10.027385 -2.092034
v 0.216654 10.160765 -2.092034
v 0.648092 10.160765 -1.779260
v 0.216654 9.524859 -2.092034
v 0.289008 9.390056 -2.200320
v 0.154249 9.526962 -2.196845
v 1.154522 9.390056 -1.470205
v 0.742635 9.390056 -1.871217
v 0.648092 9.524859 -1.779260
v 1.040168 9.524859 -1.398226
v 1.307551 9.390056 -1.241450
v 1.185995 9.524859 -1.180781
v 1.622572 9.390056 -0.586013
v 1.373672 9.390056 -1.142610
v 1.249002 9.524859 -1.086828
v 1.486328 9.524859 -0.557525
v 1.705397 9.390056 -0.059158
v 1.572314 9.524859 0.000002
v 0.289008 9.526962 -2.200319
v 0.154249 9.526962 -2.196845
v 0.289008 9.390056 -2.200320
v 1.622572 9.327673 -0.586013
v 1.373672 9.327673 -1.142610
v 1.373672 9.390056 -1.142610
v 1.622572 9.390056 -0.586013
v 0.742635 9.327673 -1.871217
v 0.515821 9.327673 -2.035769
v 0.289008 9.390056 -2.200320
v 0.742635 9.390056 -1.871217
v 1.154522 9.327673 -1.470205
v 1.154522 9.390056 -1.470205
v 1.705397 9.327673 -0.059158
v 1.705397 9.390056 -0.059158
v 1.307551 9.327673 -1.241450
v 1.307551 9.390056 -1.241450
v 0.289008 9.327673 -2.200320
v 0.289008 9.390056 -2.200320
v 0.289008 9.327673 -2.200320
v 0.283989 9.524860 -6.996354
v 0.283989 8.310244 -6.996354
v 0.077906 8.310244 -7.202437
v 0.077906 9.524860 -7.202437
v 0.077906 8.310244 -7.202437
v 1.712690 9.327673 0.000002
v 1.712690 9.390056 0.000002
v 1.712690 9.390056 0.000002
v -1.493156 9.524861 -11.298518
v -1.493156 8.310245 -11.298519
v -1.719074 8.310245 -11.524437
v -1.719074 9.524861 -11.524436
v -8.631121 9.380812 -7.202436
v -8.631121 9.524860 -7.202436
v -8.631121 9.524860 -8.643103
v -8.631121 8.310245 -11.524436
v -8.631121 9.524861 -10.083769
v -8.631121 9.524861 -11.524435
v -8.631121 9.380813 -11.524435
v -1.493156 10.027386 -8.675940
v -1.493156 10.160766 -8.679288
v 1.185995 10.027385 -1.180781
v 1.040168 10.027385 -1.398226
v 1.040168 10.160765 -1.398226
v 1.185995 10.160765 -1.180781
v -10.058712 10.027386 -7.202436
v -10.058712 10.160766 -7.202436
v -8.631121 10.027386 -7.202436
v -8.631121 10.160766 -7.202436
v 1.249002 10.027385 -1.086828
v 1.249002 10.160765 -1.086828
v -8.631121 10.027386 -7.202436
v -10.058712 10.027386 -7.202436
v -10.058712 10.160766 -7.202436
v -8.631121 10.160766 -7.202436
v 0.283989 10.027386 -4.736906
v 0.283989 10.160766 -4.776392
v -1.493156 10.027386 -7.202437
v -1.493156 10.160766 -7.202437
v 0.154249 10.027826 -2.196845
v 0.154249 10.160765 -2.196845
v 1.211790 9.975562 -0.475917
v 0.999804 9.975562 -0.948702
v 0.999804 9.790358 -0.948702
v 1.211790 9.790358 -0.475917
v 0.000091 9.975563 -3.603485
v 0.000091 9.975563 -4.776392
v 0.000091 9.790359 -4.776392
v 0.000091 9.790359 -3.603485
v 0.000091 9.975563 -5.948792
v 0.000091 9.975563 -6.878758
v 0.000091 9.790359 -6.878758
v 0.000091 9.790359 -5.948792
v 0.950209 9.975562 -1.022654
v 0.950209 9.790358 -1.022654
v 0.820962 9.975562 -1.215378
v 0.464900 9.975562 -1.561412
v 0.464900 9.790358 -1.561412
v 0.820962 9.790358 -1.215378
v -9.774815 9.975563 -5.942009
v -9.774815 9.975563 -4.681583
v -9.774815 9.790359 -4.681583
v -9.774815 9.790359 -5.942009
v 0.000091 9.975563 -6.878758
v -0.039689 9.975563 -6.918538
v -0.039689 9.790359 -6.918538
v 0.000091 9.790359 -6.878758
v 0.002651 9.975562 -1.896522
v -0.220448 9.975562 -2.271226
v -0.220448 9.790358 -2.271226
v 0.002651 9.790358 -1.896522
v -9.774815 9.975563 -3.421156
v -9.774815 9.790359 -3.421156
v -8.347221 9.975564 -10.083769
v -8.347221 9.975563 -8.643103
v -8.347221 9.790359 -8.643103
v -8.347221 9.790359 -10.083769
v -9.774815 9.975562 -2.160729
v -9.774815 9.790358 -2.160729
v -8.347221 9.975564 -11.240536
v -8.347221 9.790359 -11.240536
v -9.774815 9.975562 -1.080363
v -9.774815 9.975562 0.000003
v -9.774815 9.790358 0.000003
v -9.774815 9.790358 -1.080363
v -0.039689 9.975563 -6.918538
v -1.777055 9.975563 -6.918538
v -1.777055 9.790359 -6.918538
v -0.039689 9.790359 -6.918538
v -1.777055 9.975563 -8.679288
v -1.777055 9.975564 -10.047585
v -1.777055 9.790359 -10.047585
v -1.777055 9.790359 -8.679288
v 0.004119 9.975562 -2.476968
v 0.004119 9.790358 -2.476968
v -2.920749 9.975564 -11.240537
v -4.348341 9.975564 -11.240537
v -4.348341 9.790359 -11.240537
v -2.920749 9.790359 -11.240537
v -9.774815 9.975563 -6.918538
v -9.774815 9.790359 -6.918538
v -0.220448 9.975562 -2.271226
v 0.004119 9.975562 -2.476968
v 0.004119 9.790358 -2.476968
v -0.220448 9.790358 -2.271226
v -5.775934 9.975564 -11.240537
v -5.775934 9.790359 -11.240537
v 1.284182 9.975562 0.000002
v 1.284182 9.790358 0.000002
v -7.203527 9.975564 -11.240537
v -7.203527 9.790359 -11.240537
v -8.347221 9.975564 -11.240536
v -8.347221 9.790359 -11.240536
v -8.347221 9.975563 -6.918538
v -8.347221 9.790359 -6.918538
v -1.836668 9.975564 -11.240537
v -1.836668 9.790359 -11.240537
v -8.347221 9.975563 -6.918538
v -9.774815 9.975563 -6.918538
v -9.774815 9.790359 -6.918538
v -8.347221 9.790359 -6.918538
v -1.777055 9.975564 -11.180923
v -1.777055 9.790359 -11.180923
v -1.777055 9.975563 -6.918538
v -1.777055 9.790359 -6.918538
v -1.777055 9.975564 -11.180923
v -1.836668 9.975564 -11.240537
v -1.836668 9.790359 -11.240537
v -1.777055 9.790359 -11.180923
v -9.774815 10.160766 -5.942009
v -9.774815 10.160766 -6.918538
v -10.058712 10.160766 -7.202436
v -10.058712 10.160766 -5.942009
v 0.820962 10.160765 -1.215378
v 0.950209 10.160765 -1.022654
v 0.950209 10.681527 -1.022654
v 0.820962 10.681527 -1.215378
v -1.777055 10.160766 -6.918538
v -0.039689 10.160766 -6.918538
v 0.077906 10.160766 -7.202437
v -1.493156 10.160766 -7.202437
v -9.774815 10.160765 -2.160729
v -9.774815 10.160766 -3.421156
v -10.058712 10.160766 -3.421156
v -10.058712 10.160765 -2.160729
v -9.774815 10.160766 -4.681583
v -10.058712 10.160766 -4.681583
v 0.000091 10.160766 -5.948792
v 0.000091 10.160766 -4.776392
v 0.283989 10.160766 -4.776392
v 0.283989 10.160766 -5.948792
v 0.000091 10.160766 -3.603485
v 0.283990 10.160766 -3.603993
v -1.777055 10.160766 -8.679288
v -1.493156 10.160766 -8.679288
v -8.347221 10.160766 -6.918538
v -8.631121 10.160766 -7.202436
v -8.347221 10.160766 -8.643103
v -8.631121 10.160766 -8.643103
v -8.347221 10.160767 -11.240536
v -7.203527 10.160767 -11.240537
v -7.203527 10.160767 -11.524436
v -8.631121 10.160767 -11.524435
v -5.775934 10.160767 -11.240537
v -5.775934 10.160767 -11.524436
v -4.348341 10.160767 -11.240537
v -4.348341 10.160767 -11.524436
v -2.920749 10.160767 -11.240537
v -2.920749 10.160767 -11.524436
v -1.777055 10.160767 -10.047585
v -1.493156 10.160767 -10.047585
v -8.347221 10.160767 -10.083769
v -8.631121 10.160767 -10.083769
v 0.000091 10.160766 -6.878758
v 0.283989 10.160766 -6.996354
v -1.836668 10.160767 -11.240537
v -1.777055 10.160767 -11.180923
v -1.493156 10.160767 -11.298518
v -1.719074 10.160767 -11.524436
v -9.774815 10.160765 0.000003
v -9.774815 10.160765 -1.080363
v -10.058712 10.160765 -1.080363
v -10.058712 10.160765 0.000003
v 0.154249 10.681527 -2.196845
v 0.216654 10.681527 -2.092034
v 0.002651 10.160765 -1.896522
v 0.464900 10.160765 -1.561412
v 0.464900 10.681527 -1.561412
v 0.002651 10.681527 -1.896522
v 0.283990 10.160766 -3.603993
v 0.000091 10.160766 -3.603485
v 0.000091 10.681528 -3.603485
v 0.283990 10.681528 -3.603993
v 0.999804 10.160765 -0.948702
v 1.211790 10.160765 -0.475917
v 1.211790 10.681527 -0.475917
v 0.999804 10.681527 -0.948702
v 0.648092 10.681527 -1.779260
v 0.283990 10.681528 -3.603993
v 0.289008 10.681527 -2.200319
v 0.289008 10.681527 -2.200319
v 0.154249 10.681527 -2.196845
v -1.777055 9.790359 -11.180923
v -1.836668 9.790359 -11.240537
v -2.920749 9.790359 -11.240537
v -2.920749 9.790359 -10.083770
v -1.777055 9.790359 -10.047585
v -0.039689 9.790359 -6.918538
v 0.000091 9.790359 -5.948792
v 0.000091 9.790359 -6.878758
v 0.004119 9.790358 -2.476968
v 0.000091 9.790359 -3.603485
v -0.220448 9.790358 -2.271226
v -1.777055 9.790359 -3.421156
v -1.777055 9.790359 -6.918538
v -1.777055 9.790359 -5.942010
v -1.777055 9.790359 -4.681583
v 0.000091 9.790359 -4.776392
v -9.774815 9.790359 -4.681583
v -9.774815 9.790359 -3.421156
v -8.631121 9.790359 -3.421156
v -8.631121 9.790359 -4.681583
v -7.203527 9.790359 -3.421156
v -7.203527 9.790359 -4.681583
v -5.775934 9.790359 -4.681583
v -4.348341 9.790359 -4.681583
v -2.920749 9.790359 -3.421156
v -2.920749 9.790359 -4.681583
v -9.774815 9.790359 -5.942009
v -8.631121 9.790359 -5.942009
v -7.203527 9.790359 -5.942009
v -5.775934 9.790359 -5.942009
v -4.348341 9.790359 -5.942009
v -2.920749 9.790359 -5.942009
v -9.774815 9.790359 -6.918538
v -8.347221 9.790359 -6.918538
v -9.774815 9.790358 -2.160729
v -8.631121 9.790358 -2.160729
v -4.348342 9.790359 -8.643103
v -5.775934 9.790359 -8.643103
v -5.775934 9.790359 -7.202436
v -4.348342 9.790359 -7.202436
v -7.203527 9.790359 -8.643103
v -7.203527 9.790359 -7.202436
v -1.777055 9.790359 -8.679288
v -2.920749 9.790359 -8.643103
v -2.920749 9.790359 -7.202436
v -8.347221 9.790359 -8.643103
v -4.348341 9.790359 -11.240537
v -4.348342 9.790359 -10.083770
v -7.203527 9.790359 -11.240537
v -8.347221 9.790359 -11.240536
v -8.347221 9.790359 -10.083769
v -7.203527 9.790359 -10.083770
v -5.775934 9.790359 -11.240537
v -5.775934 9.790359 -10.083770
v -9.774815 9.790358 -1.080363
v -9.774815 9.790358 0.000003
v 0.002651 9.790358 -1.896522
v 0.464900 9.790358 -1.561412
v 0.820962 9.790358 -1.215378
v 0.999804 9.790358 -0.948702
v 0.950209 9.790358 -1.022654
v 1.211790 9.790358 -0.475917
v 1.284182 9.790358 0.000002
v 1.040168 10.681527 -1.398226
v 0.648092 10.820827 -1.779260
v 1.040168 10.820827 -1.398226
v 0.000091 10.681528 -3.603485
v 0.004119 10.681527 -2.476968
v 0.004119 10.820827 -2.476968
v 0.000091 10.820827 -3.603485
v 1.284182 10.681527 0.000002
v 1.284182 10.820827 0.000002
v 1.211790 10.820827 -0.475917
v 0.154249 10.820827 -2.196845
v 0.216654 10.820827 -2.092034
v 0.289008 10.820827 -2.200319
v 0.154249 10.820827 -2.196845
v 0.950209 10.820827 -1.022654
v 0.820962 10.820827 -1.215378
v 0.283990 10.820827 -3.603993
v 0.289008 10.820827 -2.200319
v 1.572314 10.681527 0.000002
v 1.486328 10.681527 -0.557525
v 1.486328 10.820827 -0.557525
v 1.572314 10.820827 0.000002
v 0.464900 10.820827 -1.561412
v 0.002651 10.820827 -1.896522
v 0.000091 10.160766 -3.603485
v 0.004119 10.160765 -2.476968
v 1.284182 10.160765 0.000002
v 1.185995 10.681527 -1.180781
v 1.249002 10.681527 -1.086828
v 0.004119 10.160765 -2.476968
v -0.220448 10.160765 -2.271226
v -0.220448 10.681527 -2.271226
v 0.004119 10.681527 -2.476968
v -0.220448 10.160765 -2.271226
v -0.220448 10.681527 -2.271226
v -1.493156 3.551784 -7.202438
v -8.631121 3.543409 -7.202437
v -8.631121 3.551785 -11.524436
v -8.631121 4.606425 -11.524436
v -10.058712 3.563792 -7.202437
v -10.058712 4.622351 -7.202437
v -10.058712 6.724090 0.000002
v -8.631121 8.310245 -11.524436
v -8.631121 9.380812 -7.202436
v -8.631121 8.310244 -7.202436
v -10.058712 9.380812 -7.202436
v 0.000091 10.820827 -3.603485
v 0.004119 10.820827 -2.476968
v 0.289008 10.820827 -2.200319
v 0.283990 10.820827 -3.603993
v -0.220448 10.820827 -2.271226
v 0.002651 10.820827 -1.896522
v 0.216654 10.820827 -2.092034
v 0.154249 10.820827 -2.196845
v 0.464900 10.820827 -1.561412
v 0.820962 10.820827 -1.215378
v 1.040168 10.820827 -1.398226
v 0.648092 10.820827 -1.779260
v 0.950209 10.820827 -1.022654
v 0.999804 10.820827 -0.948702
v 1.249002 10.820827 -1.086828
v 1.185995 10.820827 -1.180781
v 1.211790 10.820827 -0.475917
v 1.486328 10.820827 -0.557525
v 1.284182 10.820827 0.000002
v 1.572314 10.820827 0.000002
v -0.220448 10.820827 -2.271226
v 0.004119 10.820827 -2.476968
v -0.220448 10.820827 -2.271226
v 1.185995 10.820827 -1.180781
v 1.249002 10.820827 -1.086828
v 0.000091 10.820827 -3.603485
v 0.283990 10.820827 -3.603993
v 0.999804 10.820827 -0.948702
v 1.250599 4.766399 -3.459307
v 1.250599 4.768376 -2.309187
v 1.250599 5.129241 -2.309188
v 1.250599 5.129241 -3.459307
v 1.250598 4.766400 -4.588139
v 1.250598 5.129241 -4.588139
v 1.250598 4.766400 -4.588139
v 1.250598 4.766400 -5.716970
v 0.289008 4.766970 -5.716971
v 0.289008 4.766970 -4.588139
v 1.250599 4.766399 -3.459307
v 0.289008 4.766970 -3.459307
v 2.335722 5.129241 -1.470206
v 2.488751 5.129240 -1.241451
v 1.250598 4.766400 -6.996354
v 0.289008 4.766970 -6.996354
v 2.367195 4.766399 -1.180782
v 2.367195 5.129240 -1.180782
v 1.465190 5.129241 -3.459307
v 1.250599 5.129241 -3.459307
v 2.886597 5.129240 -0.059159
v 2.893890 5.129240 0.000001
v 1.397854 4.766399 -2.092035
v 1.829292 4.766399 -1.779261
v 1.829292 5.129241 -1.779261
v 1.397854 5.129241 -2.092034
v 1.251921 4.768376 -2.194693
v 1.251921 5.129241 -2.194693
v 2.746556 4.766399 -0.056286
v 2.746556 5.129240 -0.056286
v 2.221367 4.766399 -1.398227
v 2.221367 5.129240 -1.398227
v 1.923834 5.129241 -1.871218
v 1.829292 5.129241 -1.779261
v 1.465189 5.129241 -6.996354
v 1.250599 5.129241 -2.309188
v 1.469726 5.129241 -2.335123
v 2.893890 5.129240 0.000001
v 2.753514 5.129240 0.000001
v 2.753514 4.766399 0.000001
v 2.753514 5.129240 0.000001
v 1.259105 5.129241 -7.202438
v 1.465189 5.129241 -6.996354
v 1.469726 5.129241 -2.335123
v 1.470208 5.129241 -2.200320
v 1.470208 5.129241 -2.200320
v 1.923834 5.129241 -1.871218
v 1.465190 5.129241 -3.459307
v 0.077906 4.912066 -7.202438
v 0.283989 4.912066 -6.996354
v 0.283989 5.129241 -6.996354
v 0.077906 5.129241 -7.202438
v 1.465189 5.129241 -4.588139
v 0.283989 4.912066 -6.996354
v 0.289008 4.766970 -6.996354
v 1.250598 4.766400 -6.996354
v 1.250598 5.129241 -6.996354
v 0.283989 5.129241 -6.996354
v 1.251921 4.768376 -2.194693
v 1.251921 5.129241 -2.194693
v 1.259105 4.912066 -7.202438
v 0.077906 4.912066 -7.202438
v 0.077906 5.129241 -7.202438
v 1.259105 5.129241 -7.202438
v 0.289008 4.766970 -4.588139
v 1.250599 4.768376 -2.309187
v 0.289008 4.766970 -5.716971
v 0.289008 4.766970 -6.996354
v 0.216654 9.524859 -2.092034
v 0.154249 9.526962 -2.196845
v 1.040168 9.524859 -1.398226
v 0.648092 9.524859 -1.779260
v 1.249002 9.524859 -1.086828
v 1.185995 9.524859 -1.180781
v 1.486328 9.524859 -0.557525
v 1.572314 9.524859 0.000002
v -1.777055 10.160767 -11.180923
v -1.836668 10.160767 -11.240537
v -1.777055 10.160766 -6.918538
v -1.777055 10.160766 -8.679288
v -1.777055 10.160767 -10.047585
v -1.777055 10.160767 -11.180923
v -8.347221 10.160766 -6.918538
v -9.774815 10.160766 -6.918538
v -1.836668 10.160767 -11.240537
v -2.920749 10.160767 -11.240537
v -8.347221 10.160766 -8.643103
v -8.347221 10.160766 -6.918538
v -7.203527 10.160767 -11.240537
v -8.347221 10.160767 -11.240536
v -5.775934 10.160767 -11.240537
v -4.348341 10.160767 -11.240537
v -9.774815 10.160766 -6.918538
v -9.774815 10.160766 -5.942009
v -9.774815 10.160765 -2.160729
v -9.774815 10.160765 -1.080363
v -0.039689 10.160766 -6.918538
v -1.777055 10.160766 -6.918538
v -9.774815 10.160765 0.000003
v -8.347221 10.160767 -11.240536
v -8.347221 10.160767 -10.083769
v -9.774815 10.160766 -3.421156
v -9.774815 10.160766 -4.681583
v 0.000091 10.160766 -6.878758
v -0.039689 10.160766 -6.918538
v 0.000091 10.160766 -4.776392
v 0.000091 10.160766 -5.948792
v 0.000091 10.160766 -6.878758
v -10.058712 1.883806 5.999632
v -10.058712 1.883806 7.058392
v -10.058712 3.036196 7.058392
v -10.058712 3.036196 5.999632
v -0.084281 1.965628 7.202439
v 1.037768 1.965628 7.202439
v 1.037768 2.983059 7.202439
v -0.084281 2.983059 7.202439
v 1.465190 1.965628 3.407704
v 1.465190 1.965629 2.459486
v 1.465190 2.983059 2.459486
v 1.465190 2.983059 3.407705
v -10.058712 1.883807 0.052551
v -10.058712 1.883807 1.022747
v -10.058712 3.036197 1.022748
v -10.058712 3.036197 0.052551
v -1.330786 1.965628 7.202439
v -0.191386 1.965628 7.202439
v -0.191386 2.983059 7.202439
v -1.330786 2.983059 7.202439
v 1.465190 1.965628 6.716795
v 1.465190 1.965628 5.768577
v 1.465190 2.983059 5.768577
v 1.465190 2.983059 6.716795
v 1.465190 1.965628 5.665368
v 1.465190 1.965628 4.639744
v 1.465190 2.983059 4.639744
v 1.465190 2.983059 5.665368
v 1.465190 1.965628 4.536537
v 1.465190 1.965628 3.510912
v 1.465190 2.983059 3.510912
v 1.465190 2.983059 4.536537
v -10.058712 1.883807 2.218351
v -10.058712 1.883806 3.363539
v -10.058712 3.036196 3.363539
v -10.058712 3.036196 2.218351
v -10.058712 1.883806 3.478779
v -10.058712 1.883806 4.623967
v -10.058712 3.036196 4.623967
v -10.058712 3.036196 3.478780
v -10.058712 1.883806 4.739205
v -10.058712 1.883806 5.884394
v -10.058712 3.036196 5.884394
v -10.058712 3.036196 4.739205
v -1.493156 3.180246 2.160733
v -1.493156 3.325912 2.160733
v -0.065563 3.325912 2.160733
v -0.065563 3.180246 2.160733
v 1.465190 3.180245 4.588140
v 1.465190 3.325911 4.588140
v 1.465190 3.325911 5.716972
v 1.465190 3.180245 5.716972
v -0.137834 3.180245 7.202439
v -0.137834 3.325911 7.202439
v -1.493155 3.325911 7.202439
v -1.493155 3.180245 7.202439
v -9.914663 1.883806 7.202440
v -8.775169 1.883806 7.202440
v -8.775169 3.036196 7.202440
v -9.914663 3.036196 7.202440
v -10.058712 3.180246 2.160733
v -10.058712 3.180246 0.000002
v -10.058712 3.180246 1.080366
v -10.058712 3.180246 2.160733
v -2.920749 3.180246 2.160733
v -10.058712 3.180246 2.160733
v -10.058712 3.325912 2.160733
v -2.920749 3.325912 2.160733
v -2.920749 3.180246 2.160733
v -3.040784 3.180244 11.524438
v -3.040784 3.325910 11.524438
v -4.388353 3.325910 11.524438
v -4.388353 3.180244 11.524438
v -10.058712 3.180245 7.202440
v -10.058712 3.325911 7.202440
v -10.058712 3.325911 5.942012
v -10.058712 3.180245 5.942012
v 1.470208 3.325912 2.200322
v 1.335449 3.182348 2.196847
v 1.397854 3.180246 2.092036
v -0.065563 3.180246 2.160733
v 1.335449 3.182348 2.196847
v 1.465190 1.739757 3.459308
v 1.470208 1.739758 2.200322
v 1.465190 1.739757 5.716972
v 1.465190 1.739757 4.588140
v 1.465190 4.569212 4.536537
v 1.465190 4.912064 4.588141
v 1.465190 4.569212 4.639745
v -0.065563 1.739757 5.904263
v 1.465190 1.739757 5.716972
v 1.465190 1.739757 6.996356
v 1.259106 1.739757 7.202439
v -0.137834 1.739757 7.202439
v -0.137834 1.739757 7.202439
v 1.259106 1.739757 7.202439
v 1.259106 3.180245 7.202439
v 1.465190 3.180246 3.459308
v 1.465190 4.569212 5.665368
v 1.465190 4.912064 5.716973
v 1.465190 4.569212 5.768577
v 1.465190 3.325911 6.996356
v 1.465190 3.180245 6.996356
v 1.465190 1.739757 6.996356
v 1.259106 3.325911 7.202439
v -10.058712 3.180245 7.202440
v -10.058712 1.739757 7.202440
v -8.631121 1.739757 7.202440
v -1.493155 1.739757 7.202439
v -7.203527 1.739757 8.643105
v -7.203527 1.739757 7.202439
v -5.775934 1.739757 7.202439
v -5.775934 1.739757 8.643105
v -8.631121 3.180245 7.202440
v -4.348341 1.739757 7.202439
v -4.348341 1.739757 8.643105
v -8.631121 3.036196 8.585487
v -8.631121 3.036196 7.346488
v -8.631121 1.883806 7.346488
v -8.631121 1.883806 8.585486
v -2.920748 1.739757 7.202439
v -2.920748 1.739757 8.643105
v -1.493155 1.739757 7.202439
v -1.493155 1.739757 8.663321
v -5.735921 3.325910 11.524438
v -5.735921 3.180244 11.524438
v -10.058712 1.883807 1.137986
v -10.058712 1.883807 2.103113
v -10.058712 3.036197 2.103113
v -10.058712 3.036197 1.137986
v -10.058712 1.739758 1.080366
v -10.058712 1.739758 2.160732
v -10.058712 1.739757 3.421159
v -10.058712 3.180246 2.160733
v -10.058712 3.180246 3.421160
v -10.058712 3.180245 4.681586
v -10.058712 1.739757 4.681586
v -10.058712 1.739757 5.942012
v -10.058712 3.180246 1.080366
v -10.058712 1.739757 7.202440
v 1.470208 1.739758 2.200322
v 1.697021 1.965629 2.035770
v 1.470208 1.965629 2.200322
v -1.493155 1.965628 8.611185
v -1.493155 1.965628 7.490110
v -1.493155 2.983059 7.490110
v -1.493155 2.983058 8.611186
v -8.631121 1.739757 8.643106
v -8.631121 1.739757 7.202440
v -7.083490 3.325910 11.524438
v -7.083490 3.180244 11.524438
v -8.295084 1.883805 11.524438
v -7.137880 1.883805 11.524437
v -7.137880 3.036195 11.524438
v -8.295084 3.036195 11.524439
v -7.029100 1.883805 11.524437
v -5.790310 1.883805 11.524437
v -5.790310 3.036195 11.524438
v -7.029100 3.036195 11.524438
v -5.681531 1.883805 11.524437
v -4.442743 1.883805 11.524437
v -4.442743 3.036195 11.524438
v -5.681531 3.036195 11.524438
v -4.333963 1.883805 11.524437
v -3.095174 1.883805 11.524437
v -3.095174 3.036195 11.524438
v -4.333963 3.036195 11.524438
v -2.986394 1.883805 11.524437
v -1.829189 1.883805 11.524437
v -1.829189 3.036195 11.524438
v -2.986394 3.036195 11.524438
v -1.719073 1.739756 11.524437
v -1.719073 3.180244 11.524438
v -5.735921 1.739756 11.524437
v -4.388353 1.739756 11.524437
v -8.631119 1.739756 11.524438
v -7.083490 1.739756 11.524437
v -8.631119 3.180244 11.524439
v -1.493155 2.983058 10.019006
v -1.493155 3.180244 9.966871
v -1.493155 3.180244 11.298520
v -1.493155 2.983058 11.140081
v -3.040784 1.739756 11.524437
v -8.631119 3.325910 11.524439
v -1.493155 3.180245 8.663321
v -1.493155 3.325911 8.663321
v -1.493155 3.325910 9.966871
v 1.470208 1.965629 2.200322
v -1.719073 3.325910 11.524438
v -8.631119 1.739756 11.524438
v -8.631119 1.739756 10.083773
v -7.203526 1.739756 10.083772
v -7.083490 1.739756 11.524437
v -1.493155 1.965627 11.140080
v -1.493155 1.965627 10.019005
v -1.493155 1.965627 9.914735
v -1.493155 1.965628 8.715457
v -1.493155 2.983058 8.715458
v -1.493155 2.983058 9.914736
v -8.631119 3.180244 10.083774
v -8.631119 3.325910 10.083774
v -8.631121 3.325911 8.643107
v -8.631121 3.180245 8.643107
v -8.631119 3.180244 11.524439
v -8.631119 3.325910 11.524439
v -10.058712 3.325911 4.681586
v -10.058712 3.325912 3.421160
v -1.493155 1.739756 11.298519
v -2.920748 1.739756 10.083772
v -1.493155 1.739756 9.966870
v -4.388353 1.739756 11.524437
v -4.348341 1.739756 10.083772
v -3.040784 1.739756 11.524437
v -8.631121 3.325911 7.202440
v -8.631121 3.180245 7.202440
v -10.058712 3.325912 2.160733
v -8.631119 3.036195 11.380390
v -8.631119 3.036195 10.141393
v -8.631119 1.883805 10.141392
v -8.631119 1.883805 11.380389
v -8.631119 3.036195 10.026154
v -8.631121 3.036196 8.700727
v -8.631121 1.883806 8.700726
v -8.631119 1.883805 10.026153
v -5.735921 1.739756 11.524437
v -5.775933 1.739756 10.083772
v -1.493155 1.739757 7.202439
v -1.493155 3.180245 7.202439
v -1.493155 1.739756 11.298519
v -1.719073 1.739756 11.524437
v -1.493155 1.739757 8.663321
v -1.493155 3.325910 11.298520
v -1.493155 1.739756 9.966870
v -1.493155 3.325911 7.202439
v -8.631121 3.325911 7.202440
v -10.058712 3.325911 7.202440
v 1.465190 3.325912 3.459308
v -7.203527 1.739757 5.904263
v -5.775934 1.739757 5.904263
v -4.348341 1.739757 5.904263
v -2.920748 1.739757 5.904263
v -8.631121 1.739757 5.904263
v -1.493155 1.739757 5.904263
v -4.348341 1.739757 4.681586
v -2.920748 1.739757 4.681586
v -1.493155 1.739757 4.681586
v -5.775934 1.739757 4.681586
v -7.203527 1.739757 4.681586
v -8.631121 1.739757 4.681586
v -4.348342 1.739757 3.458909
v -2.920749 1.739757 3.458909
v -1.493156 1.739757 3.458909
v -5.775934 1.739757 3.458909
v -7.203527 1.739757 3.458909
v -8.631121 1.739757 3.458909
v -4.348342 1.739758 2.160732
v -2.920749 1.739758 2.160732
v -1.493156 1.739758 2.160732
v -5.775934 1.739758 2.160732
v -7.203527 1.739758 2.160732
v -8.631121 1.739758 2.160732
v -0.065563 1.739757 4.681586
v -0.065563 1.739757 3.458909
v -0.065563 1.739758 2.160732
v 1.470208 1.739758 2.200322
v 1.465190 1.739757 3.459308
v 1.465190 1.739757 4.588140
v -10.058712 1.739757 7.202440
v -10.058712 1.739757 5.942012
v -10.058712 1.739757 4.681586
v -10.058712 1.739757 3.421159
v -10.058712 1.739758 2.160732
v -10.058712 1.739758 1.080366
v -8.631121 1.739758 1.080366
v -7.203527 1.739758 1.080366
v -4.348342 1.739758 1.080366
v -2.920749 1.739758 1.080366
v -5.775934 1.739758 1.080366
v 1.829292 3.180246 1.779262
v 2.221368 3.180246 1.398229
v 2.430203 3.180246 1.086830
v 2.367195 3.180246 1.180784
v 2.667529 3.180246 0.557528
v 2.746556 3.180246 0.056288
v 2.488751 1.739758 1.241452
v 2.554872 1.739758 1.142612
v 2.554872 1.965629 1.142612
v 2.488751 1.965629 1.241452
v -1.493156 3.180246 2.160733
v 2.803772 1.739758 0.586014
v 2.803772 1.965629 0.586014
v 2.886597 1.739758 0.059160
v 2.886597 1.965629 0.059161
v 1.469726 3.182348 2.335124
v 1.923835 1.739758 1.871219
v 2.335722 1.739758 1.470207
v 2.335722 1.965629 1.470207
v 1.923835 1.965629 1.871219
v 1.923835 1.739758 1.871219
v 2.803772 1.739758 0.586014
v 2.886597 1.739758 0.059160
v 2.554872 1.739758 1.142612
v 2.335722 1.739758 1.470207
v 2.488751 1.739758 1.241452
v 1.397854 3.180246 2.092036
v 1.335449 3.182348 2.196847
v 1.470208 3.045442 2.200322
v 2.335722 3.045442 1.470207
v 2.221368 3.180246 1.398229
v 1.829292 3.180246 1.779262
v 1.923835 3.045442 1.871220
v 2.488751 3.045442 1.241452
v 2.367195 3.180246 1.180784
v 2.803772 3.045442 0.586014
v 2.667529 3.180246 0.557528
v 2.430203 3.180246 1.086830
v 2.554872 3.045442 1.142612
v 2.886597 3.045442 0.059160
v 2.746556 3.180246 0.056288
v 1.470208 3.325912 2.200322
v 1.470208 3.182348 2.200322
v 1.470208 3.182348 2.200322
v 1.470208 3.045442 2.200322
v 1.470208 3.045442 2.200322
v 2.803772 2.983060 0.586014
v 2.803772 3.045442 0.586014
v 2.554872 3.045442 1.142612
v 2.554872 2.983060 1.142612
v 1.923835 2.983060 1.871220
v 1.923835 3.045442 1.871220
v 1.470208 3.045442 2.200322
v 1.697021 2.983060 2.035770
v 2.335722 2.983060 1.470207
v 2.335722 3.045442 1.470207
v 2.886597 2.983060 0.059161
v 2.886597 3.045442 0.059160
v 2.488751 2.983060 1.241452
v 2.488751 3.045442 1.241452
v 1.470208 2.983059 2.200322
v 1.470208 2.983059 2.200322
v 1.465190 3.180245 6.996356
v 1.259106 3.180245 7.202439
v 1.259106 1.739757 7.202439
v 1.465190 1.739757 6.996356
v 1.465190 3.325911 6.996356
v 1.259106 3.325911 7.202439
v -1.493155 3.180244 11.298520
v -1.719073 3.180244 11.524438
v -1.719073 1.739756 11.524437
v -1.493155 1.739756 11.298519
v -1.493155 3.325910 11.298520
v -1.719073 3.325910 11.524438
v -8.631119 1.739756 10.083773
v -8.631119 1.739756 11.524438
v -8.631121 1.739757 7.202440
v -8.631121 1.739757 8.643106
v -8.631121 3.551782 8.700727
v -8.631121 4.622349 8.700727
v -8.631121 4.622349 8.585487
v -8.631121 3.551782 8.585487
v -10.058712 3.551782 5.999632
v -10.058712 3.551782 7.058392
v -10.058712 4.622349 7.058392
v -10.058712 4.622349 5.999633
v -0.084281 3.551782 7.202439
v 1.037768 3.551782 7.202439
v 1.037768 4.569212 7.202440
v -0.084281 4.569212 7.202440
v 1.465190 3.551783 3.407705
v 1.465190 3.551783 2.459486
v 1.465190 4.569212 2.459487
v 1.465190 4.569212 3.407705
v -10.058712 3.551783 0.052553
v -10.058712 3.551783 1.022748
v -10.058712 4.622350 1.022748
v -10.058712 4.622350 0.052552
v -1.330786 3.551782 7.202439
v -0.191386 3.551782 7.202439
v -0.191386 4.569212 7.202440
v -1.330786 4.569212 7.202440
v 1.465190 3.551782 6.716795
v 1.465190 3.551782 5.768577
v 1.465190 4.569212 6.716796
v 1.465190 3.551782 5.665368
v 1.465190 3.551782 4.639744
v 1.465190 3.551782 4.536537
v 1.465190 3.551783 3.510912
v 1.465190 4.569212 3.510913
v -10.058712 3.551783 2.218351
v -10.058712 3.551783 3.363539
v -10.058712 4.622350 3.363540
v -10.058712 4.622350 2.218352
v -10.058712 3.551783 3.478780
v -10.058712 3.551782 4.623967
v -10.058712 4.622349 4.623967
v -10.058712 4.622350 3.478780
v -10.058712 3.551782 4.739205
v -10.058712 3.551782 5.884394
v -10.058712 4.622349 5.884394
v -10.058712 4.622349 4.739206
v -1.493156 4.766398 2.160733
v -1.493156 4.912065 2.160733
v -0.065563 4.912065 2.160733
v -0.065563 4.766398 2.160733
v -10.058712 4.766398 2.160733
v -10.058712 4.912065 2.160733
v -2.920749 4.912065 2.160733
v -2.920749 4.766398 2.160733
v 2.803772 4.912065 0.586016
v 2.803772 5.129240 0.586016
v 2.554872 5.129240 1.142613
v 2.554872 4.912065 1.142613
v -0.137834 4.912064 7.202440
v -0.137834 4.912064 7.202440
v -1.493155 4.912064 7.202440
v -9.914663 3.551782 7.202440
v -8.775169 3.551782 7.202440
v -8.775169 4.622349 7.202441
v -9.914663 4.622349 7.202441
v -10.058712 4.766398 2.160733
v -10.058712 4.766399 0.000002
v -10.058712 4.766399 1.080367
v -10.058712 4.766398 2.160733
v -2.920749 4.766398 2.160733
v -10.058712 4.766398 7.202441
v -10.058712 4.912064 7.202441
v -10.058712 4.912064 5.942013
v -10.058712 4.766398 5.942013
v 0.289008 4.912065 2.200323
v 0.289008 4.766969 2.199137
v 1.397854 4.766398 2.092037
v -0.065563 4.766398 2.160733
v 0.289008 4.766969 2.199137
v 1.251921 4.768375 2.194695
v 1.259106 4.912064 7.202440
v -0.137834 4.912064 7.202440
v 1.465190 4.912065 3.459309
v 2.430203 4.766399 1.086831
v 2.430203 5.129240 1.086831
v 2.667529 5.129240 0.557528
v 2.667529 4.766399 0.557528
v 1.465190 4.912064 6.996356
v 1.465190 3.551782 6.996356
v 1.259106 4.912064 7.202440
v 0.077906 4.912064 7.202440
v -0.137834 4.912064 7.202440
v -0.137834 4.912064 7.202440
v -1.493155 3.551782 7.202439
v -1.493155 4.569212 7.202440
v -1.493155 4.569211 7.490111
v -1.493155 3.551782 7.490110
v -10.058712 4.766398 7.202441
v -10.058712 4.622349 7.202441
v -1.493155 4.912064 7.202440
v -8.631121 4.766398 7.202441
v -8.631121 4.622349 7.346489
v -8.631121 3.551782 7.346488
v -8.631121 3.543407 7.202440
v -1.493155 4.569212 7.202440
v -10.058712 3.551783 1.137987
v -10.058712 3.551783 2.103113
v -10.058712 4.622350 2.103114
v -10.058712 4.622350 1.137987
v -10.058712 3.325912 1.080367
v -10.058712 4.766399 1.080367
v -10.058712 4.766398 3.421160
v -10.058712 4.766398 2.160733
v -10.058712 4.766398 4.681587
v 0.077906 5.137935 7.202440
v 0.077906 6.498217 7.202440
v -0.191386 6.155365 7.202440
v -0.191386 5.137935 7.202440
v -10.058712 3.563790 7.202440
v 0.077906 5.137935 7.202440
v 0.077906 4.912064 7.202440
v 0.283990 4.912064 6.996356
v 0.283990 5.137935 6.996356
v 0.283990 5.137935 6.996356
v 0.283990 4.912064 6.996356
v 0.283990 5.137935 6.716796
v -1.493155 5.137935 9.914736
v -1.493155 5.137935 10.019006
v -1.493155 4.912064 9.966871
v 1.470208 3.325912 2.200322
v 1.697021 3.551783 2.035770
v 1.470208 3.551783 2.200322
v -1.493155 3.551782 8.611186
v -1.493155 4.569211 8.611186
v -8.295084 3.551781 11.524439
v -7.137880 3.551781 11.524438
v -7.137880 4.622348 11.524438
v -8.295084 4.622348 11.524439
v -7.029100 3.551781 11.524438
v -5.790310 3.551781 11.524438
v -5.790310 4.622348 11.524438
v -7.029100 4.622348 11.524438
v -5.681531 3.551781 11.524438
v -4.442743 3.551781 11.524438
v -4.442743 4.622348 11.524438
v -5.681531 4.622348 11.524438
v -4.333963 3.551781 11.524438
v -3.095174 3.551781 11.524438
v -3.095174 4.622348 11.524438
v -4.333963 4.622348 11.524438
v -2.986394 3.551781 11.524438
v -1.829189 3.551781 11.524438
v -1.829189 4.622348 11.524438
v -2.986394 4.622348 11.524438
v -1.719073 3.551781 11.524438
v -7.083490 4.912063 11.524438
v -8.631119 4.912063 11.524439
v -4.388353 4.912063 11.524438
v -5.735921 4.912063 11.524438
v -1.493155 4.569211 10.019006
v -1.493155 4.912063 11.298520
v -1.493155 4.569211 11.140081
v -8.631119 4.606421 11.524439
v -1.719073 4.912063 11.524438
v -3.040784 4.912063 11.524438
v 1.470208 3.551783 2.200322
v -1.493155 3.551781 11.140081
v -1.493155 3.551781 10.019006
v -1.493155 3.551781 9.914736
v -1.493155 3.551782 8.715458
v -1.493155 4.569211 8.715458
v -1.493155 4.569211 9.914736
v -8.631119 4.766397 10.083774
v -8.631119 4.912064 10.083774
v -8.631121 4.912064 8.643107
v -8.631121 4.766397 8.643107
v -8.631119 4.912063 11.524439
v -10.058712 4.912064 4.681587
v -10.058712 4.912065 3.421160
v -1.493155 3.551781 11.298520
v -8.631121 4.912064 7.202441
v -8.631121 4.766398 7.202441
v -10.058712 4.912065 2.160733
v -8.631119 4.622348 11.380390
v -8.631119 4.622349 10.141393
v -8.631119 3.551781 10.141393
v -8.631119 3.551781 11.380390
v -8.631119 4.622349 10.026154
v -8.631119 3.551781 10.026154
v -1.493155 4.912064 7.202440
v -1.493155 4.912064 8.663321
v -1.719073 3.551781 11.524438
v -1.493155 3.551781 11.298520
v -8.631121 4.912064 7.202441
v -10.058712 4.912064 7.202441
v 1.250599 4.766398 6.996356
v 1.250599 5.129239 6.996356
v 1.250599 5.129239 5.716972
v 1.250599 4.766398 5.716972
v -10.058712 3.325912 2.160733
v -10.058712 3.325912 1.080367
v -2.920749 3.325912 1.080367
v -2.920749 3.325912 2.160733
v 1.829292 4.766398 1.779263
v 2.221368 4.766399 1.398229
v 2.430203 4.766399 1.086831
v 2.367195 4.766399 1.180784
v 2.667529 4.766399 0.557528
v 2.746556 4.766399 0.056288
v -1.493156 3.325912 2.160733
v -0.065563 3.325912 2.160733
v 2.488751 3.325912 1.241453
v 2.554872 3.325912 1.142613
v 2.554872 3.551783 1.142613
v 2.488751 3.551783 1.241453
v -1.493156 4.766398 2.160733
v 2.803772 3.325912 0.586015
v 2.803772 3.551783 0.586015
v 2.886597 3.325912 0.059161
v 2.886597 3.551783 0.059162
v 1.469726 4.912065 2.335125
v 1.923835 3.325912 1.871220
v 2.335722 3.325912 1.470208
v 2.335722 3.551783 1.470208
v 1.923835 3.551783 1.871220
v 1.470208 3.325912 2.200322
v 1.923835 3.325912 1.871220
v 2.803772 3.325912 0.586015
v 2.886597 3.325912 0.059161
v 2.554872 3.325912 1.142613
v 2.335722 3.325912 1.470208
v 2.488751 3.325912 1.241453
v 2.803772 4.631595 0.586015
v 2.554872 4.631595 1.142613
v 1.397854 5.129240 2.092037
v 1.251921 5.129240 2.194696
v 1.470208 5.129240 2.200323
v 2.886597 5.129240 0.059161
v 2.746556 5.129240 0.056288
v 2.667529 5.129240 0.557528
v 2.803772 5.129240 0.586016
v 2.430203 5.129240 1.086831
v 2.554872 5.129240 1.142613
v 2.488751 5.129240 1.241453
v 2.367195 5.129240 1.180784
v 2.221368 5.129240 1.398229
v 2.335722 5.129240 1.470208
v 2.886597 4.912065 0.059162
v 2.886597 4.631595 0.059161
v 0.289008 4.912065 2.200323
v 0.283990 4.912065 3.459309
v 0.289008 4.766969 3.459309
v 0.289008 4.766969 2.199137
v 0.283990 5.129239 6.996356
v 0.077906 5.129239 7.202440
v 1.259106 5.129239 7.202440
v 1.250599 5.129239 6.996356
v 1.470208 4.631595 2.200323
v 1.470208 4.912065 2.200323
v 1.465190 5.129239 4.588141
v 1.250599 5.129239 4.588141
v 1.250599 5.129239 5.716972
v 1.465190 5.129239 5.716973
v 2.803772 4.569213 0.586015
v 2.554872 4.569213 1.142613
v 1.923835 4.569212 1.871220
v 1.923835 4.631595 1.871220
v 1.470208 4.631595 2.200323
v 1.697021 4.569212 2.035771
v 2.335722 4.569212 1.470208
v 2.335722 4.631595 1.470208
v 2.886597 4.569213 0.059162
v 2.488751 4.569213 1.241453
v 2.488751 4.631595 1.241453
v 1.470208 4.569212 2.200323
v 1.923835 4.912065 1.871220
v 1.470208 4.912065 2.200323
v 1.470208 4.569212 2.200323
v 1.465190 4.912064 6.996356
v 1.259106 4.912064 7.202440
v 1.259106 3.551782 7.202439
v 1.465190 3.551782 6.996356
v 1.465190 5.129239 5.716973
v 1.465190 5.129239 6.996356
v 1.259106 3.551782 7.202439
v 2.488751 4.912065 1.241453
v 2.335722 4.912065 1.470208
v -1.493155 4.912063 11.298520
v -1.719073 4.912063 11.524438
v -8.631121 4.622349 7.202441
v -8.631119 3.551781 11.524439
v -8.631121 4.622349 7.202441
v -1.493155 5.137935 7.202440
v -1.493155 6.498217 7.202440
v -1.493155 6.155365 7.490111
v -1.493155 5.137935 7.490111
v -10.058712 5.137935 5.999633
v -10.058712 5.137935 7.058392
v -10.058712 6.208503 7.058392
v -10.058712 6.208503 5.999633
v 0.283990 5.137936 3.407705
v 0.283990 5.137936 2.459487
v 0.283990 6.155365 2.459487
v 0.283990 6.155365 3.407705
v -10.058712 5.137936 0.052553
v -10.058712 5.137936 1.022748
v -10.058712 6.208504 1.022748
v -10.058712 6.208504 0.052552
v -1.330786 5.137935 7.202440
v -1.330786 6.155365 7.202440
v 0.283990 5.137935 5.768577
v 0.283990 6.155365 5.768577
v 0.283990 6.155365 6.716796
v 0.283990 5.137935 5.665368
v 0.283990 5.137935 4.639745
v 0.283990 6.155365 4.639745
v 0.283990 6.155365 5.665368
v 0.283990 5.137935 4.536537
v 0.283990 5.137936 3.510913
v 0.283990 6.155365 3.510913
v 0.283990 6.155365 4.536537
v -10.058712 5.137936 2.218352
v -10.058712 5.137936 3.363540
v -10.058712 6.208504 3.363540
v -10.058712 6.208504 2.218352
v -10.058712 5.137936 3.478780
v -10.058712 5.137935 4.623967
v -10.058712 6.208503 4.623967
v -10.058712 6.208504 3.478780
v -10.058712 5.137935 4.739206
v -10.058712 5.137935 5.884394
v -10.058712 6.208503 5.884394
v -10.058712 6.208503 4.739206
v -1.493156 6.352551 2.160733
v -1.493156 6.498218 2.160733
v -0.065563 6.498218 2.160733
v -0.065563 6.352551 2.160733
v -10.058712 6.352551 2.160733
v -10.058712 6.498218 2.160733
v -2.920749 6.498218 2.160733
v -2.920749 6.352551 2.160733
v -9.914663 5.137935 7.202441
v -8.775169 5.137935 7.202441
v -8.775169 6.208503 7.202441
v -9.914663 6.208503 7.202441
v -10.058712 6.352551 2.160733
v -10.058712 6.352552 0.000002
v -10.058712 6.352552 1.080367
v -10.058712 6.352551 2.160733
v -2.920749 6.352551 2.160733
v -10.058712 6.352551 7.202441
v -10.058712 6.498217 7.202441
v -10.058712 6.498217 5.942013
v -10.058712 6.352551 5.942013
v 0.289008 6.498218 2.200323
v 0.154249 6.354653 2.196849
v 0.216654 6.352551 2.092037
v -0.065563 6.352551 2.160733
v 0.154249 6.354653 2.196849
v 0.283990 4.912064 5.716973
v 0.283990 4.912064 4.588141
v 0.283990 6.498217 4.588141
v 0.283990 6.498217 5.716973
v -0.137834 4.912064 7.202440
v 0.077906 4.912064 7.202440
v 0.283990 6.498218 3.459309
v 0.283990 6.498217 6.996356
v -10.058712 6.352551 7.202441
v -10.058712 5.137935 7.202441
v -1.493155 6.498217 7.202440
v -1.493155 4.912064 7.202440
v -8.631121 6.352551 7.202441
v -8.631121 6.208503 8.585487
v -8.631121 6.208503 7.346489
v -8.631121 5.137935 7.346489
v -8.631121 5.137935 8.585487
v -8.631121 5.137935 7.202441
v -1.493155 5.137935 7.202440
v -10.058712 5.137936 1.137987
v -10.058712 5.137936 2.103114
v -10.058712 6.208504 2.103114
v -10.058712 6.208504 1.137987
v -10.058712 4.912065 1.080367
v -10.058712 6.352551 2.160733
v -10.058712 6.352551 3.421160
v -10.058712 6.352551 4.681587
v -10.058712 6.352552 1.080367
v -10.058712 5.137935 7.202441
v 0.289008 4.912065 2.200323
v 0.515821 5.137936 2.035771
v 0.289008 5.137936 2.200323
v -1.493155 5.137935 8.611186
v -1.493155 6.155365 8.611186
v -8.295084 5.137934 11.524439
v -7.137880 5.137934 11.524438
v -7.137880 6.208502 11.524438
v -8.295084 6.208502 11.524439
v -7.029100 5.137934 11.524438
v -5.790310 5.137934 11.524438
v -5.790310 6.208502 11.524438
v -7.029100 6.208502 11.524438
v -5.681531 5.137934 11.524438
v -4.442743 5.137934 11.524438
v -4.442743 6.208502 11.524438
v -5.681531 6.208502 11.524438
v -4.333963 5.137934 11.524438
v -3.095174 5.137934 11.524438
v -3.095174 6.208502 11.524438
v -4.333963 6.208502 11.524438
v -2.986394 5.137934 11.524438
v -1.829189 5.137934 11.524438
v -1.829189 6.208502 11.524438
v -2.986394 6.208502 11.524438
v -1.719073 5.137934 11.524438
v -7.083490 6.498216 11.524438
v -8.631119 6.498216 11.524439
v -4.388353 6.498216 11.524438
v -5.735921 6.498216 11.524438
v -1.493155 6.155365 10.019006
v -1.493155 6.498217 9.966871
v -1.493155 6.498216 11.298520
v -1.493155 6.155364 11.140081
v -8.631119 5.137934 11.524439
v -3.040784 6.498216 11.524438
v -1.719073 6.498216 11.524438
v 0.289008 5.137936 2.200323
v -1.493155 5.137934 11.140081
v -1.493155 5.137935 8.715458
v -1.493155 6.155365 8.715458
v -1.493155 6.155365 9.914736
v -8.631119 6.352551 10.083774
v -8.631119 6.498217 10.083774
v -8.631121 6.498217 8.643107
v -8.631121 6.352551 8.643107
v -8.631119 6.498216 11.524439
v -10.058712 6.498217 4.681587
v -10.058712 6.498218 3.421160
v -1.493155 5.137934 11.298520
v -8.631121 6.498217 7.202441
v -8.631121 6.352551 7.202441
v -10.058712 6.498218 2.160733
v -8.631119 6.208502 11.380390
v -8.631119 6.208503 10.141393
v -8.631119 5.137935 10.141393
v -8.631119 5.137934 11.380390
v -8.631119 6.208503 10.026154
v -8.631121 6.208503 8.700727
v -8.631121 5.137935 8.700727
v -8.631119 5.137935 10.026154
v -1.493155 6.498217 8.663321
v -8.631121 6.498217 7.202441
v -10.058712 6.498217 7.202441
v -10.058712 4.912065 2.160733
v -10.058712 4.912065 1.080367
v -2.920749 4.912065 1.080367
v -2.920749 4.912065 2.160733
v 0.648092 6.352551 1.779263
v 1.040168 6.352552 1.398229
v 1.249002 6.352552 1.086831
v 1.185995 6.352552 1.180784
v 1.486328 6.352552 0.557528
v 1.565355 6.352552 0.056288
v -1.493156 4.912065 2.160733
v -0.065563 4.912065 2.160733
v 1.307552 4.912065 1.241453
v 1.373672 4.912065 1.142613
v 1.373672 5.137936 1.142613
v 1.307552 5.137936 1.241453
v -1.493156 6.352551 2.160733
v 1.622572 4.912065 0.586015
v 1.622572 5.137936 0.586015
v 1.705397 4.912065 0.059162
v 1.705397 5.137936 0.059162
v 0.289008 6.498218 2.200323
v 0.742635 4.912065 1.871220
v 1.154522 4.912065 1.470208
v 1.154522 5.137936 1.470208
v 0.742635 5.137936 1.871220
v 0.289008 4.912065 2.200323
v 0.742635 4.912065 1.871220
v 1.622572 4.912065 0.586015
v 1.705397 4.912065 0.059162
v 1.373672 4.912065 1.142613
v 1.154522 4.912065 1.470208
v 1.307552 4.912065 1.241453
v 0.216654 6.352551 2.092037
v 0.154249 6.354653 2.196849
v 0.289008 6.217748 2.200323
v 1.154522 6.217748 1.470208
v 1.040168 6.352552 1.398229
v 0.648092 6.352551 1.779263
v 0.742635 6.217748 1.871220
v 1.307552 6.217748 1.241453
v 1.185995 6.352552 1.180784
v 1.622572 6.217748 0.586015
v 1.486328 6.352552 0.557528
v 1.249002 6.352552 1.086831
v 1.373672 6.217748 1.142613
v 1.705397 6.217748 0.059162
v 1.565355 6.352552 0.056288
v 0.289008 6.217748 2.200323
v 0.289008 6.217748 2.200323
v 1.622572 6.155366 0.586015
v 1.622572 6.217748 0.586015
v 1.373672 6.217748 1.142613
v 1.373672 6.155366 1.142613
v 0.742635 6.155365 1.871220
v 0.742635 6.217748 1.871220
v 0.289008 6.217748 2.200323
v 0.515821 6.155365 2.035771
v 1.154522 6.155365 1.470208
v 1.154522 6.217748 1.470208
v 1.705397 6.155366 0.059162
v 1.705397 6.217748 0.059162
v 1.307552 6.155366 1.241453
v 1.307552 6.217748 1.241453
v 0.283990 6.498217 6.996356
v 0.077906 6.498217 7.202440
v -1.493155 6.498216 11.298520
v -1.719073 6.498216 11.524438
v -1.719073 5.137934 11.524438
v -1.493155 5.137934 11.298520
v -8.631121 5.137935 7.202441
v -8.631119 5.137934 11.524439
v -10.058712 6.724089 5.999633
v -10.058712 6.724089 7.058392
v -10.058712 7.794656 7.058393
v -10.058712 7.794656 5.999633
v 0.283990 6.724089 3.407705
v 0.283990 6.724089 2.459487
v 0.283990 7.741519 2.459487
v 0.283990 7.741519 3.407705
v -10.058712 6.724090 0.052553
v -10.058712 6.724090 1.022748
v -10.058712 7.794657 1.022748
v -10.058712 7.794657 0.052552
v -1.330786 6.724089 7.202440
v -0.191386 6.724088 7.202440
v -0.191386 7.741519 7.202440
v -1.330786 7.741519 7.202440
v 0.283990 6.724089 6.716796
v 0.283990 6.724088 5.768577
v 0.283990 7.741519 5.768578
v 0.283990 7.741519 6.716796
v 0.283990 6.724088 5.665368
v 0.283990 6.724088 4.639745
v 0.283990 7.741519 4.639745
v 0.283990 7.741519 5.665369
v 0.283990 6.724088 4.536537
v 0.283990 6.724089 3.510913
v 0.283990 7.741519 3.510913
v 0.283990 7.741519 4.536538
v -10.058712 6.724090 2.218352
v -10.058712 6.724090 3.363540
v -10.058712 7.794657 3.363540
v -10.058712 7.794657 2.218352
v -10.058712 6.724090 3.478780
v -10.058712 6.724089 4.623967
v -10.058712 7.794656 4.623968
v -10.058712 7.794657 3.478780
v -10.058712 6.724089 4.739206
v -10.058712 6.724089 5.884394
v -10.058712 7.794656 5.884395
v -10.058712 7.794656 4.739206
v -1.493156 7.938705 2.160733
v -1.493156 8.084373 2.160733
v -0.065563 8.084373 2.160733
v -0.065563 7.938705 2.160733
v -10.058712 7.938705 2.160733
v -10.058712 8.084373 2.160733
v -2.920749 8.084373 2.160733
v -2.920749 7.938705 2.160733
v -9.914663 6.724089 7.202441
v -8.775169 6.724089 7.202441
v -8.775169 7.794656 7.202441
v -9.914663 7.794656 7.202441
v -10.058712 7.938705 2.160733
v -10.058712 7.938706 0.000002
v -10.058712 7.938706 1.080367
v -10.058712 7.938705 2.160733
v -2.920749 7.938705 2.160733
v -3.040784 7.938704 11.524438
v -3.040784 8.084372 11.524438
v -4.388353 8.084372 11.524438
v -4.388353 7.938704 11.524438
v -10.058712 7.938705 7.202441
v -10.058712 8.084373 7.202441
v -10.058712 8.084373 5.942013
v -10.058712 7.938705 5.942013
v 0.289008 8.084373 2.200323
v 0.154249 7.940807 2.196849
v 0.216654 7.938705 2.092037
v -0.065563 7.938705 2.160733
v 0.154249 7.940807 2.196849
v 0.283990 8.084373 4.588141
v 0.283990 8.084373 5.716973
v 0.283990 8.084373 3.459309
v 0.283990 8.084373 6.996356
v 0.283990 6.724089 6.996356
v -10.058712 7.938705 7.202441
v -10.058712 6.724089 7.202441
v 0.077906 8.084373 7.202440
v -1.493155 8.084373 7.202440
v -8.631121 7.938705 7.202441
v -8.631121 7.794656 8.585487
v -8.631121 7.794656 7.346489
v -8.631121 6.724089 7.346489
v -8.631121 6.724089 8.585487
v -8.631121 6.724089 7.202441
v -5.735921 8.084372 11.524438
v -5.735921 7.938704 11.524438
v -1.493155 6.724089 7.202440
v -10.058712 6.724090 1.137987
v -10.058712 6.724090 2.103114
v -10.058712 7.794657 2.103114
v -10.058712 7.794657 1.137987
v -10.058712 6.498218 1.080367
v -10.058712 7.938705 4.681587
v -10.058712 7.938705 3.421160
v -10.058712 7.938705 2.160733
v -10.058712 7.938706 1.080367
v -10.058712 6.724089 7.202441
v 0.289008 6.498218 2.200323
v 0.515821 6.724090 2.035771
v 0.289008 6.724090 2.200323
v -1.493155 6.724088 8.611186
v -1.493155 6.724088 7.490111
v -1.493155 7.741518 7.490111
v -1.493155 7.741518 8.611186
v -7.083490 8.084372 11.524438
v -7.083490 7.938704 11.524438
v -8.295084 6.724088 11.524439
v -7.137880 6.724088 11.524438
v -7.137880 7.794655 11.524438
v -8.295084 7.794655 11.524439
v -7.029100 6.724088 11.524438
v -5.790310 6.724088 11.524438
v -5.790310 7.794655 11.524438
v -7.029100 7.794655 11.524438
v -5.681532 6.724088 11.524438
v -4.442742 6.724088 11.524438
v -4.442743 7.794655 11.524438
v -5.681531 7.794655 11.524438
v -4.333963 6.724088 11.524438
v -3.095174 6.724088 11.524438
v -3.095174 7.794655 11.524438
v -4.333963 7.794655 11.524438
v -2.986394 6.724088 11.524438
v -1.829189 6.724088 11.524438
v -1.829189 7.794655 11.524438
v -2.986394 7.794655 11.524438
v -1.719073 6.724088 11.524438
v -8.631119 7.938704 11.524439
v -1.493155 7.741518 10.019006
v -1.493155 8.084372 9.966871
v -1.493155 8.084372 11.298520
v -1.493155 7.741518 11.140081
v -8.631119 6.724088 11.524439
v -1.719073 8.084372 11.524438
v -8.631119 8.084372 11.524439
v 0.289008 6.724090 2.200323
v -1.493155 6.724088 11.140081
v -1.493155 6.724088 10.019006
v -1.493155 6.724089 9.914736
v -1.493155 6.724088 8.715458
v -1.493155 7.741518 8.715458
v -1.493155 7.741518 9.914736
v -8.631119 7.938704 10.083774
v -8.631119 8.084372 10.083774
v -8.631121 8.084373 8.643107
v -8.631121 7.938704 8.643107
v -8.631119 7.938704 11.524439
v -8.631119 8.084372 11.524439
v -10.058712 8.084373 4.681587
v -10.058712 8.084373 3.421160
v -1.493155 6.724088 11.298520
v -8.631121 8.084373 7.202441
v -8.631121 7.938705 7.202441
v -10.058712 8.084373 2.160733
v -8.631119 7.794655 11.380390
v -8.631119 7.794656 10.141393
v -8.631119 6.724089 10.141393
v -8.631119 6.724088 11.380390
v -8.631119 7.794656 10.026154
v -8.631121 7.794656 8.700727
v -8.631121 6.724089 8.700727
v -8.631119 6.724089 10.026154
v -1.493155 6.724089 7.202440
v -1.493155 8.084373 7.202440
v -1.493155 8.084373 8.663321
v -8.631121 8.084373 7.202441
v -10.058712 8.084373 7.202441
v -10.058712 6.498218 2.160733
v -10.058712 6.498218 1.080367
v -2.920749 6.498218 1.080367
v -2.920749 6.498218 2.160733
v 0.648092 7.938705 1.779263
v 1.040168 7.938706 1.398229
v 1.249002 7.938706 1.086831
v 1.185995 7.938706 1.180784
v 1.486328 7.938706 0.557528
v 1.565355 7.938706 0.056288
v -1.493156 6.498218 2.160733
v -0.065563 6.498218 2.160733
v 1.307552 6.498218 1.241453
v 1.373672 6.498218 1.142613
v 1.373672 6.724089 1.142613
v 1.307552 6.724089 1.241453
v -1.493156 7.938705 2.160733
v 1.622572 6.498218 0.586015
v 1.622572 6.724089 0.586015
v 1.705397 6.498218 0.059162
v 1.705397 6.724089 0.059162
v 0.289008 7.803902 2.200323
v 0.742635 6.498218 1.871220
v 1.154522 6.498218 1.470208
v 1.154522 6.724089 1.470208
v 0.742635 6.724089 1.871220
v 0.289008 6.498218 2.200323
v 0.742635 6.498218 1.871220
v 1.622572 6.498218 0.586015
v 1.705397 6.498218 0.059162
v 1.373672 6.498218 1.142613
v 1.154522 6.498218 1.470208
v 1.307552 6.498218 1.241453
v 0.216654 7.938705 2.092037
v 0.154249 7.940807 2.196849
v 0.289008 7.803902 2.200323
v 1.154522 7.803902 1.470208
v 1.040168 7.938706 1.398229
v 0.648092 7.938705 1.779263
v 0.742635 7.803902 1.871220
v 1.307552 7.803902 1.241453
v 1.185995 7.938706 1.180784
v 1.622572 7.803902 0.586015
v 1.486328 7.938706 0.557528
v 1.249002 7.938706 1.086831
v 1.373672 7.803902 1.142613
v 1.705397 7.803902 0.059162
v 1.565355 7.938706 0.056288
v 0.289008 8.084373 2.200323
v 0.289008 7.803902 2.200323
v 1.622572 7.741520 0.586015
v 1.622572 7.803902 0.586015
v 1.373672 7.803902 1.142613
v 1.373672 7.741520 1.142613
v 0.742635 7.741519 1.871220
v 0.742635 7.803902 1.871220
v 0.289008 7.803902 2.200323
v 0.515821 7.741519 2.035771
v 1.154522 7.741519 1.470208
v 1.154522 7.803902 1.470208
v 1.705397 7.741520 0.059162
v 1.705397 7.803902 0.059162
v 1.307552 7.741520 1.241453
v 1.307552 7.803902 1.241453
v 0.283990 8.084373 6.996356
v 0.077906 8.084373 7.202440
v 0.077906 6.724089 7.202440
v 0.283990 6.724089 6.996356
v 0.077906 6.724089 7.202440
v -1.493155 8.084372 11.298520
v -1.719073 8.084372 11.524438
v -1.719073 6.724088 11.524438
v -1.493155 6.724088 11.298520
v -8.631121 6.724089 7.202441
v -8.631119 6.724088 11.524439
v -10.058712 8.310242 5.999633
v -10.058712 8.310242 7.058393
v -10.058712 9.380810 7.058393
v -10.058712 9.380810 5.999633
v 0.283990 8.310242 3.407706
v 0.283990 8.310243 2.459487
v 0.283990 9.327673 2.459487
v 0.283990 9.327672 3.407706
v -10.058712 8.310243 0.052553
v -10.058712 8.310243 1.022748
v -10.058712 9.380811 1.022749
v -10.058712 9.380811 0.052553
v -1.330786 8.310242 7.202440
v -0.191386 8.310242 7.202440
v -0.191386 9.327672 7.202440
v -1.330786 9.327672 7.202440
v 0.283990 8.310242 6.716796
v 0.283990 8.310242 5.768578
v 0.283990 9.327672 5.768578
v 0.283990 9.327672 6.716796
v 0.283990 8.310242 5.665369
v 0.283990 8.310242 4.639745
v 0.283990 9.327672 4.639745
v 0.283990 9.327672 5.665369
v 0.283990 8.310242 4.536538
v 0.283990 8.310242 3.510913
v 0.283990 9.327672 3.510913
v 0.283990 9.327672 4.536538
v -10.058712 8.310243 2.218352
v -10.058712 8.310242 3.363540
v -10.058712 9.380810 3.363540
v -10.058712 9.380811 2.218352
v -10.058712 8.310242 3.478781
v -10.058712 8.310242 4.623968
v -10.058712 9.380810 4.623968
v -10.058712 9.380810 3.478781
v -10.058712 8.310242 4.739206
v -10.058712 8.310242 5.884395
v -10.058712 9.380810 5.884395
v -10.058712 9.380810 4.739206
v -1.493156 9.524859 2.160734
v -1.493156 9.670525 2.160734
v -0.065563 9.670525 2.160734
v -0.065563 9.524859 2.160734
v -4.348341 9.524859 2.160734
v -4.348341 9.670525 2.160734
v -2.920749 9.670525 2.160734
v -2.920749 9.524859 2.160734
v -9.914663 8.310242 7.202441
v -8.775169 8.310242 7.202441
v -8.775169 9.380810 7.202441
v -9.914663 9.380810 7.202441
v -5.775934 9.524859 2.160734
v -5.775934 9.670525 2.160734
v -7.203527 9.524859 2.160734
v -7.203527 9.670525 2.160734
v 0.283990 9.524858 4.588141
v 0.283990 9.524858 5.716973
v 0.283990 9.524858 3.603997
v 0.283990 9.524858 6.996356
v 0.283990 8.310242 6.996356
v -10.058712 9.524858 7.202441
v -10.058712 9.380810 7.202441
v 0.077906 9.524858 7.202440
v -1.493155 9.524858 7.202440
v -8.631121 9.524858 7.202441
v -8.631121 9.380810 8.585488
v -8.631121 9.380810 7.346489
v -8.631121 8.310242 7.346489
v -8.631121 8.310242 8.585487
v -8.631121 8.310242 7.202441
v -8.631121 9.524859 2.160734
v -8.631121 9.670525 2.160734
v -1.493155 8.310242 7.202440
v -10.058712 8.310243 1.137987
v -10.058712 8.310243 2.103114
v -10.058712 9.380811 2.103114
v -10.058712 9.380811 1.137987
v -10.058712 8.084373 1.080367
v -10.058712 9.524859 1.080368
v -10.058712 9.524858 3.421161
v -10.058712 9.524859 2.160734
v -10.058712 9.524858 5.942013
v -10.058712 9.524858 4.681587
v -10.058712 8.310242 7.202441
v -10.058712 9.524858 7.202441
v -10.058712 8.310242 7.202441
v -4.333963 9.380809 11.524439
v -4.388353 9.524858 11.524439
v -4.442743 9.380809 11.524439
v 0.289008 8.084373 2.200323
v 0.515821 8.310243 2.035771
v 0.289008 8.310243 2.200323
v -1.493155 8.310242 8.611186
v -1.493155 8.310242 7.490111
v -1.493155 9.327672 7.490111
v -1.493155 9.327672 8.611187
v -8.295084 8.310241 11.524439
v -7.137880 8.310241 11.524438
v -7.137880 9.380809 11.524439
v -8.295084 9.380809 11.524440
v -7.029100 8.310241 11.524438
v -5.790310 8.310241 11.524438
v -5.790310 9.380809 11.524439
v -7.029100 9.380809 11.524439
v -5.681532 8.310241 11.524438
v -4.442742 8.310241 11.524438
v -5.681531 9.380809 11.524439
v -4.333963 8.310241 11.524438
v -3.095174 8.310241 11.524438
v -3.095174 9.380809 11.524439
v -2.986394 8.310241 11.524438
v -1.829189 8.310241 11.524438
v -1.829189 9.380809 11.524439
v -2.986394 9.380809 11.524439
v -1.719073 8.310241 11.524438
v -7.083490 9.524858 11.524439
v -8.631119 9.524858 11.524440
v -5.735921 9.524858 11.524439
v -1.493155 9.327671 10.019007
v -1.493155 9.524858 9.966872
v -1.493155 9.524858 11.298521
v -1.493155 9.327671 11.140082
v -8.631119 9.380809 11.524440
v -1.493155 9.327671 9.914737
v -1.493155 9.524858 8.663322
v -1.493155 9.327672 8.715459
v -1.719073 9.524858 11.524439
v -3.040784 9.524858 11.524439
v 0.289008 8.310243 2.200323
v -1.493155 8.310241 11.140081
v -1.493155 8.310241 10.019006
v -1.493155 8.310241 9.914736
v -1.493155 8.310242 8.715458
v -1.493155 8.310241 11.298520
v -8.631119 9.380809 11.380391
v -8.631119 9.380809 10.141394
v -8.631119 8.310241 10.141393
v -8.631119 8.310241 11.380390
v -8.631119 9.380809 10.026155
v -8.631121 9.380810 8.700727
v -8.631121 8.310242 8.700727
v -8.631119 8.310241 10.026154
v -1.493155 8.310242 7.202440
v -1.493155 9.524858 7.202440
v -10.058712 8.084373 2.160733
v -10.058712 8.084373 1.080367
v -2.920749 8.084373 1.080367
v -2.920749 8.084373 2.160733
v 0.154249 9.526962 2.196850
v -0.065563 9.670525 2.160734
v -0.065563 9.524859 2.160734
v -1.493156 8.084373 2.160733
v -0.065563 8.084373 2.160733
v 1.307552 8.084373 1.241453
v 1.373672 8.084373 1.142613
v 1.373672 8.310243 1.142613
v 1.307552 8.310243 1.241453
v 1.622572 8.084373 0.586015
v 1.622572 8.310243 0.586015
v 1.705397 8.084373 0.059162
v 1.705397 8.310243 0.059162
v 0.289008 9.526962 2.200324
v 0.742635 8.084373 1.871220
v 1.154522 8.084373 1.470208
v 1.154522 8.310243 1.470208
v 0.742635 8.310243 1.871220
v 0.289008 8.084373 2.200323
v 0.742635 8.084373 1.871220
v 1.622572 8.084373 0.586015
v 1.705397 8.084373 0.059162
v 1.373672 8.084373 1.142613
v 1.154522 8.084373 1.470208
v 1.307552 8.084373 1.241453
v -10.058712 10.027384 5.942013
v -10.058712 10.160764 5.942013
v -10.058712 10.160764 4.681587
v -10.058712 10.027384 4.681587
v -10.058712 10.027385 1.080368
v -10.058712 10.160765 1.080368
v -10.058712 10.160764 3.421161
v -10.058712 10.027384 3.421161
v -2.945926 10.027383 11.524439
v -2.920748 10.160763 11.524439
v -4.348341 10.160763 11.524439
v -4.356733 10.027383 11.524439
v -1.493155 10.027383 11.298521
v -1.493155 10.160763 11.298521
v -1.719073 10.160763 11.524439
v -1.719073 10.027383 11.524439
v -10.058712 10.160765 2.160734
v -10.058712 10.027385 2.160734
v -5.775933 10.160763 11.524439
v -5.767540 10.027383 11.524439
v -7.203526 10.160763 11.524439
v -7.178349 10.027383 11.524439
v -8.631119 10.027383 10.083775
v -8.631119 10.160763 10.083775
v -8.631121 10.160764 8.643108
v -8.631121 10.027384 8.643108
v -8.631119 10.160763 11.524440
v -8.631119 10.027383 11.524440
v 0.283990 10.027384 6.996356
v 0.283990 10.160764 6.996356
v 0.077906 10.160764 7.202440
v 0.077906 10.027384 7.202440
v -8.631119 10.027383 11.524440
v -8.631119 10.160763 11.524440
v 0.154249 10.027826 2.196850
v 0.154249 10.160765 2.196850
v 0.289008 10.160765 2.200324
v 0.289008 10.027826 2.200324
v 0.077906 10.027384 7.202440
v 0.077906 10.160764 7.202440
v -1.493155 10.160764 7.202440
v -1.493155 10.027384 7.202440
v -1.719073 10.027383 11.524439
v -1.719073 10.160763 11.524439
v -1.493155 10.027383 10.030659
v -1.493155 10.160763 10.047588
v -1.493155 10.160763 11.298521
v -1.493155 10.027383 11.298521
v 0.283990 10.027384 5.900170
v 0.283990 10.160764 5.948794
v 0.283990 10.160764 6.996356
v 0.283990 10.027384 6.996356
v 1.486328 10.160765 0.557529
v 1.486328 10.027385 0.557529
v 0.289008 10.027826 2.200324
v 0.289008 10.160765 2.200324
v 0.283990 10.160764 3.603997
v 0.283990 10.027384 3.603997
v 0.648092 10.027385 1.779264
v 0.648092 10.160765 1.779264
v 0.216654 10.160765 2.092038
v 0.216654 10.027385 2.092038
v 0.216654 9.524859 2.092038
v 0.154249 9.526962 2.196850
v 0.289008 9.390056 2.200323
v 1.154522 9.390056 1.470209
v 1.040168 9.524859 1.398230
v 0.648092 9.524859 1.779263
v 0.742635 9.390056 1.871221
v 1.307552 9.390056 1.241454
v 1.185995 9.524859 1.180785
v 1.622572 9.390056 0.586016
v 1.486328 9.524859 0.557529
v 1.249002 9.524859 1.086832
v 1.373672 9.390056 1.142614
v 1.705397 9.390056 0.059163
v 0.289008 9.526962 2.200324
v 0.289008 9.390056 2.200323
v 0.154249 9.526962 2.196850
v 1.622572 9.327673 0.586015
v 1.622572 9.390056 0.586016
v 1.373672 9.390056 1.142614
v 1.373672 9.327673 1.142614
v 0.742635 9.327673 1.871221
v 0.742635 9.390056 1.871221
v 0.289008 9.390056 2.200323
v 0.515821 9.327673 2.035771
v 1.154522 9.327673 1.470209
v 1.154522 9.390056 1.470209
v 1.705397 9.327673 0.059163
v 1.705397 9.390056 0.059163
v 1.307552 9.327673 1.241454
v 1.307552 9.390056 1.241454
v 0.289008 9.327673 2.200323
v 0.289008 9.390056 2.200323
v 0.289008 9.327673 2.200323
v 0.283990 9.524858 6.996356
v 0.077906 9.524858 7.202440
v 0.077906 8.310242 7.202440
v 0.283990 8.310242 6.996356
v 0.077906 8.310242 7.202440
v -1.493155 9.524858 11.298521
v -1.719073 9.524858 11.524439
v -1.719073 8.310241 11.524438
v -1.493155 8.310241 11.298520
v -8.631121 9.524858 7.202441
v -8.631121 9.380810 7.202441
v -8.631121 9.524858 8.643108
v -8.631119 8.310241 11.524439
v -8.631119 9.524858 11.524440
v -8.631119 9.524858 10.083775
v -8.631119 9.380809 11.524440
v -1.493155 10.027384 8.675943
v -1.493155 10.160764 8.679291
v 1.185995 10.027385 1.180785
v 1.185995 10.160765 1.180785
v 1.040168 10.160765 1.398230
v 1.040168 10.027385 1.398230
v -10.058712 10.027384 7.202441
v -10.058712 10.160764 7.202441
v -8.631121 10.160764 7.202441
v -8.631121 10.027384 7.202441
v 1.249002 10.160765 1.086832
v 1.249002 10.027385 1.086832
v -8.631121 10.027384 7.202441
v -8.631121 10.160764 7.202441
v -10.058712 10.160764 7.202441
v -10.058712 10.027384 7.202441
v 0.283990 10.160764 4.776395
v 0.283990 10.027384 4.736909
v -1.493155 10.027384 7.202440
v -1.493155 10.160764 7.202440
v 0.154249 10.160765 2.196850
v 0.154249 10.027826 2.196850
v 1.211790 9.975562 0.475921
v 1.211790 9.790358 0.475921
v 0.999804 9.790358 0.948706
v 0.999804 9.975562 0.948706
v 0.000091 9.975561 3.603489
v 0.000091 9.790357 3.603489
v 0.000091 9.790357 4.776395
v 0.000091 9.975561 4.776395
v 0.000091 9.975561 5.948794
v 0.000091 9.790357 5.948794
v 0.000092 9.790357 6.878761
v 0.000092 9.975561 6.878761
v 0.950209 9.790358 1.022659
v 0.950209 9.975562 1.022659
v 0.820962 9.975562 1.215382
v 0.820962 9.790358 1.215382
v 0.464900 9.790358 1.561417
v 0.464900 9.975562 1.561417
v -9.774815 9.975561 5.942013
v -9.774815 9.790357 5.942013
v -9.774815 9.790357 4.681587
v -9.774815 9.975561 4.681587
v 0.000092 9.975561 6.878761
v 0.000092 9.790357 6.878761
v -0.039689 9.790357 6.918541
v -0.039689 9.975561 6.918541
v 0.002651 9.975562 1.896527
v 0.002651 9.790358 1.896527
v -0.220448 9.790358 2.271231
v -0.220448 9.975562 2.271231
v -9.774815 9.790357 3.421161
v -9.774815 9.975561 3.421161
v -8.347219 9.975560 10.083775
v -8.347219 9.790356 10.083775
v -8.347221 9.790357 8.643108
v -8.347221 9.975561 8.643108
v -9.774815 9.790358 2.160734
v -9.774815 9.975562 2.160734
v -8.347219 9.975560 11.240541
v -8.347219 9.790356 11.240541
v -9.774815 9.975562 1.080368
v -9.774815 9.790358 1.080368
v -0.039689 9.975561 6.918541
v -0.039689 9.790357 6.918541
v -1.777054 9.790357 6.918541
v -1.777054 9.975561 6.918541
v -1.777054 9.975561 8.679291
v -1.777054 9.790357 8.679291
v -1.777054 9.790356 10.047588
v -1.777054 9.975560 10.047588
v 0.004119 9.975562 2.476972
v 0.004119 9.790358 2.476972
v -2.920748 9.975560 11.240540
v -2.920748 9.790356 11.240540
v -4.348341 9.790356 11.240540
v -4.348341 9.975560 11.240540
v -9.774815 9.975561 6.918541
v -9.774815 9.790357 6.918541
v -0.220448 9.975562 2.271231
v -0.220448 9.790358 2.271231
v 0.004119 9.790358 2.476972
v 0.004119 9.975562 2.476972
v -5.775933 9.790356 11.240540
v -5.775933 9.975560 11.240540
v -7.203526 9.790356 11.240540
v -7.203526 9.975560 11.240540
v -8.347219 9.790356 11.240541
v -8.347219 9.975560 11.240541
v -8.347221 9.790357 6.918541
v -8.347221 9.975561 6.918541
v -1.836668 9.975560 11.240540
v -1.836668 9.790356 11.240540
v -8.347221 9.975561 6.918541
v -8.347221 9.790357 6.918541
v -9.774815 9.790357 6.918541
v -9.774815 9.975561 6.918541
v -1.777054 9.790356 11.180926
v -1.777054 9.975560 11.180926
v -1.777054 9.975561 6.918541
v -1.777054 9.790357 6.918541
v -1.777054 9.975560 11.180926
v -1.777054 9.790356 11.180926
v -1.836668 9.790356 11.240540
v -1.836668 9.975560 11.240540
v -9.774815 10.160764 5.942013
v -10.058712 10.160764 5.942013
v -10.058712 10.160764 7.202441
v -9.774815 10.160764 6.918541
v 0.820962 10.160765 1.215382
v 0.820962 10.681527 1.215382
v 0.950209 10.681527 1.022659
v 0.950209 10.160765 1.022659
v -1.777054 10.160764 6.918541
v -1.493155 10.160764 7.202440
v 0.077906 10.160764 7.202440
v -0.039689 10.160764 6.918541
v -9.774815 10.160765 2.160734
v -10.058712 10.160765 2.160734
v -10.058712 10.160764 3.421161
v -9.774815 10.160764 3.421161
v -10.058712 10.160764 4.681587
v -9.774815 10.160764 4.681587
v 0.000091 10.160764 5.948794
v 0.283990 10.160764 5.948794
v 0.283990 10.160764 4.776395
v 0.000091 10.160764 4.776395
v 0.283990 10.160764 3.603997
v 0.000091 10.160764 3.603489
v -1.777054 10.160764 8.679291
v -1.493155 10.160764 8.679291
v -8.631121 10.160764 7.202441
v -8.347221 10.160764 6.918541
v -8.631121 10.160764 8.643108
v -8.347221 10.160764 8.643108
v -8.347219 10.160763 11.240541
v -8.631119 10.160763 11.524440
v -7.203526 10.160763 11.524439
v -7.203526 10.160763 11.240540
v -5.775933 10.160763 11.524439
v -5.775933 10.160763 11.240540
v -4.348341 10.160763 11.524439
v -4.348341 10.160763 11.240540
v -2.920748 10.160763 11.524439
v -2.920748 10.160763 11.240540
v -1.777054 10.160763 10.047588
v -1.493155 10.160763 10.047588
v -8.347219 10.160763 10.083775
v -8.631119 10.160763 10.083775
v 0.283990 10.160764 6.996356
v 0.000092 10.160764 6.878761
v -1.836668 10.160763 11.240540
v -1.719073 10.160763 11.524439
v -1.493155 10.160763 11.298521
v -1.777054 10.160763 11.180926
v -10.058712 10.160765 1.080368
v -9.774815 10.160765 1.080368
v 0.216654 10.681527 2.092038
v 0.154249 10.681527 2.196850
v 0.002651 10.160765 1.896527
v 0.002651 10.681527 1.896527
v 0.464900 10.681527 1.561417
v 0.464900 10.160765 1.561417
v 0.283990 10.160764 3.603997
v 0.283990 10.681526 3.603997
v 0.000091 10.681526 3.603489
v 0.000091 10.160764 3.603489
v 0.999804 10.160765 0.948706
v 0.999804 10.681527 0.948706
v 1.211790 10.681527 0.475921
v 1.211790 10.160765 0.475921
v 0.648092 10.681527 1.779264
v 0.289008 10.681527 2.200324
v 0.283990 10.681526 3.603997
v 0.154249 10.681527 2.196850
v 0.289008 10.681527 2.200324
v -1.777054 9.790356 11.180926
v -1.777054 9.790356 10.047588
v -2.920748 9.790356 10.083774
v -2.920748 9.790356 11.240540
v -1.836668 9.790356 11.240540
v -0.039689 9.790357 6.918541
v 0.000092 9.790357 6.878761
v 0.000091 9.790357 5.948794
v 0.004119 9.790358 2.476972
v -0.220448 9.790358 2.271231
v 0.000091 9.790357 3.603489
v -1.777055 9.790357 3.421160
v -1.777054 9.790357 6.918541
v -1.777054 9.790357 5.942013
v 0.000091 9.790357 4.776395
v -1.777054 9.790357 4.681587
v -9.774815 9.790357 4.681587
v -8.631121 9.790357 4.681587
v -8.631121 9.790357 3.421161
v -9.774815 9.790357 3.421161
v -7.203527 9.790357 4.681587
v -7.203527 9.790357 3.421161
v -5.775934 9.790357 4.681587
v -4.348341 9.790357 4.681587
v -2.920748 9.790357 4.681587
v -2.920749 9.790357 3.421161
v -9.774815 9.790357 5.942013
v -8.631121 9.790357 5.942013
v -7.203527 9.790357 5.942013
v -5.775934 9.790357 5.942013
v -4.348341 9.790357 5.942013
v -2.920748 9.790357 5.942013
v -9.774815 9.790357 6.918541
v -8.347221 9.790357 6.918541
v -8.631121 9.790358 2.160734
v -9.774815 9.790358 2.160734
v -4.348341 9.790357 8.643106
v -4.348341 9.790357 7.202440
v -5.775934 9.790357 7.202440
v -5.775934 9.790357 8.643106
v -7.203527 9.790357 7.202440
v -7.203527 9.790357 8.643106
v -1.777054 9.790357 8.679291
v -2.920748 9.790357 7.202440
v -2.920748 9.790357 8.643106
v -8.347221 9.790357 8.643108
v -4.348341 9.790356 10.083774
v -4.348341 9.790356 11.240540
v -7.203526 9.790356 11.240540
v -7.203526 9.790356 10.083774
v -8.347219 9.790356 10.083775
v -8.347219 9.790356 11.240541
v -5.775933 9.790356 11.240540
v -5.775933 9.790356 10.083774
v -9.774815 9.790358 1.080368
v 0.002651 9.790358 1.896527
v 0.464900 9.790358 1.561417
v 0.820962 9.790358 1.215382
v 0.999804 9.790358 0.948706
v 0.950209 9.790358 1.022659
v 1.211790 9.790358 0.475921
v 1.040168 10.681527 1.398230
v 1.040168 10.820827 1.398230
v 0.648092 10.820827 1.779264
v 0.000091 10.681526 3.603489
v 0.000091 10.820826 3.603489
v 0.004119 10.820827 2.476972
v 0.004119 10.681527 2.476972
v 1.211790 10.820827 0.475921
v 0.216654 10.820827 2.092038
v 0.154249 10.820827 2.196850
v 0.154249 10.820827 2.196850
v 0.289008 10.820827 2.200324
v 0.820962 10.820827 1.215382
v 0.950209 10.820827 1.022659
v 0.289008 10.820827 2.200324
v 0.283990 10.820826 3.603997
v 1.486328 10.820827 0.557529
v 1.486328 10.681527 0.557529
v 0.002651 10.820827 1.896527
v 0.464900 10.820827 1.561417
v 0.000091 10.160764 3.603489
v 0.004119 10.160765 2.476972
v 1.249002 10.681527 1.086832
v 1.185995 10.681527 1.180785
v 0.004119 10.160765 2.476972
v 0.004119 10.681527 2.476972
v -0.220448 10.681527 2.271231
v -0.220448 10.160765 2.271231
v -0.220448 10.160765 2.271231
v -0.220448 10.681527 2.271231
v -1.493155 3.551782 7.202439
v -8.631121 3.543407 7.202440
v -8.631119 3.551781 11.524439
v -8.631119 4.606421 11.524439
v -10.058712 3.563790 7.202440
v -10.058712 4.622349 7.202441
v -8.631119 8.310241 11.524439
v -8.631121 9.380810 7.202441
v -8.631121 8.310242 7.202441
v -10.058712 9.380810 7.202441
v 0.000091 10.820826 3.603489
v 0.283990 10.820826 3.603997
v 0.289008 10.820827 2.200324
v 0.004119 10.820827 2.476972
v -0.220448 10.820827 2.271231
v 0.154249 10.820827 2.196850
v 0.216654 10.820827 2.092038
v 0.002651 10.820827 1.896527
v 0.464900 10.820827 1.561417
v 0.648092 10.820827 1.779264
v 1.040168 10.820827 1.398230
v 0.820962 10.820827 1.215382
v 0.950209 10.820827 1.022659
v 1.185995 10.820827 1.180785
v 1.249002 10.820827 1.086832
v 0.999804 10.820827 0.948706
v 1.486328 10.820827 0.557529
v 1.211790 10.820827 0.475921
v 0.004119 10.820827 2.476972
v -0.220448 10.820827 2.271231
v -0.220448 10.820827 2.271231
v 1.249002 10.820827 1.086832
v 1.185995 10.820827 1.180785
v 0.283990 10.820826 3.603997
v 0.000091 10.820826 3.603489
v 0.999804 10.820827 0.948706
v 1.250599 4.766398 3.459309
v 1.250599 5.129240 3.459309
v 1.250599 5.129240 2.309189
v 1.250599 4.768375 2.309189
v 1.250599 4.766398 4.588141
v 1.250599 5.129239 4.588141
v 1.250599 4.766398 4.588141
v 0.289008 4.766968 4.588141
v 0.289008 4.766968 5.716973
v 1.250599 4.766398 5.716972
v 1.250599 4.766398 3.459309
v 0.289008 4.766969 3.459309
v 2.488751 5.129240 1.241453
v 2.335722 5.129240 1.470208
v 0.289009 4.766968 6.996356
v 1.250599 4.766398 6.996356
v 2.367195 4.766399 1.180784
v 2.367195 5.129240 1.180784
v 1.465190 5.129240 3.459309
v 1.250599 5.129240 3.459309
v 2.886597 5.129240 0.059161
v 1.397854 4.766398 2.092037
v 1.397854 5.129240 2.092037
v 1.829292 5.129240 1.779263
v 1.829292 4.766398 1.779263
v 1.251921 4.768375 2.194695
v 1.251921 5.129240 2.194696
v 2.746556 5.129240 0.056288
v 2.746556 4.766399 0.056288
v 2.221368 5.129240 1.398229
v 2.221368 4.766399 1.398229
v 1.829292 5.129240 1.779263
v 1.923835 5.129240 1.871220
v 1.465190 5.129239 6.996356
v 1.469726 5.129240 2.335125
v 1.250599 5.129240 2.309189
v 1.465190 5.129239 6.996356
v 1.259106 5.129239 7.202440
v 1.470208 5.129240 2.200323
v 1.469726 5.129240 2.335125
v 1.923835 5.129240 1.871220
v 1.470208 5.129240 2.200323
v 1.465190 5.129240 3.459309
v 0.077906 4.912064 7.202440
v 0.077906 5.129239 7.202440
v 0.283990 5.129239 6.996356
v 0.283990 4.912064 6.996356
v 1.465190 5.129239 4.588141
v 0.283990 4.912064 6.996356
v 0.283990 5.129239 6.996356
v 1.250599 5.129239 6.996356
v 1.250599 4.766398 6.996356
v 0.289009 4.766968 6.996356
v 1.251921 5.129240 2.194696
v 1.251921 4.768375 2.194695
v 1.259106 4.912064 7.202440
v 1.259106 5.129239 7.202440
v 0.077906 5.129239 7.202440
v 0.077906 4.912064 7.202440
v 0.289008 4.766968 4.588141
v 1.250599 4.768375 2.309189
v 0.289008 4.766968 5.716973
v 0.289009 4.766968 6.996356
v 0.216654 9.524859 2.092038
v 0.154249 9.526962 2.196850
v 1.040168 9.524859 1.398230
v 0.648092 9.524859 1.779263
v 1.249002 9.524859 1.086832
v 1.185995 9.524859 1.180785
v 1.486328 9.524859 0.557529
v -1.777054 10.160763 11.180926
v -1.836668 10.160763 11.240540
v -1.777054 10.160764 6.918541
v -1.777054 10.160764 8.679291
v -1.777054 10.160763 10.047588
v -1.777054 10.160763 11.180926
v -8.347221 10.160764 6.918541
v -9.774815 10.160764 6.918541
v -1.836668 10.160763 11.240540
v -2.920748 10.160763 11.240540
v -8.347221 10.160764 8.643108
v -8.347221 10.160764 6.918541
v -7.203526 10.160763 11.240540
v -8.347219 10.160763 11.240541
v -5.775933 10.160763 11.240540
v -4.348341 10.160763 11.240540
v -9.774815 10.160764 6.918541
v -9.774815 10.160764 5.942013
v -9.774815 10.160765 2.160734
v -9.774815 10.160765 1.080368
v -0.039689 10.160764 6.918541
v -1.777054 10.160764 6.918541
v -8.347219 10.160763 11.240541
v -8.347219 10.160763 10.083775
v -9.774815 10.160764 3.421161
v -9.774815 10.160764 4.681587
v 0.000092 10.160764 6.878761
v -0.039689 10.160764 6.918541
v 0.000091 10.160764 4.776395
v 0.000091 10.160764 5.948794
v 0.000092 10.160764 6.878761
v 2.689806 0.000000 -0.586015
v 2.764276 -0.000000 -0.112309
v 2.689806 -0.000000 0.586014
v 2.554872 -0.000000 -1.142612
v 2.488751 -0.000000 -1.241452
v 2.335722 -0.000000 -1.470207
v -8.474144 -0.000000 -6.468196
v -8.474144 -0.000000 -6.538846
v -1.493156 -0.000000 -7.202439
v -3.433744 -0.000000 -6.538846
v 1.465189 -0.000000 -6.996355
v -6.690531 -0.000000 -6.538846
v -3.433744 -0.000000 -6.468196
v 2.829071 0.000000 -0.059160
v -1.493156 -0.000000 -6.538846
v -3.278525 -0.000000 -6.538846
v -8.631121 -0.000000 -6.538846
v -1.650132 -0.000000 -6.468197
v -10.058712 -0.000000 0.000001
v -4.988254 -0.000000 -6.538846
v -5.136020 -0.000000 -6.538846
v -1.650132 -0.000000 -6.538846
v 1.259105 -0.000000 -7.202439
v -3.278525 -0.000000 -6.468196
v 1.923834 -0.000000 -1.871219
v 1.470208 0.000000 -2.200321
v -4.988254 -0.000000 -6.468196
v -5.136020 -0.000000 -6.468196
v -6.690531 -0.000000 -6.468196
v 2.893890 0.000000 -0.000000
v 2.886597 0.000000 -0.059160
v -10.058712 -0.000000 -7.202438
v -8.631121 -0.000000 -7.202438
v -6.845751 -0.000000 -6.538846
v -6.845751 -0.000000 -6.468196
v 2.519308 -0.000000 -1.093498
v 2.497345 -0.000000 -1.142612
v 2.462868 -0.000000 -1.093498
v 2.820716 -0.000000 -0.112309
v 2.335722 0.000000 1.470207
v 2.488751 0.000000 1.241452
v -8.474144 0.000000 6.538847
v -8.474144 0.000000 6.468198
v -1.493155 0.000000 7.202439
v -3.433743 0.000000 6.538846
v -3.278524 0.000000 6.538846
v 1.465190 0.000000 6.996355
v -6.690531 0.000000 6.538846
v -3.433743 0.000000 6.468198
v -5.136020 0.000000 6.538846
v -4.988254 0.000000 6.538846
v -1.493155 0.000000 6.538846
v -8.631121 0.000000 7.202440
v -8.631121 0.000000 6.538847
v -1.650131 0.000000 6.538846
v -3.278524 0.000000 6.468198
v -1.650131 0.000000 6.468197
v 1.470208 -0.000000 2.200322
v -4.988254 0.000000 6.468198
v 1.923835 0.000000 1.871219
v 2.554872 0.000000 1.142612
v -6.690531 0.000000 6.468198
v -5.136020 0.000000 6.468198
v 2.886597 -0.000000 0.059160
v -6.845751 0.000000 6.468198
v 1.259106 0.000000 7.202439
v -10.058712 0.000000 7.202440
v 2.519308 0.000000 1.093498
v 2.462869 0.000000 1.093498
v -6.845751 0.000000 6.538846
v 2.820716 0.000000 0.112309
v 2.829071 -0.000000 0.059160
v 2.497345 0.000000 1.142612
v 2.764276 0.000000 0.112309
vt 0.032451 0.903647
vt 0.032451 0.903647
vt 0.032451 0.903647
vt 0.032451 0.903647
vt 0.032451 0.903647
vt 0.032451 0.903647
vt 0.032451 0.903647
vt 0.032451 0.903647
vt 0.032451 0.903647
vt 0.032451 0.903647
vt 0.032451 0.903647
vt 0.032451 0.903647
vt 0.032451 0.903647
vt 0.032451 0.903647
vt 0.032451 0.903647
vt 0.032451 0.903647
vt 0.032451 0.903647
vt 0.032451 0.903647
vt 0.032451 0.903647
vt 0.032451 0.903647
vt 0.032451 0.903647
vt 0.032451 0.903647
vt 0.032451 0.903647
vt 0.032451 0.903647
vt 0.032451 0.903647
vt 0.032451 0.903647
vt 0.032451 0.903647
vt 0.032451 0.903647
vt 0.032451 0.903647
vt 0.032451 0.903647
vt 0.032451 0.903647
vt 0.032451 0.903647
vt 0.032451 0.903647
vt 0.032451 0.903647
vt 0.032451 0.903647
vt 0.032451 0.903647
vt 0.032451 0.903647
vt 0.032451 0.903647
vt 0.032451 0.903647
vt 0.032451 0.903647
vt 0.032451 0.903647
vt 0.032451 0.903647
vt 0.032451 0.903647
vt 0.032451 0.903647
vt 0.032451 0.903647
vt 0.032451 0.903647
vt 0.032451 0.903647
vt 0.032451 0.903647
vt 0.094835 0.907471
vt 0.094835 0.907471
vt 0.094835 0.907471
vt 0.094835 0.907471
vt 0.094835 0.907471
vt 0.094835 0.907471
vt 0.094835 0.907471
vt 0.094835 0.907471
vt 0.094835 0.907471
vt 0.094835 0.907471
vt 0.094835 0.907471
vt 0.094835 0.907471
vt 0.094835 0.907471
vt 0.094835 0.907471
vt 0.094835 0.907471
vt 0.094835 0.907471
vt 0.094836 0.907471
vt 0.094836 0.907471
vt 0.094836 0.907471
vt 0.094836 0.907471
vt 0.094836 0.907471
vt 0.094836 0.907471
vt 0.094836 0.907471
vt 0.094836 0.907471
vt 0.094836 0.907471
vt 0.094836 0.907471
vt 0.094836 0.907471
vt 0.094836 0.907471
vt 0.094836 0.907471
vt 0.094836 0.907471
vt 0.094836 0.907471
vt 0.094836 0.907471
vt 0.094836 0.907471
vt 0.094836 0.907471
vt 0.094836 0.907471
vt 0.094836 0.907471
vt 0.094836 0.907471
vt 0.094836 0.907471
vt 0.094836 0.907471
vt 0.094836 0.907471
vt 0.094836 0.907471
vt 0.094836 0.907471
vt 0.094836 0.907471
vt 0.094836 0.907471
vt 0.094836 0.907471
vt 0.094836 0.907471
vt 0.094836 0.907471
vt 0.094836 0.907471
vt 0.032451 0.903647
vt 0.032451 0.903647
vt 0.032451 0.903647
vt 0.032451 0.903647
vt 0.032451 0.903647
vt 0.032451 0.903647
vt 0.032451 0.903647
vt 0.032451 0.903647
vt 0.032451 0.903647
vt 0.032451 0.903647
vt 0.032451 0.903647
vt 0.032451 0.903647
vt 0.032451 0.903647
vt 0.032451 0.903647
vt 0.032451 0.903647
vt 0.032451 0.903647
vt 0.032451 0.903647
vt 0.032451 0.903647
vt 0.032451 0.903647
vt 0.032451 0.903647
vt 0.032451 0.903647
vt 0.032451 0.903647
vt 0.032451 0.903647
vt 0.032451 0.903647
vt 0.032451 0.903647
vt 0.032451 0.903647
vt 0.032451 0.903647
vt 0.032451 0.903647
vt 0.032451 0.903647
vt 0.032451 0.903647
vt 0.032451 0.903647
vt 0.032451 0.903647
vt 0.032451 0.903647
vt 0.032451 0.903647
vt 0.032451 0.903647
vt 0.032451 0.903647
vt 0.032451 0.903647
vt 0.032451 0.903647
vt 0.032451 0.903647
vt 0.032451 0.903647
vt 0.032451 0.903647
vt 0.032451 0.903647
vt 0.032451 0.903647
vt 0.032451 0.903647
vt 0.032451 0.903647
vt 0.032451 0.903647
vt 0.032451 0.903647
vt 0.032451 0.903647
vt 0.094835 0.907471
vt 0.094835 0.907471
vt 0.094835 0.907471
vt 0.094835 0.907471
vt 0.094835 0.907471
vt 0.094835 0.907471
vt 0.094835 0.907471
vt 0.094835 0.907471
vt 0.094835 0.907471
vt 0.094835 0.907471
vt 0.094835 0.907471
vt 0.094835 0.907471
vt 0.094835 0.907471
vt 0.094835 0.907471
vt 0.094835 0.907471
vt 0.094835 0.907471
vt 0.094836 0.907471
vt 0.094836 0.907471
vt 0.094836 0.907471
vt 0.094836 0.907471
vt 0.094836 0.907471
vt 0.094836 0.907471
vt 0.094836 0.907471
vt 0.094836 0.907471
vt 0.094836 0.907471
vt 0.094836 0.907471
vt 0.094836 0.907471
vt 0.094836 0.907471
vt 0.094836 0.907471
vt 0.094836 0.907471
vt 0.094836 0.907471
vt 0.094836 0.907471
vt 0.094836 0.907471
vt 0.094836 0.907471
vt 0.094836 0.907471
vt 0.094836 0.907471
vt 0.094836 0.907471
vt 0.094836 0.907471
vt 0.094836 0.907471
vt 0.094836 0.907471
vt 0.094836 0.907471
vt 0.094836 0.907471
vt 0.094836 0.907471
vt 0.094836 0.907471
vt 0.094836 0.907471
vt 0.094836 0.907471
vt 0.094836 0.907471
vt 0.094836 0.907471
vt 0.032451 0.903647
vt 0.032451 0.903647
vt 0.032451 0.903647
vt 0.032451 0.903647
vt 0.032451 0.903647
vt 0.032451 0.903647
vt 0.032451 0.903647
vt 0.032451 0.903647
vt 0.032451 0.903647
vt 0.032451 0.903647
vt 0.032451 0.903647
vt 0.032451 0.903647
vt 0.032451 0.903647
vt 0.032451 0.903647
vt 0.032451 0.903647
vt 0.032451 0.903647
vt 0.032451 0.903647
vt 0.032451 0.903647
vt 0.032451 0.903647
vt 0.032451 0.903647
vt 0.032451 0.903647
vt 0.032451 0.903647
vt 0.032451 0.903647
vt 0.032451 0.903647
vt 0.032451 0.903647
vt 0.032451 0.903647
vt 0.032451 0.903647
vt 0.032451 0.903647
vt 0.032451 0.903647
vt 0.032451 0.903647
vt 0.032451 0.903647
vt 0.032451 0.903647
vt 0.032451 0.903647
vt 0.032451 0.903647
vt 0.032451 0.903647
vt 0.032451 0.903647
vt 0.032451 0.903647
vt 0.032451 0.903647
vt 0.032451 0.903647
vt 0.032451 0.903647
vt 0.032451 0.903647
vt 0.032451 0.903647
vt 0.032451 0.903647
vt 0.032451 0.903647
vt 0.032451 0.903647
vt 0.032451 0.903647
vt 0.032451 0.903647
vt 0.032451 0.903647
vt 0.094835 0.907471
vt 0.094835 0.907471
vt 0.094835 0.907471
vt 0.094835 0.907471
vt 0.094835 0.907471
vt 0.094835 0.907471
vt 0.094835 0.907471
vt 0.094835 0.907471
vt 0.094835 0.907471
vt 0.094835 0.907471
vt 0.094835 0.907471
vt 0.094835 0.907471
vt 0.094835 0.907471
vt 0.094835 0.907471
vt 0.094835 0.907471
vt 0.094835 0.907471
vt 0.094836 0.907471
vt 0.094836 0.907471
vt 0.094836 0.907471
vt 0.094836 0.907471
vt 0.094836 0.907471
vt 0.094836 0.907471
vt 0.094836 0.907471
vt 0.094836 0.907471
vt 0.094836 0.907471
vt 0.094836 0.907471
vt 0.094836 0.907471
vt 0.094836 0.907471
vt 0.094836 0.907471
vt 0.094836 0.907471
vt 0.094836 0.907471
vt 0.094836 0.907471
vt 0.094836 0.907471
vt 0.094836 0.907471
vt 0.094836 0.907471
vt 0.094836 0.907471
vt 0.094836 0.907471
vt 0.094836 0.907471
vt 0.094836 0.907471
vt 0.094836 0.907471
vt 0.094836 0.907471
vt 0.094836 0.907471
vt 0.094836 0.907471
vt 0.094836 0.907471
vt 0.094836 0.907471
vt 0.094836 0.907471
vt 0.094836 0.907471
vt 0.094836 0.907471
vt 0.032451 0.903647
vt 0.032451 0.903647
vt 0.032451 0.903647
vt 0.032451 0.903647
vt 0.032451 0.903647
vt 0.032451 0.903647
vt 0.032451 0.903647
vt 0.032451 0.903647
vt 0.032451 0.903647
vt 0.032451 0.903647
vt 0.032451 0.903647
vt 0.032451 0.903647
vt 0.032451 0.903647
vt 0.032451 0.903647
vt 0.032451 0.903647
vt 0.032451 0.903647
vt 0.032451 0.903647
vt 0.032451 0.903647
vt 0.032451 0.903647
vt 0.032451 0.903647
vt 0.032451 0.903647
vt 0.032451 0.903647
vt 0.032451 0.903647
vt 0.032451 0.903647
vt 0.032451 0.903647
vt 0.032451 0.903647
vt 0.032451 0.903647
vt 0.032451 0.903647
vt 0.032451 0.903647
vt 0.032451 0.903647
vt 0.032451 0.903647
vt 0.032451 0.903647
vt 0.032451 0.903647
vt 0.032451 0.903647
vt 0.032451 0.903647
vt 0.032451 0.903647
vt 0.032451 0.903647
vt 0.032451 0.903647
vt 0.032451 0.903647
vt 0.032451 0.903647
vt 0.032451 0.903647
vt 0.032451 0.903647
vt 0.032451 0.903647
vt 0.032451 0.903647
vt 0.032451 0.903647
vt 0.032451 0.903647
vt 0.032451 0.903647
vt 0.032451 0.903647
vt 0.094835 0.907471
vt 0.094835 0.907471
vt 0.094835 0.907471
vt 0.094835 0.907471
vt 0.094835 0.907471
vt 0.094835 0.907471
vt 0.094835 0.907471
vt 0.094835 0.907471
vt 0.094835 0.907471
vt 0.094835 0.907471
vt 0.094835 0.907471
vt 0.094835 0.907471
vt 0.094835 0.907471
vt 0.094835 0.907471
vt 0.094835 0.907471
vt 0.094835 0.907471
vt 0.094836 0.907471
vt 0.094836 0.907471
vt 0.094836 0.907471
vt 0.094836 0.907471
vt 0.094836 0.907471
vt 0.094836 0.907471
vt 0.094836 0.907471
vt 0.094836 0.907471
vt 0.094836 0.907471
vt 0.094836 0.907471
vt 0.094836 0.907471
vt 0.094836 0.907471
vt 0.094836 0.907471
vt 0.094836 0.907471
vt 0.094836 0.907471
vt 0.094836 0.907471
vt 0.094836 0.907471
vt 0.094836 0.907471
vt 0.094836 0.907471
vt 0.094836 0.907471
vt 0.094836 0.907471
vt 0.094836 0.907471
vt 0.094836 0.907471
vt 0.094836 0.907471
vt 0.094836 0.907471
vt 0.094836 0.907471
vt 0.094836 0.907471
vt 0.094836 0.907471
vt 0.094836 0.907471
vt 0.094836 0.907471
vt 0.094836 0.907471
vt 0.094836 0.907471
vt 0.155420 0.905772
vt 0.155420 0.905772
vt 0.155420 0.905772
vt 0.155420 0.905772
vt 0.155420 0.905772
vt 0.155420 0.905772
vt 0.155420 0.905772
vt 0.155420 0.905772
vt 0.155420 0.905772
vt 0.155420 0.905772
vt 0.155420 0.905771
vt 0.155420 0.905771
vt 0.155420 0.905771
vt 0.155420 0.905771
vt 0.155420 0.905771
vt 0.155420 0.905771
vt 0.155420 0.905771
vt 0.155420 0.905771
vt 0.155420 0.905771
vt 0.155420 0.905771
vt 0.155420 0.905771
vt 0.155420 0.905771
vt 0.155420 0.905771
vt 0.155420 0.905771
vt 0.155420 0.905771
vt 0.155420 0.905771
vt 0.155420 0.905771
vt 0.155420 0.905771
vt 0.155420 0.905771
vt 0.155420 0.905771
vt 0.155420 0.905771
vt 0.155420 0.905771
vt 0.155420 0.905771
vt 0.155420 0.905771
vt 0.155419 0.905771
vt 0.155419 0.905771
vt 0.155419 0.905771
vt 0.155420 0.905771
vt 0.155420 0.905771
vt 0.155420 0.905771
vt 0.155420 0.905771
vt 0.155420 0.905771
vt 0.219925 0.907233
vt 0.219925 0.907234
vt 0.219925 0.907234
vt 0.219925 0.907234
vt 0.219925 0.907234
vt 0.219925 0.907234
vt 0.219925 0.907234
vt 0.219925 0.907234
vt 0.219925 0.907234
vt 0.219925 0.907233
vt 0.219925 0.907233
vt 0.219925 0.907234
vt 0.219925 0.907233
vt 0.219925 0.907233
vt 0.219925 0.907234
vt 0.219925 0.907233
vt 0.219925 0.907233
vt 0.219925 0.907234
vt 0.219925 0.907233
vt 0.219925 0.907233
vt 0.219925 0.907233
vt 0.219924 0.907233
vt 0.219925 0.907233
vt 0.219925 0.907233
vt 0.219925 0.907233
vt 0.219925 0.907233
vt 0.219925 0.907233
vt 0.219925 0.907233
vt 0.219925 0.907233
vt 0.219925 0.907233
vt 0.219925 0.907233
vt 0.219925 0.907233
vt 0.219925 0.907233
vt 0.219925 0.907233
vt 0.219925 0.907233
vt 0.219925 0.907234
vt 0.219925 0.907234
vt 0.219925 0.907234
vt 0.219925 0.907234
vt 0.219925 0.907233
vt 0.219925 0.907234
vt 0.219925 0.907234
vt 0.219925 0.907233
vt 0.219925 0.907233
vt 0.219925 0.907233
vt 0.219925 0.907234
vt 0.155420 0.905772
vt 0.155420 0.905772
vt 0.155420 0.905772
vt 0.155420 0.905772
vt 0.155420 0.905772
vt 0.155420 0.905772
vt 0.155420 0.905772
vt 0.155420 0.905772
vt 0.155420 0.905771
vt 0.155420 0.905771
vt 0.155420 0.905771
vt 0.155420 0.905771
vt 0.155420 0.905771
vt 0.155420 0.905771
vt 0.155420 0.905771
vt 0.155420 0.905771
vt 0.155420 0.905771
vt 0.155420 0.905771
vt 0.155420 0.905771
vt 0.155420 0.905771
vt 0.155420 0.905771
vt 0.155420 0.905771
vt 0.155420 0.905771
vt 0.155420 0.905771
vt 0.155420 0.905771
vt 0.155420 0.905771
vt 0.155420 0.905771
vt 0.155420 0.905771
vt 0.155420 0.905771
vt 0.155420 0.905771
vt 0.155419 0.905771
vt 0.155419 0.905771
vt 0.155419 0.905771
vt 0.155420 0.905771
vt 0.155420 0.905771
vt 0.155420 0.905771
vt 0.219925 0.907233
vt 0.219925 0.907234
vt 0.219925 0.907234
vt 0.219925 0.907234
vt 0.219925 0.907234
vt 0.219925 0.907234
vt 0.219925 0.907234
vt 0.219925 0.907233
vt 0.219925 0.907234
vt 0.219925 0.907233
vt 0.219925 0.907233
vt 0.219925 0.907234
vt 0.219925 0.907233
vt 0.219925 0.907233
vt 0.219925 0.907233
vt 0.219925 0.907233
vt 0.219925 0.907233
vt 0.219924 0.907233
vt 0.219925 0.907233
vt 0.219925 0.907233
vt 0.219925 0.907233
vt 0.219925 0.907233
vt 0.219925 0.907233
vt 0.219925 0.907233
vt 0.219925 0.907233
vt 0.219925 0.907233
vt 0.219925 0.907233
vt 0.219925 0.907233
vt 0.219925 0.907234
vt 0.219925 0.907234
vt 0.219925 0.907234
vt 0.219925 0.907234
vt 0.219925 0.907234
vt 0.219925 0.907233
vt 0.219925 0.907234
vt 0.219925 0.907233
vt 0.094199 0.906250
vt 0.094199 0.906250
vt 0.094199 0.906250
vt 0.094199 0.906250
vt 0.094199 0.906250
vt 0.094199 0.906250
vt 0.094199 0.906250
vt 0.094199 0.906250
vt 0.094199 0.906249
vt 0.094199 0.906249
vt 0.094199 0.906250
vt 0.094199 0.906250
vt 0.094199 0.906250
vt 0.094199 0.906250
vt 0.094199 0.906250
vt 0.094199 0.906250
vt 0.094199 0.906250
vt 0.094199 0.906250
vt 0.094199 0.906250
vt 0.094199 0.906250
vt 0.094199 0.906250
vt 0.094199 0.906250
vt 0.094199 0.906250
vt 0.094199 0.906250
vt 0.095816 0.909105
vt 0.095816 0.909105
vt 0.095816 0.909105
vt 0.095816 0.909105
vt 0.095816 0.909105
vt 0.095816 0.909105
vt 0.095816 0.909105
vt 0.095816 0.909105
vt 0.095816 0.909105
vt 0.095816 0.909105
vt 0.095816 0.909105
vt 0.095816 0.909105
vt 0.095816 0.909105
vt 0.095816 0.909105
vt 0.095816 0.909105
vt 0.095816 0.909105
vt 0.095816 0.909105
vt 0.095816 0.909105
vt 0.095816 0.909105
vt 0.095816 0.909105
vt 0.095816 0.909105
vt 0.095816 0.909105
vt 0.095816 0.909105
vt 0.095816 0.909105
vt 0.095816 0.909105
vt 0.095816 0.909105
vt 0.095816 0.909105
vt 0.095816 0.909105
vt 0.095816 0.909105
vt 0.095816 0.909105
vt 0.095816 0.909105
vt 0.095816 0.909105
vt 0.095816 0.909105
vt 0.095816 0.909105
vt 0.095816 0.909105
vt 0.095816 0.909105
vt 0.095816 0.909105
vt 0.095816 0.909105
vt 0.095816 0.909105
vt 0.095816 0.909105
vt 0.095816 0.909105
vt 0.095816 0.909105
vt 0.095816 0.909105
vt 0.095816 0.909105
vt 0.095816 0.909105
vt 0.095816 0.909105
vt 0.095816 0.909105
vt 0.095816 0.909105
vt 0.094894 0.906840
vt 0.094894 0.906840
vt 0.094894 0.906840
vt 0.094894 0.906840
vt 0.094894 0.906841
vt 0.094894 0.906841
vt 0.094894 0.906841
vt 0.094894 0.906841
vt 0.094894 0.906840
vt 0.094894 0.906840
vt 0.094894 0.906840
vt 0.094894 0.906840
vt 0.094894 0.906841
vt 0.094894 0.906841
vt 0.094894 0.906841
vt 0.094894 0.906841
vt 0.034166 0.906501
vt 0.034166 0.906501
vt 0.034166 0.906501
vt 0.034166 0.906501
vt 0.034166 0.906501
vt 0.034166 0.906501
vt 0.034166 0.906501
vt 0.034166 0.906501
vt 0.034166 0.906501
vt 0.034166 0.906501
vt 0.034166 0.906501
vt 0.034166 0.906501
vt 0.034166 0.906501
vt 0.034166 0.906501
vt 0.034166 0.906501
vt 0.034166 0.906501
vt 0.034166 0.906501
vt 0.034166 0.906501
vt 0.034166 0.906501
vt 0.034166 0.906501
vt 0.034166 0.906501
vt 0.034166 0.906501
vt 0.034166 0.906501
vt 0.034166 0.906501
vt 0.034166 0.906501
vt 0.034166 0.906501
vt 0.034166 0.906501
vt 0.034166 0.906501
vt 0.034166 0.906501
vt 0.034166 0.906501
vt 0.034166 0.906501
vt 0.034166 0.906501
vt 0.034166 0.906501
vt 0.034166 0.906501
vt 0.034166 0.906501
vt 0.034166 0.906501
vt 0.034166 0.906501
vt 0.034166 0.906501
vt 0.034166 0.906501
vt 0.034166 0.906501
vt 0.034166 0.906501
vt 0.034166 0.906501
vt 0.034166 0.906501
vt 0.034166 0.906501
vt 0.034165 0.906501
vt 0.034165 0.906501
vt 0.034166 0.906501
vt 0.034165 0.906501
vt 0.094585 0.909908
vt 0.094585 0.909908
vt 0.094585 0.909908
vt 0.094585 0.909908
vt 0.094585 0.909908
vt 0.094585 0.909908
vt 0.094586 0.909908
vt 0.094586 0.909908
vt 0.094586 0.909908
vt 0.094586 0.909908
vt 0.094586 0.909908
vt 0.094586 0.909908
vt 0.094586 0.909908
vt 0.094586 0.909908
vt 0.094586 0.909908
vt 0.094586 0.909908
vt 0.094586 0.909908
vt 0.094586 0.909908
vt 0.094586 0.909908
vt 0.094586 0.909908
vt 0.094586 0.909908
vt 0.094586 0.909908
vt 0.094586 0.909908
vt 0.094586 0.909908
vt 0.094586 0.909908
vt 0.094586 0.909908
vt 0.094586 0.909908
vt 0.094586 0.909908
vt 0.094586 0.909908
vt 0.094586 0.909908
vt 0.094586 0.909908
vt 0.094586 0.909908
vt 0.094586 0.909908
vt 0.094586 0.909908
vt 0.094586 0.909908
vt 0.094586 0.909908
vt 0.094586 0.909908
vt 0.094586 0.909908
vt 0.094586 0.909908
vt 0.094586 0.909908
vt 0.094586 0.909908
vt 0.094586 0.909908
vt 0.094586 0.909908
vt 0.094586 0.909908
vt 0.094586 0.909908
vt 0.094586 0.909908
vt 0.094586 0.909908
vt 0.094586 0.909908
vt 0.034166 0.906501
vt 0.034166 0.906501
vt 0.034166 0.906501
vt 0.034166 0.906501
vt 0.034166 0.906501
vt 0.034166 0.906501
vt 0.034166 0.906501
vt 0.034166 0.906501
vt 0.034166 0.906501
vt 0.034166 0.906501
vt 0.034166 0.906501
vt 0.034166 0.906501
vt 0.034166 0.906501
vt 0.034166 0.906501
vt 0.034166 0.906501
vt 0.034166 0.906501
vt 0.034166 0.906501
vt 0.034166 0.906501
vt 0.034166 0.906501
vt 0.034166 0.906501
vt 0.034166 0.906501
vt 0.034166 0.906501
vt 0.034166 0.906501
vt 0.034166 0.906501
vt 0.034166 0.906501
vt 0.034166 0.906501
vt 0.034166 0.906501
vt 0.034166 0.906501
vt 0.034166 0.906501
vt 0.034166 0.906501
vt 0.034166 0.906501
vt 0.034166 0.906501
vt 0.034166 0.906501
vt 0.034166 0.906501
vt 0.034166 0.906501
vt 0.034166 0.906501
vt 0.034166 0.906501
vt 0.034166 0.906501
vt 0.034166 0.906501
vt 0.034166 0.906501
vt 0.034166 0.906501
vt 0.034166 0.906501
vt 0.034166 0.906501
vt 0.034166 0.906501
vt 0.034165 0.906501
vt 0.034165 0.906501
vt 0.034166 0.906501
vt 0.034165 0.906501
vt 0.094585 0.909908
vt 0.094585 0.909908
vt 0.094585 0.909908
vt 0.094585 0.909908
vt 0.094585 0.909908
vt 0.094585 0.909908
vt 0.094586 0.909908
vt 0.094586 0.909908
vt 0.094586 0.909908
vt 0.094586 0.909908
vt 0.094586 0.909908
vt 0.094586 0.909908
vt 0.094586 0.909908
vt 0.094586 0.909908
vt 0.094586 0.909908
vt 0.094586 0.909908
vt 0.094586 0.909908
vt 0.094586 0.909908
vt 0.094586 0.909908
vt 0.094586 0.909908
vt 0.094586 0.909908
vt 0.094586 0.909908
vt 0.094586 0.909908
vt 0.094586 0.909908
vt 0.094586 0.909908
vt 0.094586 0.909908
vt 0.094586 0.909908
vt 0.094586 0.909908
vt 0.094586 0.909908
vt 0.094586 0.909908
vt 0.094586 0.909908
vt 0.094586 0.909908
vt 0.094586 0.909908
vt 0.094586 0.909908
vt 0.094586 0.909908
vt 0.094586 0.909908
vt 0.094586 0.909908
vt 0.094586 0.909908
vt 0.094586 0.909908
vt 0.094586 0.909908
vt 0.094586 0.909908
vt 0.094586 0.909908
vt 0.094586 0.909908
vt 0.094586 0.909908
vt 0.094586 0.909908
vt 0.094586 0.909908
vt 0.094586 0.909908
vt 0.094586 0.909908
vt 0.095487 0.906220
vt 0.095487 0.906220
vt 0.095487 0.906220
vt 0.095487 0.906220
vt 0.095487 0.906220
vt 0.095487 0.906220
vt 0.095487 0.906220
vt 0.095487 0.906220
vt 0.095487 0.906220
vt 0.095487 0.906220
vt 0.095487 0.906220
vt 0.095487 0.906220
vt 0.095487 0.906220
vt 0.095487 0.906220
vt 0.095487 0.906220
vt 0.095487 0.906220
vt 0.095487 0.906220
vt 0.095487 0.906220
vt 0.095487 0.906220
vt 0.095487 0.906220
vt 0.095487 0.906220
vt 0.095487 0.906220
vt 0.095487 0.906220
vt 0.095487 0.906220
vt 0.095487 0.906220
vt 0.095487 0.906220
vt 0.095487 0.906220
vt 0.095487 0.906220
vt 0.095487 0.906220
vt 0.095487 0.906220
vt 0.095487 0.906220
vt 0.095487 0.906220
vt 0.095487 0.906220
vt 0.095487 0.906220
vt 0.095487 0.906220
vt 0.095487 0.906220
vt 0.095487 0.906220
vt 0.095487 0.906220
vt 0.095487 0.906220
vt 0.095487 0.906220
vt 0.095487 0.906220
vt 0.095487 0.906220
vt 0.095487 0.906220
vt 0.095487 0.906220
vt 0.095487 0.906220
vt 0.095487 0.906220
vt 0.095487 0.906220
vt 0.095487 0.906220
vt 0.095487 0.906220
vt 0.095487 0.906220
vt 0.095487 0.906220
vt 0.095487 0.906220
vt 0.095487 0.906220
vt 0.095487 0.906220
vt 0.095487 0.906220
vt 0.095487 0.906220
vt 0.095487 0.906220
vt 0.095487 0.906220
vt 0.095487 0.906220
vt 0.095487 0.906220
vt 0.095487 0.906220
vt 0.095487 0.906220
vt 0.095487 0.906220
vt 0.095487 0.906220
vt 0.095487 0.906220
vt 0.095487 0.906220
vt 0.095487 0.906220
vt 0.095487 0.906220
vt 0.095487 0.906220
vt 0.095487 0.906220
vt 0.095487 0.906220
vt 0.095487 0.906220
vt 0.095487 0.906220
vt 0.095487 0.906220
vt 0.095487 0.906220
vt 0.095487 0.906220
vt 0.095487 0.906220
vt 0.095487 0.906220
vt 0.095487 0.906220
vt 0.095487 0.906220
vt 0.095487 0.906220
vt 0.095487 0.906220
vt 0.095487 0.906220
vt 0.095487 0.906220
vt 0.095487 0.906220
vt 0.095487 0.906220
vt 0.095487 0.906220
vt 0.095487 0.906220
vt 0.095487 0.906220
vt 0.095488 0.906220
vt 0.095488 0.906220
vt 0.095488 0.906220
vt 0.095488 0.906220
vt 0.095487 0.906220
vt 0.095487 0.906220
vt 0.095488 0.906220
vt 0.095487 0.906220
vt 0.095487 0.906220
vt 0.095488 0.906220
vt 0.095487 0.906220
vt 0.095487 0.906220
vt 0.095488 0.906220
vt 0.095488 0.906220
vt 0.095488 0.906220
vt 0.095488 0.906220
vt 0.095487 0.906220
vt 0.095488 0.906220
vt 0.095488 0.906220
vt 0.095488 0.906220
vt 0.095488 0.906220
vt 0.095488 0.906220
vt 0.095488 0.906220
vt 0.095488 0.906220
vt 0.095488 0.906220
vt 0.095487 0.906220
vt 0.095487 0.906220
vt 0.095487 0.906220
vt 0.095487 0.906220
vt 0.095487 0.906220
vt 0.095487 0.906220
vt 0.095487 0.906220
vt 0.095487 0.906220
vt 0.095487 0.906220
vt 0.095487 0.906220
vt 0.095487 0.906220
vt 0.095487 0.906220
vt 0.095487 0.906220
vt 0.095487 0.906220
vt 0.095487 0.906220
vt 0.095487 0.906220
vt 0.095487 0.906220
vt 0.095487 0.906220
vt 0.095487 0.906220
vt 0.095487 0.906220
vt 0.095487 0.906220
vt 0.095487 0.906220
vt 0.095487 0.906220
vt 0.095487 0.906220
vt 0.095487 0.906220
vt 0.095487 0.906220
vt 0.095487 0.906220
vt 0.095487 0.906220
vt 0.095487 0.906220
vt 0.095487 0.906220
vt 0.095487 0.906220
vt 0.095487 0.906220
vt 0.095487 0.906220
vt 0.095487 0.906220
vt 0.095487 0.906220
vt 0.095487 0.906220
vt 0.095487 0.906220
vt 0.095487 0.906220
vt 0.095487 0.906220
vt 0.095487 0.906220
vt 0.095487 0.906220
vt 0.095487 0.906220
vt 0.095487 0.906220
vt 0.095487 0.906220
vt 0.095487 0.906220
vt 0.095487 0.906220
vt 0.095487 0.906220
vt 0.095487 0.906220
vt 0.095487 0.906220
vt 0.095487 0.906220
vt 0.095487 0.906220
vt 0.095487 0.906220
vt 0.095487 0.906220
vt 0.095487 0.906220
vt 0.095487 0.906220
vt 0.095487 0.906220
vt 0.095487 0.906220
vt 0.095487 0.906220
vt 0.095487 0.906220
vt 0.095487 0.906220
vt 0.095487 0.906220
vt 0.095487 0.906220
vt 0.095487 0.906220
vt 0.095487 0.906220
vt 0.095487 0.906220
vt 0.095487 0.906220
vt 0.095487 0.906220
vt 0.095487 0.906220
vt 0.095487 0.906220
vt 0.095487 0.906220
vt 0.095487 0.906220
vt 0.095487 0.906220
vt 0.095487 0.906220
vt 0.095487 0.906220
vt 0.095487 0.906220
vt 0.095487 0.906220
vt 0.095487 0.906220
vt 0.095487 0.906220
vt 0.095487 0.906220
vt 0.095487 0.906220
vt 0.095487 0.906220
vt 0.095487 0.906220
vt 0.095487 0.906220
vt 0.095487 0.906220
vt 0.095487 0.906220
vt 0.095487 0.906220
vt 0.095487 0.906220
vt 0.095487 0.906220
vt 0.095487 0.906220
vt 0.095487 0.906220
vt 0.095487 0.906220
vt 0.095487 0.906220
vt 0.095487 0.906220
vt 0.095487 0.906220
vt 0.095487 0.906220
vt 0.095487 0.906220
vt 0.095487 0.906220
vt 0.095487 0.906220
vt 0.095487 0.906220
vt 0.095487 0.906220
vt 0.095487 0.906220
vt 0.095487 0.906220
vt 0.095487 0.906220
vt 0.095487 0.906220
vt 0.095487 0.906220
vt 0.095487 0.906220
vt 0.095487 0.906220
vt 0.095487 0.906220
vt 0.095487 0.906220
vt 0.095487 0.906220
vt 0.095487 0.906220
vt 0.095487 0.906220
vt 0.095487 0.906220
vt 0.095487 0.906220
vt 0.095487 0.906220
vt 0.095487 0.906220
vt 0.095487 0.906220
vt 0.095487 0.906220
vt 0.095487 0.906220
vt 0.095487 0.906220
vt 0.095487 0.906220
vt 0.095487 0.906220
vt 0.095487 0.906220
vt 0.095487 0.906220
vt 0.095487 0.906220
vt 0.095487 0.906220
vt 0.095487 0.906220
vt 0.095487 0.906220
vt 0.095487 0.906220
vt 0.095487 0.906220
vt 0.095487 0.906220
vt 0.095487 0.906220
vt 0.095487 0.906220
vt 0.095487 0.906220
vt 0.095487 0.906220
vt 0.095487 0.906220
vt 0.095487 0.906220
vt 0.095487 0.906220
vt 0.095488 0.906220
vt 0.095488 0.906220
vt 0.095488 0.906220
vt 0.095488 0.906220
vt 0.095487 0.906220
vt 0.095487 0.906220
vt 0.095488 0.906220
vt 0.095487 0.906220
vt 0.095488 0.906220
vt 0.095487 0.906220
vt 0.095487 0.906220
vt 0.095487 0.906220
vt 0.095488 0.906220
vt 0.095488 0.906220
vt 0.095488 0.906220
vt 0.095488 0.906220
vt 0.095487 0.906220
vt 0.095488 0.906220
vt 0.095488 0.906220
vt 0.095488 0.906220
vt 0.095488 0.906220
vt 0.095488 0.906220
vt 0.095488 0.906220
vt 0.095488 0.906220
vt 0.095488 0.906220
vt 0.095487 0.906220
vt 0.095487 0.906220
vt 0.095487 0.906220
vt 0.095487 0.906220
vt 0.095487 0.906220
vt 0.095487 0.906220
vt 0.095487 0.906220
vt 0.095487 0.906220
vt 0.095487 0.906220
vt 0.095487 0.906220
vt 0.095487 0.906220
vt 0.095487 0.906220
vt 0.095487 0.906220
vt 0.095487 0.906220
vt 0.095487 0.906220
vt 0.095487 0.906220
vt 0.095487 0.906220
vt 0.095487 0.906220
vt 0.095487 0.906220
vt 0.095487 0.906220
vt 0.095487 0.906220
vt 0.095487 0.906220
vt 0.095487 0.906220
vt 0.095487 0.906220
vt 0.095487 0.906220
vt 0.095487 0.906220
vt 0.095487 0.906220
vt 0.095487 0.906220
vt 0.095487 0.906220
vt 0.095487 0.906220
vt 0.095487 0.906220
vt 0.095487 0.906220
vt 0.095487 0.906220
vt 0.095487 0.906220
vt 0.095487 0.906220
vt 0.095487 0.906220
vt 0.095487 0.906220
vt 0.095487 0.906220
vt 0.095487 0.906220
vt 0.095487 0.906220
vt 0.095487 0.906220
vt 0.095487 0.906220
vt 0.095487 0.906220
vt 0.095487 0.906220
vt 0.095487 0.906220
vt 0.095487 0.906220
vt 0.095487 0.906220
vt 0.095487 0.906220
vt 0.095487 0.906220
vt 0.031343 0.031879
vt 0.031343 0.031879
vt 0.031343 0.031879
vt 0.031343 0.031879
vt 0.031343 0.031879
vt 0.031343 0.031879
vt 0.031343 0.031879
vt 0.031343 0.031879
vt 0.031343 0.031879
vt 0.031343 0.031879
vt 0.031343 0.031879
vt 0.031343 0.031879
vt 0.031343 0.031879
vt 0.031343 0.031879
vt 0.031343 0.031879
vt 0.031343 0.031879
vt 0.031343 0.031879
vt 0.031343 0.031879
vt 0.031343 0.031879
vt 0.031343 0.031879
vt 0.031343 0.031879
vt 0.031343 0.031879
vt 0.031343 0.031879
vt 0.031343 0.031879
vt 0.031343 0.031879
vt 0.031343 0.031879
vt 0.031343 0.031879
vt 0.031343 0.031879
vt 0.031343 0.031879
vt 0.031343 0.031879
vt 0.031343 0.031879
vt 0.031343 0.031879
vt 0.031343 0.031879
vt 0.031343 0.031879
vt 0.031343 0.031879
vt 0.031343 0.031879
vt 0.031343 0.031879
vt 0.031343 0.031879
vt 0.031343 0.031879
vt 0.031343 0.031879
vt 0.031343 0.031879
vt 0.031343 0.031879
vt 0.031343 0.031879
vt 0.031343 0.031879
vt 0.095439 0.906343
vt 0.095436 0.906343
vt 0.095439 0.906343
vt 0.095430 0.906305
vt 0.095430 0.906308
vt 0.095430 0.906308
vt 0.095430 0.906305
vt 0.095423 0.906321
vt 0.095423 0.906319
vt 0.095423 0.906319
vt 0.095423 0.906321
vt 0.095423 0.906314
vt 0.095423 0.906311
vt 0.095423 0.906311
vt 0.095423 0.906314
vt 0.031343 0.031879
vt 0.031343 0.031879
vt 0.031343 0.031879
vt 0.031343 0.031879
vt 0.031887 0.904990
vt 0.031890 0.904990
vt 0.031893 0.904990
vt 0.031893 0.904993
vt 0.031887 0.904993
vt 0.031893 0.904996
vt 0.031887 0.904996
vt 0.031893 0.904999
vt 0.031887 0.904999
vt 0.031893 0.905002
vt 0.031887 0.905002
vt 0.031893 0.905005
vt 0.031887 0.905005
vt 0.095430 0.906302
vt 0.095430 0.906302
vt 0.095423 0.906296
vt 0.095423 0.906296
vt 0.095423 0.906296
vt 0.095423 0.906296
vt 0.095430 0.906299
vt 0.095430 0.906299
vt 0.095423 0.906308
vt 0.095423 0.906305
vt 0.095423 0.906305
vt 0.095423 0.906308
vt 0.095423 0.906293
vt 0.095423 0.906291
vt 0.095423 0.906291
vt 0.095423 0.906293
vt 0.031887 0.905040
vt 0.031884 0.905040
vt 0.031884 0.905040
vt 0.031884 0.905040
vt 0.031884 0.905040
vt 0.031858 0.905019
vt 0.031858 0.905021
vt 0.031856 0.905021
vt 0.031856 0.905019
vt 0.031858 0.905016
vt 0.031858 0.905018
vt 0.031856 0.905018
vt 0.031856 0.905016
vt 0.031878 0.905018
vt 0.031878 0.905016
vt 0.031881 0.905016
vt 0.031881 0.905018
vt 0.031878 0.905019
vt 0.031881 0.905019
vt 0.031858 0.905012
vt 0.031858 0.905014
vt 0.031856 0.905014
vt 0.031856 0.905011
vt 0.031858 0.905018
vt 0.031858 0.905019
vt 0.031878 0.905014
vt 0.031878 0.905012
vt 0.031881 0.905011
vt 0.031881 0.905014
vt 0.031878 0.905019
vt 0.031878 0.905018
vt 0.031858 0.905016
vt 0.031878 0.905016
vt 0.095423 0.906318
vt 0.095423 0.906318
vt 0.031878 0.905015
vt 0.031858 0.905015
vt 0.031858 0.905015
vt 0.031882 0.905015
vt 0.095423 0.906317
vt 0.095423 0.906317
vt 0.031878 0.904990
vt 0.031858 0.904990
vt 0.031856 0.904990
vt 0.031881 0.904990
vt 0.031858 0.904992
vt 0.031856 0.904993
vt 0.031878 0.905011
vt 0.031878 0.905008
vt 0.031881 0.905008
vt 0.031858 0.905011
vt 0.031858 0.905008
vt 0.031856 0.905008
vt 0.031878 0.904992
vt 0.031881 0.904993
vt 0.095430 0.906296
vt 0.095430 0.906296
vt 0.095423 0.906302
vt 0.095423 0.906302
vt 0.031343 0.031879
vt 0.031343 0.031879
vt 0.031343 0.031879
vt 0.031343 0.031879
vt 0.031858 0.904978
vt 0.031858 0.904980
vt 0.031856 0.904980
vt 0.031856 0.904977
vt 0.031878 0.904978
vt 0.031879 0.904977
vt 0.031858 0.904984
vt 0.031858 0.904985
vt 0.031856 0.904985
vt 0.031856 0.904983
vt 0.031878 0.904984
vt 0.031879 0.904983
vt 0.031878 0.904985
vt 0.031881 0.904985
vt 0.031878 0.904988
vt 0.031878 0.904987
vt 0.031881 0.904987
vt 0.031881 0.904988
vt 0.031858 0.904987
vt 0.031858 0.904988
vt 0.031856 0.904988
vt 0.031856 0.904987
vt 0.031878 0.904980
vt 0.031879 0.904980
vt 0.031878 0.904989
vt 0.031878 0.904988
vt 0.031881 0.904990
vt 0.031858 0.904989
vt 0.031856 0.904990
vt 0.031878 0.904983
vt 0.031878 0.904981
vt 0.031858 0.904983
vt 0.031878 0.904986
vt 0.031878 0.904985
vt 0.031858 0.904988
vt 0.031858 0.904985
vt 0.031858 0.904986
vt 0.031858 0.904981
vt 0.031884 0.904990
vt 0.031884 0.904997
vt 0.031882 0.904998
vt 0.095430 0.906293
vt 0.095430 0.906293
vt 0.095423 0.906299
vt 0.095423 0.906299
vt 0.031343 0.031879
vt 0.031343 0.031879
vt 0.031343 0.031879
vt 0.031343 0.031879
vt 0.031343 0.031879
vt 0.031343 0.031879
vt 0.031343 0.031879
vt 0.031343 0.031879
vt 0.031343 0.031879
vt 0.031343 0.031879
vt 0.031343 0.031879
vt 0.031343 0.031879
vt 0.031343 0.031879
vt 0.031343 0.031879
vt 0.031343 0.031879
vt 0.031343 0.031879
vt 0.031343 0.031879
vt 0.031343 0.031879
vt 0.031343 0.031879
vt 0.031343 0.031879
vt 0.031858 0.905008
vt 0.031878 0.905008
vt 0.031881 0.905008
vt 0.031858 0.905008
vt 0.031858 0.904999
vt 0.031858 0.905002
vt 0.031856 0.905002
vt 0.031856 0.904999
vt 0.031858 0.904993
vt 0.031858 0.904996
vt 0.031856 0.904996
vt 0.031856 0.904993
vt 0.031878 0.904996
vt 0.031878 0.904993
vt 0.031881 0.904993
vt 0.031881 0.904996
vt 0.031878 0.905002
vt 0.031878 0.904999
vt 0.031881 0.904999
vt 0.031881 0.905002
vt 0.095423 0.906311
vt 0.095423 0.906311
vt 0.095423 0.906311
vt 0.095423 0.906311
vt 0.031878 0.905005
vt 0.031858 0.905005
vt 0.031856 0.905005
vt 0.031881 0.905005
vt 0.031858 0.905002
vt 0.031858 0.905005
vt 0.031858 0.904996
vt 0.031858 0.904999
vt 0.031878 0.904999
vt 0.031878 0.904996
vt 0.031878 0.905005
vt 0.031878 0.905002
vt 0.095423 0.906296
vt 0.095423 0.906296
vt 0.031859 0.905021
vt 0.095423 0.906311
vt 0.095423 0.906311
vt 0.031878 0.904993
vt 0.031858 0.904993
vt 0.031856 0.904993
vt 0.031881 0.904993
vt 0.031343 0.031879
vt 0.031343 0.031879
vt 0.031343 0.031879
vt 0.031343 0.031879
vt 0.095423 0.906290
vt 0.095423 0.906290
vt 0.095423 0.906288
vt 0.095423 0.906288
vt 0.031878 0.905008
vt 0.031858 0.905008
vt 0.031857 0.905008
vt 0.031881 0.905008
vt 0.095423 0.906287
vt 0.095423 0.906287
vt 0.031343 0.031879
vt 0.031343 0.031879
vt 0.031343 0.031879
vt 0.031343 0.031879
vt 0.031881 0.904993
vt 0.031881 0.905008
vt 0.031881 0.905008
vt 0.031881 0.904993
vt 0.031858 0.905008
vt 0.031878 0.905008
vt 0.031882 0.905008
vt 0.031858 0.905008
vt 0.095423 0.906296
vt 0.095423 0.906293
vt 0.095423 0.906293
vt 0.095423 0.906296
vt 0.095423 0.906322
vt 0.095423 0.906322
vt 0.031881 0.905040
vt 0.031878 0.905040
vt 0.031875 0.905040
vt 0.031876 0.905040
vt 0.031872 0.905040
vt 0.031868 0.905040
vt 0.031869 0.905040
vt 0.031876 0.904990
vt 0.031876 0.905003
vt 0.031875 0.904990
vt 0.031903 0.905040
vt 0.031878 0.905021
vt 0.031880 0.905021
vt 0.031881 0.904990
vt 0.031881 0.905000
vt 0.031878 0.905002
vt 0.031878 0.904990
vt 0.095398 0.906300
vt 0.095398 0.906300
vt 0.095398 0.906300
vt 0.095398 0.906300
vt 0.031858 0.904993
vt 0.031856 0.904993
vt 0.031876 0.905035
vt 0.031878 0.905035
vt 0.031879 0.905035
vt 0.031877 0.905035
vt 0.283468 0.909566
vt 0.283468 0.909566
vt 0.283468 0.909566
vt 0.283468 0.909566
vt 0.031875 0.905035
vt 0.031875 0.905035
vt 0.031869 0.905035
vt 0.031872 0.905035
vt 0.031872 0.905035
vt 0.031869 0.905035
vt 0.283469 0.909566
vt 0.283469 0.909566
vt 0.283469 0.909566
vt 0.283469 0.909566
vt 0.095423 0.906343
vt 0.095421 0.906343
vt 0.095421 0.906343
vt 0.095423 0.906343
vt 0.095423 0.906324
vt 0.095423 0.906324
vt 0.031881 0.905021
vt 0.031880 0.905021
vt 0.031881 0.905021
vt 0.095422 0.906324
vt 0.095422 0.906283
vt 0.095422 0.906281
vt 0.095423 0.906280
vt 0.095423 0.906283
vt 0.031872 0.905030
vt 0.031875 0.905031
vt 0.031875 0.905035
vt 0.031872 0.905035
vt 0.031881 0.905032
vt 0.031882 0.905032
vt 0.031884 0.905035
vt 0.031881 0.905035
vt 0.031878 0.905031
vt 0.031878 0.905035
vt 0.031869 0.905028
vt 0.031869 0.905035
vt 0.031876 0.905031
vt 0.031876 0.905035
vt 0.031877 0.905021
vt 0.031879 0.905021
vt 0.031872 0.905030
vt 0.031869 0.905028
vt 0.031869 0.905028
vt 0.031872 0.905030
vt 0.031343 0.031879
vt 0.031343 0.031879
vt 0.031343 0.031879
vt 0.031343 0.031879
vt 0.031343 0.031879
vt 0.031343 0.031879
vt 0.031343 0.031879
vt 0.031343 0.031879
vt 0.031881 0.905035
vt 0.031884 0.905035
vt 0.031884 0.905035
vt 0.031884 0.905035
vt 0.031882 0.905035
vt 0.031881 0.905035
vt 0.031884 0.905032
vt 0.031882 0.905015
vt 0.031858 0.905015
vt 0.031858 0.905014
vt 0.031882 0.905014
vt 0.095423 0.906318
vt 0.095423 0.906318
vt 0.095423 0.906317
vt 0.095423 0.906317
vt 0.031868 0.904990
vt 0.031869 0.904990
vt 0.031868 0.905028
vt 0.031868 0.905035
vt 0.283468 0.909566
vt 0.283468 0.909566
vt 0.283468 0.909566
vt 0.283468 0.909566
vt 0.031869 0.905028
vt 0.031869 0.904990
vt 0.031869 0.904990
vt 0.031869 0.905028
vt 0.031881 0.905008
vt 0.031857 0.905008
vt 0.031858 0.905008
vt 0.031881 0.905008
vt 0.095423 0.906311
vt 0.095423 0.906311
vt 0.095423 0.906311
vt 0.095423 0.906311
vt 0.095423 0.906311
vt 0.095423 0.906309
vt 0.095423 0.906309
vt 0.095423 0.906311
vt 0.095421 0.906338
vt 0.095423 0.906338
vt 0.095423 0.906343
vt 0.095421 0.906343
vt 0.095419 0.906338
vt 0.095419 0.906343
vt 0.095415 0.906338
vt 0.095417 0.906338
vt 0.095417 0.906343
vt 0.095415 0.906343
vt 0.095411 0.906338
vt 0.095411 0.906343
vt 0.095419 0.906343
vt 0.095417 0.906343
vt 0.095417 0.906343
vt 0.095419 0.906343
vt 0.095411 0.906338
vt 0.095411 0.906343
vt 0.283468 0.909566
vt 0.283468 0.909566
vt 0.283469 0.909566
vt 0.283469 0.909566
vt 0.283469 0.909566
vt 0.031868 0.905035
vt 0.031868 0.905035
vt 0.095425 0.906338
vt 0.095425 0.906343
vt 0.031882 0.905040
vt 0.031884 0.905040
vt 0.031884 0.905040
vt 0.095414 0.906343
vt 0.095415 0.906343
vt 0.095426 0.906338
vt 0.095426 0.906343
vt 0.095421 0.906324
vt 0.095423 0.906324
vt 0.095421 0.906324
vt 0.095423 0.906324
vt 0.345229 0.907214
vt 0.345228 0.907214
vt 0.345228 0.907214
vt 0.345229 0.907214
vt 0.031343 0.031879
vt 0.031343 0.031879
vt 0.031343 0.031879
vt 0.031343 0.031879
vt 0.031875 0.905031
vt 0.031875 0.905031
vt 0.031875 0.904990
vt 0.031875 0.905031
vt 0.031875 0.905031
vt 0.031875 0.904990
vt 0.031878 0.904993
vt 0.031881 0.904993
vt 0.095423 0.906311
vt 0.095423 0.906311
vt 0.095423 0.906311
vt 0.095423 0.906311
vt 0.095423 0.906296
vt 0.095423 0.906296
vt 0.095423 0.906296
vt 0.095423 0.906296
vt 0.031881 0.905008
vt 0.031856 0.905008
vt 0.031858 0.905008
vt 0.031882 0.905008
vt 0.031856 0.904993
vt 0.031881 0.904993
vt 0.031881 0.904993
vt 0.031856 0.904993
vt 0.095423 0.906298
vt 0.095423 0.906296
vt 0.095423 0.906296
vt 0.095423 0.906298
vt 0.031881 0.905008
vt 0.031856 0.905008
vt 0.031856 0.905008
vt 0.031881 0.905008
vt 0.031856 0.904993
vt 0.031881 0.904993
vt 0.031881 0.904993
vt 0.031856 0.904993
vt 0.031878 0.905008
vt 0.031878 0.905004
vt 0.031881 0.905005
vt 0.031881 0.905008
vt 0.031859 0.905008
vt 0.031856 0.905008
vt 0.031878 0.904993
vt 0.031859 0.904993
vt 0.031856 0.904993
vt 0.031881 0.904993
vt 0.031878 0.905004
vt 0.031878 0.905001
vt 0.031881 0.905001
vt 0.031881 0.905004
vt 0.031878 0.905000
vt 0.031878 0.904997
vt 0.031881 0.904997
vt 0.031881 0.905000
vt 0.031878 0.904997
vt 0.031881 0.904996
vt 0.031878 0.905004
vt 0.031859 0.905004
vt 0.031859 0.905004
vt 0.031878 0.905004
vt 0.031859 0.904997
vt 0.031878 0.904997
vt 0.031878 0.904997
vt 0.031859 0.904997
vt 0.031859 0.905004
vt 0.031859 0.905004
vt 0.031859 0.905000
vt 0.031859 0.905001
vt 0.031859 0.904997
vt 0.031859 0.904997
vt 0.031878 0.904997
vt 0.031859 0.904997
vt 0.031859 0.904997
vt 0.031878 0.904997
vt 0.095423 0.906307
vt 0.095423 0.906304
vt 0.095423 0.906304
vt 0.095423 0.906307
vt 0.031881 0.904995
vt 0.031881 0.904993
vt 0.031856 0.904993
vt 0.031856 0.904995
vt 0.031881 0.905006
vt 0.031881 0.905004
vt 0.031881 0.905004
vt 0.031881 0.905006
vt 0.095423 0.906304
vt 0.095423 0.906300
vt 0.095423 0.906300
vt 0.095423 0.906304
vt 0.031881 0.904995
vt 0.031856 0.904995
vt 0.031856 0.904995
vt 0.031881 0.904995
vt 0.031881 0.905004
vt 0.031856 0.905004
vt 0.031856 0.905004
vt 0.031881 0.905004
vt 0.031881 0.905000
vt 0.031856 0.905000
vt 0.031856 0.905001
vt 0.031881 0.905001
vt 0.031881 0.904997
vt 0.031856 0.904997
vt 0.031856 0.904997
vt 0.031881 0.904997
vt 0.095423 0.906307
vt 0.095423 0.906307
vt 0.095423 0.906300
vt 0.095423 0.906300
vt 0.031881 0.905008
vt 0.031881 0.905006
vt 0.031856 0.905006
vt 0.031856 0.905008
vt 0.031881 0.905000
vt 0.031881 0.904997
vt 0.031881 0.904997
vt 0.031881 0.905000
vt 0.031343 0.031879
vt 0.031343 0.031879
vt 0.031343 0.031879
vt 0.031343 0.031879
vt 0.031343 0.031879
vt 0.031343 0.031879
vt 0.031343 0.031879
vt 0.031343 0.031879
vt 0.031343 0.031879
vt 0.031343 0.031879
vt 0.031343 0.031879
vt 0.031343 0.031879
vt 0.031343 0.031879
vt 0.031343 0.031879
vt 0.031343 0.031879
vt 0.031343 0.031879
vt 0.031856 0.905006
vt 0.031881 0.905006
vt 0.031881 0.905006
vt 0.031856 0.905006
vt 0.031881 0.905001
vt 0.031856 0.905001
vt 0.031856 0.905001
vt 0.031881 0.905001
vt 0.031881 0.905004
vt 0.031881 0.905001
vt 0.031881 0.905001
vt 0.031881 0.905004
vt 0.031856 0.905004
vt 0.031881 0.905004
vt 0.031881 0.905004
vt 0.031856 0.905004
vt 0.031856 0.904997
vt 0.031881 0.904997
vt 0.031881 0.904997
vt 0.031856 0.904997
vt 0.031881 0.905004
vt 0.031856 0.905004
vt 0.031856 0.905004
vt 0.031881 0.905004
vt 0.031881 0.904997
vt 0.031881 0.904995
vt 0.031881 0.904995
vt 0.031881 0.904997
vt 0.031881 0.904997
vt 0.031856 0.904997
vt 0.031856 0.904997
vt 0.031881 0.904997
vt 0.031856 0.905000
vt 0.031881 0.905000
vt 0.031881 0.905000
vt 0.031856 0.905000
vt 0.031343 0.031879
vt 0.031343 0.031879
vt 0.031343 0.031879
vt 0.031343 0.031879
vt 0.031343 0.031879
vt 0.031343 0.031879
vt 0.031343 0.031879
vt 0.031343 0.031879
vt 0.031343 0.031879
vt 0.031343 0.031879
vt 0.031343 0.031879
vt 0.031343 0.031879
vt 0.031343 0.031879
vt 0.031343 0.031879
vt 0.031343 0.031879
vt 0.031343 0.031879
vt 0.031878 0.904993
vt 0.031878 0.904997
vt 0.031878 0.904997
vt 0.031878 0.904993
vt 0.031859 0.905004
vt 0.031878 0.905004
vt 0.031878 0.905004
vt 0.031859 0.905004
vt 0.031878 0.905008
vt 0.031859 0.905008
vt 0.031859 0.905008
vt 0.031878 0.905008
vt 0.031878 0.905004
vt 0.031878 0.905008
vt 0.031878 0.905008
vt 0.031878 0.905004
vt 0.031859 0.904993
vt 0.031878 0.904993
vt 0.031878 0.904993
vt 0.031859 0.904993
vt 0.031878 0.905000
vt 0.031859 0.905000
vt 0.031859 0.905000
vt 0.031878 0.905000
vt 0.031878 0.905001
vt 0.031878 0.905004
vt 0.031878 0.905004
vt 0.031878 0.905001
vt 0.031859 0.905001
vt 0.031878 0.905001
vt 0.031878 0.905001
vt 0.031859 0.905001
vt 0.031878 0.904997
vt 0.031878 0.905000
vt 0.031878 0.905000
vt 0.031878 0.904997
vt 0.095420 0.906293
vt 0.095419 0.906293
vt 0.095419 0.906293
vt 0.095420 0.906293
vt 0.095398 0.906296
vt 0.095398 0.906296
vt 0.095398 0.906296
vt 0.095398 0.906296
vt 0.095398 0.906304
vt 0.095398 0.906304
vt 0.095398 0.906304
vt 0.095398 0.906304
vt 0.095401 0.906296
vt 0.095401 0.906296
vt 0.095401 0.906296
vt 0.095401 0.906296
vt 0.095398 0.906309
vt 0.095398 0.906309
vt 0.095398 0.906309
vt 0.095398 0.906309
vt 0.095398 0.906314
vt 0.095398 0.906314
vt 0.095398 0.906311
vt 0.095398 0.906311
vt 0.095401 0.906307
vt 0.095401 0.906307
vt 0.095401 0.906307
vt 0.095401 0.906307
vt 0.095398 0.906291
vt 0.095398 0.906291
vt 0.095398 0.906290
vt 0.095398 0.906290
vt 0.095398 0.906318
vt 0.095398 0.906319
vt 0.095398 0.906319
vt 0.095398 0.906318
vt 0.095398 0.906304
vt 0.095398 0.906304
vt 0.095398 0.906304
vt 0.095398 0.906308
vt 0.095398 0.906308
vt 0.095398 0.906305
vt 0.095398 0.906305
vt 0.095401 0.906300
vt 0.095401 0.906300
vt 0.095401 0.906300
vt 0.095401 0.906300
vt 0.095398 0.906302
vt 0.095398 0.906302
vt 0.095398 0.906299
vt 0.095398 0.906299
vt 0.095401 0.906307
vt 0.095401 0.906307
vt 0.095401 0.906307
vt 0.031343 0.031879
vt 0.031343 0.031879
vt 0.095398 0.906300
vt 0.095398 0.906300
vt 0.095398 0.906300
vt 0.095401 0.906304
vt 0.095401 0.906304
vt 0.095401 0.906304
vt 0.095401 0.906304
vt 0.095398 0.906307
vt 0.095398 0.906307
vt 0.095398 0.906307
vt 0.095398 0.906307
vt 0.095411 0.906293
vt 0.095411 0.906293
vt 0.095411 0.906293
vt 0.095411 0.906293
vt 0.095398 0.906311
vt 0.095398 0.906311
vt 0.095398 0.906311
vt 0.095398 0.906300
vt 0.095398 0.906300
vt 0.095398 0.906300
vt 0.095398 0.906322
vt 0.095398 0.906322
vt 0.095398 0.906321
vt 0.095398 0.906321
vt 0.095401 0.906307
vt 0.095401 0.906307
vt 0.095401 0.906307
vt 0.095398 0.906296
vt 0.095398 0.906296
vt 0.095398 0.906296
vt 0.095398 0.906296
vt 0.095401 0.906300
vt 0.095401 0.906300
vt 0.095401 0.906300
vt 0.095401 0.906311
vt 0.095401 0.906311
vt 0.095401 0.906311
vt 0.095401 0.906311
vt 0.095398 0.906307
vt 0.095398 0.906307
vt 0.095398 0.906307
vt 0.095398 0.906307
vt 0.095398 0.906283
vt 0.095398 0.906283
vt 0.095398 0.906280
vt 0.095398 0.906280
vt 0.095398 0.906296
vt 0.095398 0.906296
vt 0.095401 0.906304
vt 0.095401 0.906304
vt 0.095401 0.906304
vt 0.095401 0.906304
vt 0.095401 0.906304
vt 0.095401 0.906304
vt 0.095401 0.906311
vt 0.095398 0.906311
vt 0.095398 0.906317
vt 0.095398 0.906318
vt 0.095398 0.906317
vt 0.095399 0.906311
vt 0.095399 0.906311
vt 0.095400 0.906311
vt 0.095400 0.906311
vt 0.095400 0.906311
vt 0.095400 0.906311
vt 0.095400 0.906311
vt 0.031343 0.031879
vt 0.031343 0.031879
vt 0.095398 0.906296
vt 0.095401 0.906296
vt 0.031343 0.031879
vt 0.031343 0.031879
vt 0.031343 0.031879
vt 0.031343 0.031879
vt 0.095398 0.906311
vt 0.095398 0.906311
vt 0.095398 0.906311
vt 0.031343 0.031879
vt 0.031343 0.031879
vt 0.095398 0.906311
vt 0.095398 0.906309
vt 0.095426 0.906293
vt 0.095423 0.906293
vt 0.095423 0.906293
vt 0.095426 0.906293
vt 0.095398 0.906324
vt 0.031343 0.031879
vt 0.031343 0.031879
vt 0.095420 0.906293
vt 0.095423 0.906293
vt 0.095398 0.906319
vt 0.095418 0.906293
vt 0.095418 0.906293
vt 0.095398 0.906311
vt 0.031343 0.031879
vt 0.031343 0.031879
vt 0.095398 0.906298
vt 0.095398 0.906298
vt 0.095398 0.906298
vt 0.095398 0.906298
vt 0.095411 0.906293
vt 0.095411 0.906293
vt 0.095411 0.906293
vt 0.095398 0.906287
vt 0.095398 0.906287
vt 0.095398 0.906307
vt 0.095398 0.906307
vt 0.031343 0.031879
vt 0.031343 0.031879
vt 0.095398 0.906311
vt 0.095398 0.906317
vt 0.095398 0.906293
vt 0.095398 0.906293
vt 0.095398 0.906296
vt 0.095398 0.906296
vt 0.095398 0.906288
vt 0.095398 0.906288
vt 0.095398 0.906296
vt 0.095398 0.906293
vt 0.095418 0.906293
vt 0.095418 0.906293
vt 0.095418 0.906293
vt 0.345229 0.907210
vt 0.345229 0.907210
vt 0.345229 0.907210
vt 0.345229 0.907210
vt 0.095401 0.906300
vt 0.095401 0.906300
vt 0.095401 0.906300
vt 0.095398 0.906304
vt 0.095398 0.906304
vt 0.095398 0.906304
vt 0.095398 0.906298
vt 0.095398 0.906296
vt 0.095422 0.906286
vt 0.345229 0.907214
vt 0.345229 0.907214
vt 0.345229 0.907214
vt 0.345229 0.907214
vt 0.345228 0.907214
vt 0.345228 0.907214
vt 0.345228 0.907213
vt 0.345228 0.907213
vt 0.345228 0.907210
vt 0.345228 0.907210
vt 0.345229 0.907213
vt 0.345228 0.907213
vt 0.345228 0.907213
vt 0.345229 0.907213
vt 0.345229 0.907214
vt 0.345229 0.907213
vt 0.345229 0.907210
vt 0.345229 0.907210
vt 0.345229 0.907213
vt 0.345229 0.907213
vt 0.345228 0.907210
vt 0.345228 0.907210
vt 0.345228 0.907210
vt 0.345228 0.907210
vt 0.345229 0.907210
vt 0.031343 0.031879
vt 0.031343 0.031879
vt 0.031343 0.031879
vt 0.031343 0.031879
vt 0.031343 0.031879
vt 0.031343 0.031879
vt 0.345228 0.907210
vt 0.345229 0.907214
vt 0.345229 0.907214
vt 0.031343 0.031879
vt 0.031343 0.031879
vt 0.031343 0.031879
vt 0.031343 0.031879
vt 0.345229 0.907214
vt 0.345229 0.907214
vt 0.345229 0.907214
vt 0.345229 0.907214
vt 0.031343 0.031879
vt 0.345229 0.907213
vt 0.345229 0.907213
vt 0.345229 0.907213
vt 0.345229 0.907213
vt 0.345228 0.907214
vt 0.345228 0.907213
vt 0.345228 0.907213
vt 0.345228 0.907214
vt 0.345228 0.907213
vt 0.345228 0.907213
vt 0.345229 0.907213
vt 0.345228 0.907213
vt 0.345228 0.907213
vt 0.345229 0.907213
vt 0.345229 0.907214
vt 0.345229 0.907214
vt 0.031884 0.905040
vt 0.095411 0.906343
vt 0.095411 0.906343
vt 0.095411 0.906343
vt 0.095411 0.906343
vt 0.031878 0.905040
vt 0.031882 0.905040
vt 0.031876 0.905040
vt 0.031876 0.905040
vt 0.031872 0.905040
vt 0.031869 0.905040
vt 0.031869 0.905040
vt 0.095426 0.906343
vt 0.095426 0.906343
vt 0.095426 0.906343
vt 0.095426 0.906343
vt 0.095415 0.906343
vt 0.095411 0.906343
vt 0.095423 0.906324
vt 0.095423 0.906324
vt 0.095417 0.906343
vt 0.095424 0.906343
vt 0.095424 0.906343
vt 0.095414 0.906343
vt 0.095411 0.906343
vt 0.095411 0.906343
vt 0.095414 0.906343
vt 0.095423 0.906324
vt 0.095421 0.906343
vt 0.095419 0.906343
vt 0.095419 0.906343
vt 0.095421 0.906343
vt 0.095425 0.906343
vt 0.095421 0.906343
vt 0.095419 0.906343
vt 0.095426 0.906343
vt 0.095424 0.906343
vt 0.095425 0.906343
vt 0.095426 0.906343
vt 0.095426 0.906343
vt 0.095426 0.906343
vt 0.095426 0.906343
vt 0.095427 0.906343
vt 0.095423 0.906343
vt 0.095427 0.906343
vt 0.095426 0.906343
vt 0.095426 0.906343
vt 0.095427 0.906343
vt 0.095423 0.906343
vt 0.095423 0.906343
vt 0.095417 0.906343
vt 0.095417 0.906343
vt 0.095411 0.906343
vt 0.095411 0.906343
vt 0.095411 0.906343
vt 0.031343 0.031879
vt 0.031343 0.031879
vt 0.031343 0.031879
vt 0.031343 0.031879
vt 0.031343 0.031879
vt 0.031343 0.031879
vt 0.031343 0.031879
vt 0.031343 0.031879
vt 0.031343 0.031879
vt 0.031343 0.031879
vt 0.031343 0.031879
vt 0.031343 0.031879
vt 0.031343 0.031879
vt 0.031343 0.031879
vt 0.031343 0.031879
vt 0.031343 0.031879
vt 0.031343 0.031879
vt 0.031343 0.031879
vt 0.031343 0.031879
vt 0.031343 0.031879
vt 0.031343 0.031879
vt 0.031343 0.031879
vt 0.031343 0.031879
vt 0.031343 0.031879
vt 0.031343 0.031879
vt 0.031343 0.031879
vt 0.031343 0.031879
vt 0.031343 0.031879
vt 0.031343 0.031879
vt 0.031343 0.031879
vt 0.031343 0.031879
vt 0.031343 0.031879
vt 0.031343 0.031879
vt 0.031343 0.031879
vt 0.031343 0.031879
vt 0.031343 0.031879
vt 0.031343 0.031879
vt 0.031343 0.031879
vt 0.031343 0.031879
vt 0.031343 0.031879
vt 0.031343 0.031879
vt 0.031343 0.031879
vt 0.031343 0.031879
vt 0.031343 0.031879
vt 0.095439 0.906343
vt 0.095439 0.906343
vt 0.095436 0.906343
vt 0.095430 0.906305
vt 0.095430 0.906305
vt 0.095430 0.906308
vt 0.095430 0.906308
vt 0.095423 0.906321
vt 0.095423 0.906321
vt 0.095423 0.906319
vt 0.095423 0.906319
vt 0.095423 0.906314
vt 0.095423 0.906314
vt 0.095423 0.906311
vt 0.095423 0.906311
vt 0.031343 0.031879
vt 0.031343 0.031879
vt 0.031343 0.031879
vt 0.031343 0.031879
vt 0.031887 0.904990
vt 0.031887 0.904993
vt 0.031890 0.904990
vt 0.031887 0.904996
vt 0.031887 0.904999
vt 0.031887 0.905002
vt 0.031887 0.905005
vt 0.095430 0.906302
vt 0.095430 0.906302
vt 0.095423 0.906296
vt 0.095423 0.906296
vt 0.095423 0.906296
vt 0.095423 0.906296
vt 0.095430 0.906299
vt 0.095430 0.906299
vt 0.095423 0.906308
vt 0.095423 0.906308
vt 0.095423 0.906305
vt 0.095423 0.906305
vt 0.095423 0.906293
vt 0.095423 0.906293
vt 0.095423 0.906291
vt 0.095423 0.906291
vt 0.031887 0.905040
vt 0.031884 0.905040
vt 0.031884 0.905040
vt 0.031884 0.905040
vt 0.031858 0.905019
vt 0.031856 0.905019
vt 0.031856 0.905021
vt 0.031858 0.905021
vt 0.031858 0.905016
vt 0.031856 0.905016
vt 0.031856 0.905018
vt 0.031858 0.905018
vt 0.031878 0.905018
vt 0.031881 0.905018
vt 0.031881 0.905016
vt 0.031878 0.905016
vt 0.031878 0.905019
vt 0.031881 0.905019
vt 0.031858 0.905012
vt 0.031856 0.905011
vt 0.031856 0.905014
vt 0.031858 0.905014
vt 0.031858 0.905018
vt 0.031858 0.905019
vt 0.031878 0.905014
vt 0.031881 0.905014
vt 0.031881 0.905011
vt 0.031878 0.905012
vt 0.031878 0.905019
vt 0.031878 0.905018
vt 0.031858 0.905016
vt 0.031878 0.905016
vt 0.095423 0.906318
vt 0.095423 0.906318
vt 0.031878 0.905015
vt 0.031882 0.905015
vt 0.031858 0.905015
vt 0.031858 0.905015
vt 0.095423 0.906317
vt 0.095423 0.906317
vt 0.031878 0.904990
vt 0.031881 0.904990
vt 0.031856 0.904990
vt 0.031858 0.904990
vt 0.031856 0.904993
vt 0.031858 0.904992
vt 0.031878 0.905011
vt 0.031881 0.905008
vt 0.031878 0.905008
vt 0.031858 0.905011
vt 0.031858 0.905008
vt 0.031856 0.905008
vt 0.031878 0.904992
vt 0.031881 0.904993
vt 0.095430 0.906296
vt 0.095430 0.906296
vt 0.095423 0.906302
vt 0.095423 0.906302
vt 0.031343 0.031879
vt 0.031343 0.031879
vt 0.031343 0.031879
vt 0.031343 0.031879
vt 0.031858 0.904978
vt 0.031856 0.904980
vt 0.031858 0.904980
vt 0.031878 0.904978
vt 0.031858 0.904984
vt 0.031856 0.904983
vt 0.031856 0.904985
vt 0.031858 0.904985
vt 0.031878 0.904984
vt 0.031879 0.904983
vt 0.031878 0.904985
vt 0.031881 0.904985
vt 0.031878 0.904988
vt 0.031881 0.904988
vt 0.031881 0.904987
vt 0.031878 0.904987
vt 0.031858 0.904987
vt 0.031856 0.904987
vt 0.031856 0.904988
vt 0.031858 0.904988
vt 0.031878 0.904980
vt 0.031879 0.904980
vt 0.031878 0.904989
vt 0.031881 0.904990
vt 0.031878 0.904988
vt 0.031858 0.904989
vt 0.031856 0.904990
vt 0.031878 0.904983
vt 0.031878 0.904981
vt 0.031858 0.904983
vt 0.031878 0.904986
vt 0.031878 0.904985
vt 0.031858 0.904988
vt 0.031858 0.904985
vt 0.031858 0.904986
vt 0.031858 0.904981
vt 0.031884 0.904990
vt 0.031882 0.904998
vt 0.031884 0.904997
vt 0.095430 0.906293
vt 0.095430 0.906293
vt 0.095423 0.906299
vt 0.095423 0.906299
vt 0.031343 0.031879
vt 0.031343 0.031879
vt 0.031343 0.031879
vt 0.031343 0.031879
vt 0.031343 0.031879
vt 0.031343 0.031879
vt 0.031343 0.031879
vt 0.031343 0.031879
vt 0.031343 0.031879
vt 0.031343 0.031879
vt 0.031343 0.031879
vt 0.031343 0.031879
vt 0.031343 0.031879
vt 0.031343 0.031879
vt 0.031343 0.031879
vt 0.031343 0.031879
vt 0.031343 0.031879
vt 0.031343 0.031879
vt 0.031343 0.031879
vt 0.031343 0.031879
vt 0.031858 0.905008
vt 0.031858 0.905008
vt 0.031881 0.905008
vt 0.031878 0.905008
vt 0.031858 0.904999
vt 0.031856 0.904999
vt 0.031856 0.905002
vt 0.031858 0.905002
vt 0.031858 0.904993
vt 0.031856 0.904993
vt 0.031856 0.904996
vt 0.031858 0.904996
vt 0.031878 0.904996
vt 0.031881 0.904996
vt 0.031881 0.904993
vt 0.031878 0.904993
vt 0.031878 0.905002
vt 0.031881 0.905002
vt 0.031881 0.904999
vt 0.031878 0.904999
vt 0.095423 0.906311
vt 0.095423 0.906311
vt 0.095423 0.906311
vt 0.095423 0.906311
vt 0.031878 0.905005
vt 0.031881 0.905005
vt 0.031856 0.905005
vt 0.031858 0.905005
vt 0.031858 0.905002
vt 0.031858 0.905005
vt 0.031858 0.904996
vt 0.031858 0.904999
vt 0.031878 0.904999
vt 0.031878 0.904996
vt 0.031878 0.905005
vt 0.031878 0.905002
vt 0.095423 0.906296
vt 0.095423 0.906296
vt 0.031859 0.905021
vt 0.095423 0.906311
vt 0.095423 0.906311
vt 0.031878 0.904993
vt 0.031881 0.904993
vt 0.031856 0.904993
vt 0.031858 0.904993
vt 0.031343 0.031879
vt 0.031343 0.031879
vt 0.031343 0.031879
vt 0.031343 0.031879
vt 0.095423 0.906290
vt 0.095423 0.906290
vt 0.095423 0.906288
vt 0.095423 0.906288
vt 0.031878 0.905008
vt 0.031881 0.905008
vt 0.031857 0.905008
vt 0.031858 0.905008
vt 0.095423 0.906287
vt 0.095423 0.906287
vt 0.031343 0.031879
vt 0.031343 0.031879
vt 0.031343 0.031879
vt 0.031343 0.031879
vt 0.031881 0.904993
vt 0.031881 0.904993
vt 0.031881 0.905008
vt 0.031881 0.905008
vt 0.031858 0.905008
vt 0.031858 0.905008
vt 0.031882 0.905008
vt 0.031878 0.905008
vt 0.095423 0.906296
vt 0.095423 0.906296
vt 0.095423 0.906293
vt 0.095423 0.906293
vt 0.095423 0.906322
vt 0.095423 0.906322
vt 0.031881 0.905040
vt 0.031878 0.905040
vt 0.031875 0.905040
vt 0.031876 0.905040
vt 0.031872 0.905040
vt 0.031869 0.905040
vt 0.031876 0.904990
vt 0.031875 0.904990
vt 0.031876 0.905003
vt 0.031903 0.905040
vt 0.031878 0.905021
vt 0.031880 0.905021
vt 0.031881 0.904990
vt 0.031878 0.904990
vt 0.031878 0.905002
vt 0.031881 0.905000
vt 0.095398 0.906300
vt 0.095398 0.906300
vt 0.095398 0.906300
vt 0.095398 0.906300
vt 0.031856 0.904993
vt 0.031858 0.904993
vt 0.031876 0.905035
vt 0.031877 0.905035
vt 0.031879 0.905035
vt 0.031878 0.905035
vt 0.283468 0.909566
vt 0.283468 0.909566
vt 0.031875 0.905035
vt 0.031875 0.905035
vt 0.031869 0.905035
vt 0.031869 0.905035
vt 0.031872 0.905035
vt 0.031872 0.905035
vt 0.283469 0.909566
vt 0.283469 0.909566
vt 0.283469 0.909566
vt 0.283469 0.909566
vt 0.095423 0.906343
vt 0.095423 0.906343
vt 0.095421 0.906343
vt 0.095421 0.906343
vt 0.095423 0.906324
vt 0.095423 0.906324
vt 0.031881 0.905021
vt 0.031881 0.905021
vt 0.031880 0.905021
vt 0.095422 0.906324
vt 0.095422 0.906283
vt 0.095423 0.906283
vt 0.031872 0.905030
vt 0.031872 0.905035
vt 0.031875 0.905035
vt 0.031875 0.905031
vt 0.031881 0.905032
vt 0.031881 0.905035
vt 0.031884 0.905035
vt 0.031882 0.905032
vt 0.031878 0.905031
vt 0.031878 0.905035
vt 0.031869 0.905028
vt 0.031869 0.905035
vt 0.031876 0.905031
vt 0.031876 0.905035
vt 0.031877 0.905021
vt 0.031879 0.905021
vt 0.031872 0.905030
vt 0.031872 0.905030
vt 0.031869 0.905028
vt 0.031869 0.905028
vt 0.031343 0.031879
vt 0.031343 0.031879
vt 0.031343 0.031879
vt 0.031343 0.031879
vt 0.031343 0.031879
vt 0.031343 0.031879
vt 0.031343 0.031879
vt 0.031343 0.031879
vt 0.031881 0.905035
vt 0.031881 0.905035
vt 0.031882 0.905035
vt 0.031884 0.905035
vt 0.031884 0.905035
vt 0.031884 0.905035
vt 0.031884 0.905032
vt 0.031882 0.905015
vt 0.031882 0.905014
vt 0.031858 0.905014
vt 0.031858 0.905015
vt 0.095423 0.906318
vt 0.095423 0.906317
vt 0.095423 0.906317
vt 0.095423 0.906318
vt 0.031869 0.904990
vt 0.283468 0.909566
vt 0.283468 0.909566
vt 0.283468 0.909566
vt 0.283468 0.909566
vt 0.031869 0.905028
vt 0.031869 0.905028
vt 0.031869 0.904990
vt 0.031869 0.904990
vt 0.031881 0.905008
vt 0.031881 0.905008
vt 0.031858 0.905008
vt 0.031857 0.905008
vt 0.095423 0.906311
vt 0.095423 0.906311
vt 0.095423 0.906311
vt 0.095423 0.906311
vt 0.095423 0.906311
vt 0.095423 0.906311
vt 0.095423 0.906309
vt 0.095423 0.906309
vt 0.095421 0.906338
vt 0.095421 0.906343
vt 0.095423 0.906343
vt 0.095423 0.906338
vt 0.095419 0.906338
vt 0.095419 0.906343
vt 0.095415 0.906338
vt 0.095415 0.906343
vt 0.095417 0.906343
vt 0.095417 0.906338
vt 0.095411 0.906338
vt 0.095411 0.906343
vt 0.095419 0.906343
vt 0.095419 0.906343
vt 0.095417 0.906343
vt 0.095417 0.906343
vt 0.283468 0.909566
vt 0.283468 0.909566
vt 0.283469 0.909566
vt 0.283469 0.909566
vt 0.283469 0.909566
vt 0.095425 0.906343
vt 0.095425 0.906338
vt 0.031882 0.905040
vt 0.031884 0.905040
vt 0.031884 0.905040
vt 0.095415 0.906343
vt 0.095414 0.906343
vt 0.095426 0.906343
vt 0.095426 0.906338
vt 0.095423 0.906324
vt 0.095421 0.906324
vt 0.095421 0.906324
vt 0.095423 0.906324
vt 0.345229 0.907214
vt 0.345229 0.907214
vt 0.345228 0.907214
vt 0.345228 0.907214
vt 0.031343 0.031879
vt 0.031343 0.031879
vt 0.031343 0.031879
vt 0.031343 0.031879
vt 0.031875 0.905031
vt 0.031875 0.905031
vt 0.031875 0.904990
vt 0.031875 0.904990
vt 0.031875 0.905031
vt 0.031875 0.905031
vt 0.031881 0.904993
vt 0.031878 0.904993
vt 0.095423 0.906311
vt 0.095423 0.906311
vt 0.095423 0.906311
vt 0.095423 0.906311
vt 0.095423 0.906296
vt 0.095423 0.906296
vt 0.095423 0.906296
vt 0.095423 0.906296
vt 0.031881 0.905008
vt 0.031882 0.905008
vt 0.031858 0.905008
vt 0.031856 0.905008
vt 0.031856 0.904993
vt 0.031856 0.904993
vt 0.031881 0.904993
vt 0.031881 0.904993
vt 0.095423 0.906298
vt 0.095423 0.906298
vt 0.095423 0.906296
vt 0.095423 0.906296
vt 0.031881 0.905008
vt 0.031881 0.905008
vt 0.031856 0.905008
vt 0.031856 0.905008
vt 0.031856 0.904993
vt 0.031856 0.904993
vt 0.031881 0.904993
vt 0.031881 0.904993
vt 0.031878 0.905008
vt 0.031881 0.905008
vt 0.031881 0.905005
vt 0.031878 0.905004
vt 0.031859 0.905008
vt 0.031856 0.905008
vt 0.031878 0.904993
vt 0.031881 0.904993
vt 0.031856 0.904993
vt 0.031859 0.904993
vt 0.031878 0.905004
vt 0.031881 0.905004
vt 0.031881 0.905001
vt 0.031878 0.905001
vt 0.031878 0.905000
vt 0.031881 0.905000
vt 0.031881 0.904997
vt 0.031878 0.904997
vt 0.031878 0.904997
vt 0.031881 0.904996
vt 0.031878 0.905004
vt 0.031878 0.905004
vt 0.031859 0.905004
vt 0.031859 0.905004
vt 0.031859 0.904997
vt 0.031859 0.904997
vt 0.031878 0.904997
vt 0.031878 0.904997
vt 0.031859 0.905004
vt 0.031859 0.905004
vt 0.031859 0.905000
vt 0.031859 0.905001
vt 0.031859 0.904997
vt 0.031859 0.904997
vt 0.031878 0.904997
vt 0.031878 0.904997
vt 0.031859 0.904997
vt 0.031859 0.904997
vt 0.095423 0.906307
vt 0.095423 0.906307
vt 0.095423 0.906304
vt 0.095423 0.906304
vt 0.031881 0.904995
vt 0.031856 0.904995
vt 0.031856 0.904993
vt 0.031881 0.904993
vt 0.031881 0.905006
vt 0.031881 0.905006
vt 0.031881 0.905004
vt 0.031881 0.905004
vt 0.095423 0.906304
vt 0.095423 0.906304
vt 0.095423 0.906300
vt 0.095423 0.906300
vt 0.031881 0.904995
vt 0.031881 0.904995
vt 0.031856 0.904995
vt 0.031856 0.904995
vt 0.031881 0.905004
vt 0.031881 0.905004
vt 0.031856 0.905004
vt 0.031856 0.905004
vt 0.031881 0.905000
vt 0.031881 0.905001
vt 0.031856 0.905001
vt 0.031856 0.905000
vt 0.031881 0.904997
vt 0.031881 0.904997
vt 0.031856 0.904997
vt 0.031856 0.904997
vt 0.095423 0.906307
vt 0.095423 0.906307
vt 0.095423 0.906300
vt 0.095423 0.906300
vt 0.031881 0.905008
vt 0.031856 0.905008
vt 0.031856 0.905006
vt 0.031881 0.905006
vt 0.031881 0.905000
vt 0.031881 0.905000
vt 0.031881 0.904997
vt 0.031881 0.904997
vt 0.031343 0.031879
vt 0.031343 0.031879
vt 0.031343 0.031879
vt 0.031343 0.031879
vt 0.031343 0.031879
vt 0.031343 0.031879
vt 0.031343 0.031879
vt 0.031343 0.031879
vt 0.031343 0.031879
vt 0.031343 0.031879
vt 0.031343 0.031879
vt 0.031343 0.031879
vt 0.031343 0.031879
vt 0.031343 0.031879
vt 0.031343 0.031879
vt 0.031343 0.031879
vt 0.031856 0.905006
vt 0.031856 0.905006
vt 0.031881 0.905006
vt 0.031881 0.905006
vt 0.031881 0.905001
vt 0.031881 0.905001
vt 0.031856 0.905001
vt 0.031856 0.905001
vt 0.031881 0.905004
vt 0.031881 0.905004
vt 0.031881 0.905001
vt 0.031881 0.905001
vt 0.031856 0.905004
vt 0.031856 0.905004
vt 0.031881 0.905004
vt 0.031881 0.905004
vt 0.031856 0.904997
vt 0.031856 0.904997
vt 0.031881 0.904997
vt 0.031881 0.904997
vt 0.031881 0.905004
vt 0.031881 0.905004
vt 0.031856 0.905004
vt 0.031856 0.905004
vt 0.031881 0.904997
vt 0.031881 0.904997
vt 0.031881 0.904995
vt 0.031881 0.904995
vt 0.031881 0.904997
vt 0.031881 0.904997
vt 0.031856 0.904997
vt 0.031856 0.904997
vt 0.031856 0.905000
vt 0.031856 0.905000
vt 0.031881 0.905000
vt 0.031881 0.905000
vt 0.031343 0.031879
vt 0.031343 0.031879
vt 0.031343 0.031879
vt 0.031343 0.031879
vt 0.031343 0.031879
vt 0.031343 0.031879
vt 0.031343 0.031879
vt 0.031343 0.031879
vt 0.031343 0.031879
vt 0.031343 0.031879
vt 0.031343 0.031879
vt 0.031343 0.031879
vt 0.031343 0.031879
vt 0.031343 0.031879
vt 0.031343 0.031879
vt 0.031343 0.031879
vt 0.031878 0.904993
vt 0.031878 0.904993
vt 0.031878 0.904997
vt 0.031878 0.904997
vt 0.031859 0.905004
vt 0.031859 0.905004
vt 0.031878 0.905004
vt 0.031878 0.905004
vt 0.031878 0.905008
vt 0.031878 0.905008
vt 0.031859 0.905008
vt 0.031859 0.905008
vt 0.031878 0.905004
vt 0.031878 0.905004
vt 0.031878 0.905008
vt 0.031878 0.905008
vt 0.031859 0.904993
vt 0.031859 0.904993
vt 0.031878 0.904993
vt 0.031878 0.904993
vt 0.031878 0.905000
vt 0.031878 0.905000
vt 0.031859 0.905000
vt 0.031859 0.905000
vt 0.031878 0.905001
vt 0.031878 0.905001
vt 0.031878 0.905004
vt 0.031878 0.905004
vt 0.031859 0.905001
vt 0.031859 0.905001
vt 0.031878 0.905001
vt 0.031878 0.905001
vt 0.031878 0.904997
vt 0.031878 0.904997
vt 0.031878 0.905000
vt 0.031878 0.905000
vt 0.095420 0.906293
vt 0.095420 0.906293
vt 0.095419 0.906293
vt 0.095419 0.906293
vt 0.095398 0.906296
vt 0.095398 0.906296
vt 0.095398 0.906296
vt 0.095398 0.906296
vt 0.095398 0.906304
vt 0.095398 0.906304
vt 0.095398 0.906304
vt 0.095398 0.906304
vt 0.095401 0.906296
vt 0.095401 0.906296
vt 0.095401 0.906296
vt 0.095401 0.906296
vt 0.095398 0.906309
vt 0.095398 0.906309
vt 0.095398 0.906309
vt 0.095398 0.906309
vt 0.095398 0.906314
vt 0.095398 0.906311
vt 0.095398 0.906311
vt 0.095398 0.906314
vt 0.095401 0.906307
vt 0.095401 0.906307
vt 0.095401 0.906307
vt 0.095401 0.906307
vt 0.095398 0.906291
vt 0.095398 0.906290
vt 0.095398 0.906290
vt 0.095398 0.906291
vt 0.095398 0.906318
vt 0.095398 0.906318
vt 0.095398 0.906319
vt 0.095398 0.906319
vt 0.095398 0.906304
vt 0.095398 0.906304
vt 0.095398 0.906304
vt 0.095398 0.906308
vt 0.095398 0.906305
vt 0.095398 0.906305
vt 0.095398 0.906308
vt 0.095401 0.906300
vt 0.095401 0.906300
vt 0.095401 0.906300
vt 0.095401 0.906300
vt 0.095398 0.906302
vt 0.095398 0.906299
vt 0.095398 0.906299
vt 0.095398 0.906302
vt 0.095401 0.906307
vt 0.095401 0.906307
vt 0.095401 0.906307
vt 0.031343 0.031879
vt 0.031343 0.031879
vt 0.095398 0.906300
vt 0.095398 0.906300
vt 0.095398 0.906300
vt 0.095401 0.906304
vt 0.095401 0.906304
vt 0.095401 0.906304
vt 0.095401 0.906304
vt 0.095398 0.906307
vt 0.095398 0.906307
vt 0.095398 0.906307
vt 0.095398 0.906307
vt 0.095411 0.906293
vt 0.095411 0.906293
vt 0.095411 0.906293
vt 0.095411 0.906293
vt 0.095398 0.906311
vt 0.095398 0.906311
vt 0.095398 0.906311
vt 0.095398 0.906300
vt 0.095398 0.906300
vt 0.095398 0.906300
vt 0.095398 0.906322
vt 0.095398 0.906321
vt 0.095398 0.906321
vt 0.095398 0.906322
vt 0.095401 0.906307
vt 0.095401 0.906307
vt 0.095401 0.906307
vt 0.095398 0.906296
vt 0.095398 0.906296
vt 0.095398 0.906296
vt 0.095398 0.906296
vt 0.095401 0.906300
vt 0.095401 0.906300
vt 0.095401 0.906300
vt 0.095401 0.906311
vt 0.095401 0.906311
vt 0.095401 0.906311
vt 0.095401 0.906311
vt 0.095398 0.906307
vt 0.095398 0.906307
vt 0.095398 0.906307
vt 0.095398 0.906307
vt 0.095398 0.906283
vt 0.095398 0.906283
vt 0.095398 0.906296
vt 0.095398 0.906296
vt 0.095401 0.906304
vt 0.095401 0.906304
vt 0.095401 0.906304
vt 0.095401 0.906304
vt 0.095401 0.906304
vt 0.095401 0.906304
vt 0.095401 0.906311
vt 0.095398 0.906311
vt 0.095398 0.906317
vt 0.095398 0.906317
vt 0.095398 0.906318
vt 0.095399 0.906311
vt 0.095400 0.906311
vt 0.095400 0.906311
vt 0.095399 0.906311
vt 0.095400 0.906311
vt 0.095400 0.906311
vt 0.095400 0.906311
vt 0.031343 0.031879
vt 0.031343 0.031879
vt 0.095398 0.906296
vt 0.095401 0.906296
vt 0.031343 0.031879
vt 0.031343 0.031879
vt 0.031343 0.031879
vt 0.031343 0.031879
vt 0.095398 0.906311
vt 0.095398 0.906311
vt 0.095398 0.906311
vt 0.031343 0.031879
vt 0.031343 0.031879
vt 0.095398 0.906311
vt 0.095398 0.906309
vt 0.095426 0.906293
vt 0.095426 0.906293
vt 0.095423 0.906293
vt 0.095423 0.906293
vt 0.095398 0.906324
vt 0.031343 0.031879
vt 0.031343 0.031879
vt 0.095420 0.906293
vt 0.095423 0.906293
vt 0.095398 0.906319
vt 0.095418 0.906293
vt 0.095418 0.906293
vt 0.095398 0.906311
vt 0.031343 0.031879
vt 0.031343 0.031879
vt 0.095398 0.906298
vt 0.095398 0.906298
vt 0.095398 0.906298
vt 0.095398 0.906298
vt 0.095411 0.906293
vt 0.095398 0.906287
vt 0.095398 0.906287
vt 0.095398 0.906307
vt 0.095398 0.906307
vt 0.031343 0.031879
vt 0.031343 0.031879
vt 0.095398 0.906311
vt 0.095398 0.906317
vt 0.095398 0.906293
vt 0.095398 0.906293
vt 0.095398 0.906296
vt 0.095398 0.906296
vt 0.095398 0.906288
vt 0.095398 0.906288
vt 0.095398 0.906296
vt 0.095398 0.906293
vt 0.095418 0.906293
vt 0.095418 0.906293
vt 0.095418 0.906293
vt 0.345229 0.907210
vt 0.345229 0.907210
vt 0.345229 0.907210
vt 0.345229 0.907210
vt 0.095401 0.906300
vt 0.095401 0.906300
vt 0.095401 0.906300
vt 0.095398 0.906304
vt 0.095398 0.906304
vt 0.095398 0.906304
vt 0.095398 0.906298
vt 0.095398 0.906296
vt 0.095422 0.906286
vt 0.345229 0.907214
vt 0.345229 0.907214
vt 0.345229 0.907214
vt 0.345229 0.907214
vt 0.345228 0.907214
vt 0.345228 0.907214
vt 0.345228 0.907213
vt 0.345228 0.907210
vt 0.345228 0.907210
vt 0.345228 0.907213
vt 0.345229 0.907213
vt 0.345229 0.907213
vt 0.345228 0.907213
vt 0.345228 0.907213
vt 0.345229 0.907210
vt 0.345229 0.907210
vt 0.345229 0.907213
vt 0.345229 0.907214
vt 0.345229 0.907213
vt 0.345229 0.907213
vt 0.345228 0.907210
vt 0.345228 0.907210
vt 0.345228 0.907210
vt 0.345228 0.907210
vt 0.345229 0.907210
vt 0.031343 0.031879
vt 0.031343 0.031879
vt 0.031343 0.031879
vt 0.031343 0.031879
vt 0.031343 0.031879
vt 0.031343 0.031879
vt 0.345228 0.907210
vt 0.345229 0.907214
vt 0.345229 0.907214
vt 0.031343 0.031879
vt 0.031343 0.031879
vt 0.031343 0.031879
vt 0.031343 0.031879
vt 0.345229 0.907214
vt 0.345229 0.907214
vt 0.345229 0.907214
vt 0.345229 0.907214
vt 0.031343 0.031879
vt 0.345229 0.907213
vt 0.345229 0.907213
vt 0.345229 0.907213
vt 0.345229 0.907213
vt 0.345228 0.907214
vt 0.345228 0.907214
vt 0.345228 0.907213
vt 0.345228 0.907213
vt 0.345228 0.907213
vt 0.345228 0.907213
vt 0.345229 0.907213
vt 0.345229 0.907213
vt 0.345228 0.907213
vt 0.345228 0.907213
vt 0.345229 0.907214
vt 0.345229 0.907214
vt 0.031884 0.905040
vt 0.095411 0.906343
vt 0.095411 0.906343
vt 0.031878 0.905040
vt 0.031882 0.905040
vt 0.031876 0.905040
vt 0.031876 0.905040
vt 0.031872 0.905040
vt 0.031869 0.905040
vt 0.095426 0.906343
vt 0.095426 0.906343
vt 0.095426 0.906343
vt 0.095426 0.906343
vt 0.095411 0.906343
vt 0.095415 0.906343
vt 0.095423 0.906324
vt 0.095423 0.906324
vt 0.095417 0.906343
vt 0.095424 0.906343
vt 0.095424 0.906343
vt 0.095414 0.906343
vt 0.095414 0.906343
vt 0.095411 0.906343
vt 0.095411 0.906343
vt 0.095423 0.906324
vt 0.095421 0.906343
vt 0.095421 0.906343
vt 0.095419 0.906343
vt 0.095419 0.906343
vt 0.095425 0.906343
vt 0.095419 0.906343
vt 0.095421 0.906343
vt 0.095426 0.906343
vt 0.095426 0.906343
vt 0.095425 0.906343
vt 0.095424 0.906343
vt 0.095426 0.906343
vt 0.095426 0.906343
vt 0.095426 0.906343
vt 0.095427 0.906343
vt 0.095423 0.906343
vt 0.095427 0.906343
vt 0.095427 0.906343
vt 0.095426 0.906343
vt 0.095426 0.906343
vt 0.095423 0.906343
vt 0.095423 0.906343
vt 0.095417 0.906343
vt 0.095417 0.906343
vt 0.031586 0.908926
vt 0.031586 0.908926
vt 0.031586 0.908926
vt 0.031586 0.908926
vt 0.031586 0.908926
vt 0.031586 0.908926
vt 0.031586 0.908926
vt 0.031586 0.908926
vt 0.031585 0.908926
vt 0.031585 0.908926
vt 0.031585 0.908926
vt 0.031585 0.908926
vt 0.031585 0.908926
vt 0.031585 0.908926
vt 0.031585 0.908926
vt 0.031585 0.908926
vt 0.031585 0.908926
vt 0.031585 0.908926
vt 0.031585 0.908926
vt 0.031585 0.908926
vt 0.031585 0.908926
vt 0.031585 0.908926
vt 0.031585 0.908926
vt 0.031585 0.908926
vt 0.031585 0.908926
vt 0.031585 0.908926
vt 0.031585 0.908926
vt 0.031585 0.908926
vt 0.031585 0.908926
vt 0.031585 0.908926
vt 0.031585 0.908926
vt 0.031585 0.908926
vt 0.031585 0.908926
vt 0.031585 0.908926
vt 0.031585 0.908926
vt 0.031585 0.908926
vt 0.031585 0.908926
vt 0.031585 0.908926
vt 0.031585 0.908926
vt 0.031585 0.908926
vt 0.031585 0.908926
vt 0.031585 0.908926
vt 0.031585 0.908926
vt 0.031585 0.908926
vt 0.031585 0.908926
vt 0.031585 0.908926
vt 0.031585 0.908926
vt 0.031585 0.908926
vt 0.031585 0.908926
vt 0.031585 0.908926
vt 0.031585 0.908926
vt 0.031585 0.908926
vt 0.034806 0.032131
vt 0.034806 0.032131
vt 0.034806 0.032131
vt 0.034806 0.032131
vt 0.034806 0.032131
vt 0.034806 0.032131
vt 0.034806 0.032131
vt 0.034806 0.032131
vt 0.034806 0.032131
vt 0.034806 0.032131
vt 0.034806 0.032131
vt 0.034806 0.032131
vt 0.034806 0.032131
vt 0.034806 0.032131
vt 0.034806 0.032131
vt 0.034806 0.032131
vt 0.034806 0.032131
vt 0.034806 0.032131
vt 0.034806 0.032131
vt 0.034806 0.032131
vt 0.034806 0.032131
vt 0.034806 0.032131
vt 0.034806 0.032131
vt 0.034806 0.032131
vt 0.034806 0.032131
vt 0.034806 0.032131
vt 0.034806 0.032131
vt 0.034806 0.032131
vt 0.034806 0.032131
vt 0.034806 0.032131
vt 0.034806 0.032131
vt 0.034806 0.032131
vt 0.034806 0.032131
vt 0.034806 0.032131
vt 0.034806 0.032131
vt 0.034806 0.032131
vt 0.034806 0.032131
vt 0.034806 0.032131
vt 0.034806 0.032131
vt 0.034806 0.032131
vt 0.034806 0.032131
vt 0.034806 0.032131
vt 0.034806 0.032131
vt 0.034806 0.032131
vt 0.033459 0.908324
vt 0.033459 0.908324
vt 0.033459 0.908324
vt 0.033459 0.908324
vt 0.033459 0.908324
vt 0.033459 0.908324
vt 0.033459 0.908324
vt 0.033459 0.908324
vt 0.033459 0.908324
vt 0.033459 0.908324
vt 0.033459 0.908324
vt 0.033459 0.908324
vt 0.034806 0.032131
vt 0.034806 0.032131
vt 0.034806 0.032131
vt 0.034806 0.032131
vt 0.033459 0.908323
vt 0.033459 0.908323
vt 0.033459 0.908323
vt 0.033459 0.908323
vt 0.033459 0.908323
vt 0.033459 0.908324
vt 0.033459 0.908324
vt 0.033459 0.908323
vt 0.033459 0.908324
vt 0.033459 0.908324
vt 0.033459 0.908323
vt 0.033459 0.908324
vt 0.033459 0.908323
vt 0.033459 0.908323
vt 0.033459 0.908324
vt 0.033459 0.908323
vt 0.033459 0.908323
vt 0.033459 0.908323
vt 0.033459 0.908323
vt 0.033459 0.908324
vt 0.033459 0.908324
vt 0.033459 0.908324
vt 0.033459 0.908324
vt 0.033459 0.908324
vt 0.033459 0.908324
vt 0.033458 0.908324
vt 0.033458 0.908324
vt 0.033458 0.908324
vt 0.033458 0.908324
vt 0.033458 0.908324
vt 0.033458 0.908324
vt 0.033458 0.908324
vt 0.033458 0.908324
vt 0.033459 0.908324
vt 0.033459 0.908324
vt 0.033459 0.908324
vt 0.033459 0.908324
vt 0.033459 0.908324
vt 0.033459 0.908324
vt 0.033459 0.908324
vt 0.033458 0.908324
vt 0.033458 0.908324
vt 0.033458 0.908324
vt 0.033458 0.908324
vt 0.033458 0.908324
vt 0.033458 0.908324
vt 0.033458 0.908324
vt 0.033458 0.908324
vt 0.033458 0.908324
vt 0.033458 0.908324
vt 0.033459 0.908324
vt 0.033459 0.908324
vt 0.033459 0.908324
vt 0.033459 0.908324
vt 0.033459 0.908324
vt 0.033459 0.908324
vt 0.033458 0.908324
vt 0.033459 0.908324
vt 0.033459 0.908324
vt 0.033459 0.908324
vt 0.033459 0.908324
vt 0.033459 0.908324
vt 0.033459 0.908324
vt 0.033458 0.908324
vt 0.033458 0.908324
vt 0.033459 0.908324
vt 0.033459 0.908323
vt 0.033458 0.908323
vt 0.033458 0.908323
vt 0.033459 0.908323
vt 0.033458 0.908323
vt 0.033458 0.908323
vt 0.033459 0.908324
vt 0.033459 0.908324
vt 0.033458 0.908324
vt 0.033458 0.908324
vt 0.033458 0.908324
vt 0.033458 0.908323
vt 0.033458 0.908323
vt 0.033458 0.908323
vt 0.033458 0.908323
vt 0.033459 0.908323
vt 0.033459 0.908323
vt 0.033458 0.908323
vt 0.033458 0.908323
vt 0.034806 0.032131
vt 0.034806 0.032131
vt 0.034806 0.032131
vt 0.034806 0.032131
vt 0.033458 0.908324
vt 0.033458 0.908324
vt 0.033458 0.908324
vt 0.033458 0.908324
vt 0.033459 0.908323
vt 0.033459 0.908323
vt 0.034806 0.032131
vt 0.034806 0.032131
vt 0.034806 0.032131
vt 0.034806 0.032131
vt 0.033458 0.908323
vt 0.033458 0.908323
vt 0.033458 0.908323
vt 0.033458 0.908323
vt 0.033459 0.908323
vt 0.033459 0.908323
vt 0.033458 0.908323
vt 0.033458 0.908323
vt 0.033458 0.908323
vt 0.033458 0.908323
vt 0.033459 0.908323
vt 0.033459 0.908323
vt 0.033459 0.908323
vt 0.033459 0.908323
vt 0.033459 0.908323
vt 0.033459 0.908323
vt 0.033459 0.908323
vt 0.033458 0.908323
vt 0.033458 0.908323
vt 0.033458 0.908323
vt 0.033458 0.908323
vt 0.033459 0.908323
vt 0.033459 0.908323
vt 0.033459 0.908323
vt 0.033459 0.908323
vt 0.033458 0.908323
vt 0.033458 0.908323
vt 0.033459 0.908323
vt 0.033459 0.908323
vt 0.033458 0.908323
vt 0.033459 0.908323
vt 0.033459 0.908323
vt 0.033458 0.908323
vt 0.033458 0.908323
vt 0.033458 0.908323
vt 0.033458 0.908323
vt 0.033459 0.908323
vt 0.033459 0.908323
vt 0.033459 0.908323
vt 0.034806 0.032131
vt 0.034806 0.032131
vt 0.034806 0.032131
vt 0.034806 0.032131
vt 0.033458 0.908323
vt 0.033458 0.908323
vt 0.033459 0.908323
vt 0.033459 0.908323
vt 0.034806 0.032131
vt 0.034806 0.032131
vt 0.034806 0.032131
vt 0.034806 0.032131
vt 0.034806 0.032131
vt 0.034806 0.032131
vt 0.034806 0.032131
vt 0.034806 0.032131
vt 0.034806 0.032131
vt 0.034806 0.032131
vt 0.034806 0.032131
vt 0.034806 0.032131
vt 0.034806 0.032131
vt 0.034806 0.032131
vt 0.034806 0.032131
vt 0.034806 0.032131
vt 0.034806 0.032131
vt 0.034806 0.032131
vt 0.034806 0.032131
vt 0.034806 0.032131
vt 0.033458 0.908324
vt 0.033459 0.908324
vt 0.033459 0.908324
vt 0.033458 0.908324
vt 0.033458 0.908323
vt 0.033458 0.908323
vt 0.033458 0.908323
vt 0.033458 0.908323
vt 0.033458 0.908323
vt 0.033458 0.908323
vt 0.033458 0.908323
vt 0.033458 0.908323
vt 0.033459 0.908323
vt 0.033459 0.908323
vt 0.033459 0.908323
vt 0.033459 0.908323
vt 0.033459 0.908323
vt 0.033459 0.908324
vt 0.033459 0.908324
vt 0.033459 0.908324
vt 0.033459 0.908324
vt 0.033459 0.908324
vt 0.033458 0.908324
vt 0.033458 0.908324
vt 0.033458 0.908323
vt 0.033458 0.908324
vt 0.033458 0.908323
vt 0.033458 0.908323
vt 0.033459 0.908323
vt 0.033459 0.908323
vt 0.033459 0.908324
vt 0.033459 0.908323
vt 0.033459 0.908323
vt 0.033459 0.908324
vt 0.033459 0.908324
vt 0.033459 0.908324
vt 0.033459 0.908324
vt 0.033459 0.908324
vt 0.033458 0.908323
vt 0.033458 0.908323
vt 0.033458 0.908323
vt 0.033458 0.908323
vt 0.034806 0.032131
vt 0.034806 0.032131
vt 0.034806 0.032131
vt 0.034806 0.032131
vt 0.034806 0.032131
vt 0.034806 0.032131
vt 0.034806 0.032131
vt 0.034806 0.032131
vt 0.033459 0.908323
vt 0.033459 0.908323
vt 0.033459 0.908323
vt 0.033459 0.908323
vt 0.033459 0.908323
vt 0.033459 0.908323
vt 0.033459 0.908323
vt 0.033459 0.908323
vt 0.033458 0.908324
vt 0.033458 0.908324
vt 0.033458 0.908324
vt 0.033458 0.908324
vt 0.033458 0.908323
vt 0.033458 0.908324
vt 0.033458 0.908323
vt 0.033459 0.908323
vt 0.033459 0.908323
vt 0.033459 0.908323
vt 0.034806 0.032131
vt 0.034806 0.032131
vt 0.034806 0.032131
vt 0.034806 0.032131
vt 0.034806 0.032131
vt 0.034806 0.032131
vt 0.034806 0.032131
vt 0.034806 0.032131
vt 0.033458 0.908323
vt 0.033458 0.908323
vt 0.033458 0.908324
vt 0.033459 0.908324
vt 0.033459 0.908324
vt 0.033458 0.908324
vt 0.033458 0.908324
vt 0.033458 0.908324
vt 0.033459 0.908324
vt 0.033458 0.908324
vt 0.033458 0.908324
vt 0.033459 0.908324
vt 0.033458 0.908324
vt 0.033458 0.908324
vt 0.033458 0.908324
vt 0.033458 0.908324
vt 0.033459 0.908324
vt 0.033459 0.908324
vt 0.033459 0.908324
vt 0.033459 0.908323
vt 0.033459 0.908323
vt 0.033459 0.908324
vt 0.033458 0.908323
vt 0.033458 0.908323
vt 0.033458 0.908324
vt 0.033458 0.908323
vt 0.033458 0.908323
vt 0.033458 0.908324
vt 0.033458 0.908324
vt 0.033458 0.908323
vt 0.033458 0.908324
vt 0.033458 0.908323
vt 0.033458 0.908323
vt 0.033458 0.908323
vt 0.033458 0.908324
vt 0.033458 0.908323
vt 0.033458 0.908324
vt 0.033458 0.908323
vt 0.033458 0.908323
vt 0.033458 0.908323
vt 0.033458 0.908324
vt 0.033458 0.908323
vt 0.033458 0.908324
vt 0.033458 0.908323
vt 0.033458 0.908323
vt 0.033458 0.908323
vt 0.033458 0.908324
vt 0.033458 0.908324
vt 0.033458 0.908324
vt 0.033458 0.908324
vt 0.033458 0.908324
vt 0.033458 0.908324
vt 0.033458 0.908323
vt 0.033458 0.908323
vt 0.033458 0.908323
vt 0.033458 0.908323
vt 0.033458 0.908323
vt 0.033458 0.908323
vt 0.033458 0.908323
vt 0.033458 0.908323
vt 0.033458 0.908324
vt 0.033458 0.908323
vt 0.033458 0.908323
vt 0.033458 0.908323
vt 0.033458 0.908323
vt 0.033458 0.908324
vt 0.033458 0.908323
vt 0.033458 0.908323
vt 0.033458 0.908323
vt 0.033459 0.908324
vt 0.033459 0.908324
vt 0.033459 0.908324
vt 0.033459 0.908324
vt 0.033459 0.908324
vt 0.033459 0.908324
vt 0.033459 0.908324
vt 0.033459 0.908323
vt 0.033459 0.908323
vt 0.033459 0.908323
vt 0.033459 0.908323
vt 0.033459 0.908323
vt 0.033459 0.908324
vt 0.033459 0.908324
vt 0.033459 0.908323
vt 0.033459 0.908323
vt 0.033459 0.908324
vt 0.033459 0.908324
vt 0.033459 0.908323
vt 0.033459 0.908324
vt 0.033459 0.908324
vt 0.033459 0.908324
vt 0.033459 0.908323
vt 0.033459 0.908323
vt 0.033459 0.908323
vt 0.033459 0.908323
vt 0.033459 0.908323
vt 0.033459 0.908323
vt 0.033459 0.908323
vt 0.033459 0.908323
vt 0.033459 0.908323
vt 0.033459 0.908323
vt 0.033459 0.908323
vt 0.033459 0.908324
vt 0.033459 0.908324
vt 0.033459 0.908324
vt 0.033459 0.908324
vt 0.033459 0.908324
vt 0.033459 0.908324
vt 0.033459 0.908324
vt 0.033459 0.908324
vt 0.033459 0.908324
vt 0.033459 0.908324
vt 0.033459 0.908324
vt 0.033459 0.908324
vt 0.033459 0.908324
vt 0.033459 0.908324
vt 0.033459 0.908324
vt 0.033459 0.908324
vt 0.033459 0.908324
vt 0.033459 0.908324
vt 0.033459 0.908324
vt 0.033459 0.908324
vt 0.033459 0.908324
vt 0.033459 0.908324
vt 0.033459 0.908324
vt 0.033459 0.908324
vt 0.033459 0.908324
vt 0.033459 0.908324
vt 0.033459 0.908324
vt 0.033459 0.908324
vt 0.033459 0.908324
vt 0.033459 0.908324
vt 0.033459 0.908324
vt 0.033459 0.908324
vt 0.033459 0.908324
vt 0.033459 0.908324
vt 0.033459 0.908324
vt 0.034806 0.032131
vt 0.034806 0.032131
vt 0.034806 0.032131
vt 0.034806 0.032131
vt 0.034806 0.032131
vt 0.034806 0.032131
vt 0.034806 0.032131
vt 0.034806 0.032131
vt 0.034806 0.032131
vt 0.034806 0.032131
vt 0.034806 0.032131
vt 0.034806 0.032131
vt 0.034806 0.032131
vt 0.034806 0.032131
vt 0.033459 0.908324
vt 0.033459 0.908324
vt 0.033458 0.908324
vt 0.033458 0.908324
vt 0.033459 0.908324
vt 0.033459 0.908324
vt 0.033459 0.908324
vt 0.033459 0.908324
vt 0.033459 0.908324
vt 0.033459 0.908324
vt 0.033459 0.908324
vt 0.033459 0.908324
vt 0.033458 0.908324
vt 0.033458 0.908324
vt 0.033459 0.908324
vt 0.033459 0.908324
vt 0.033459 0.908324
vt 0.033458 0.908323
vt 0.033458 0.908323
vt 0.033458 0.908323
vt 0.033458 0.908323
vt 0.033459 0.908323
vt 0.033458 0.908323
vt 0.033458 0.908323
vt 0.033459 0.908323
vt 0.033459 0.908323
vt 0.033458 0.908323
vt 0.033458 0.908323
vt 0.033459 0.908323
vt 0.033458 0.908323
vt 0.033458 0.908323
vt 0.033459 0.908323
vt 0.033459 0.908323
vt 0.033459 0.908323
vt 0.033458 0.908323
vt 0.033459 0.908323
vt 0.033459 0.908323
vt 0.034806 0.032131
vt 0.034806 0.032131
vt 0.034806 0.032131
vt 0.034806 0.032131
vt 0.034806 0.032131
vt 0.034806 0.032131
vt 0.034806 0.032131
vt 0.034806 0.032131
vt 0.034806 0.032131
vt 0.034806 0.032131
vt 0.034806 0.032131
vt 0.034806 0.032131
vt 0.034806 0.032131
vt 0.034806 0.032131
vt 0.034806 0.032131
vt 0.034806 0.032131
vt 0.034806 0.032131
vt 0.034806 0.032131
vt 0.034806 0.032131
vt 0.034806 0.032131
vt 0.034806 0.032131
vt 0.034806 0.032131
vt 0.034806 0.032131
vt 0.034806 0.032131
vt 0.034806 0.032131
vt 0.034806 0.032131
vt 0.034806 0.032131
vt 0.034806 0.032131
vt 0.034806 0.032131
vt 0.034806 0.032131
vt 0.034806 0.032131
vt 0.034806 0.032131
vt 0.034806 0.032131
vt 0.034806 0.032131
vt 0.034806 0.032131
vt 0.034806 0.032131
vt 0.034806 0.032131
vt 0.034806 0.032131
vt 0.034806 0.032131
vt 0.034806 0.032131
vt 0.034806 0.032131
vt 0.034806 0.032131
vt 0.034806 0.032131
vt 0.034806 0.032131
vt 0.033459 0.908324
vt 0.033459 0.908324
vt 0.033459 0.908324
vt 0.033459 0.908324
vt 0.033459 0.908323
vt 0.033459 0.908324
vt 0.033459 0.908324
vt 0.033459 0.908323
vt 0.094873 0.907308
vt 0.094873 0.907308
vt 0.094873 0.907308
vt 0.094873 0.907308
vt 0.033459 0.908324
vt 0.033459 0.908324
vt 0.033459 0.908324
vt 0.034806 0.032131
vt 0.034806 0.032131
vt 0.034806 0.032131
vt 0.034806 0.032131
vt 0.033459 0.908323
vt 0.033459 0.908323
vt 0.033459 0.908323
vt 0.033459 0.908323
vt 0.033459 0.908323
vt 0.033459 0.908324
vt 0.033459 0.908324
vt 0.033459 0.908323
vt 0.033459 0.908323
vt 0.033459 0.908323
vt 0.033459 0.908323
vt 0.281639 0.910682
vt 0.281639 0.910682
vt 0.281638 0.910682
vt 0.281639 0.910682
vt 0.281638 0.910682
vt 0.281638 0.910682
vt 0.281639 0.910682
vt 0.281639 0.910682
vt 0.281638 0.910682
vt 0.094873 0.907308
vt 0.094873 0.907308
vt 0.094873 0.907308
vt 0.094873 0.907308
vt 0.094873 0.907308
vt 0.094873 0.907308
vt 0.094873 0.907308
vt 0.094873 0.907308
vt 0.094873 0.907308
vt 0.094873 0.907308
vt 0.094873 0.907308
vt 0.094873 0.907308
vt 0.094873 0.907308
vt 0.094873 0.907308
vt 0.033459 0.908324
vt 0.033459 0.908324
vt 0.033459 0.908324
vt 0.033459 0.908324
vt 0.033459 0.908324
vt 0.033459 0.908324
vt 0.094873 0.907308
vt 0.094873 0.907309
vt 0.094873 0.907309
vt 0.094873 0.907309
vt 0.094873 0.907309
vt 0.033459 0.908324
vt 0.033458 0.908324
vt 0.033459 0.908324
vt 0.033459 0.908324
vt 0.094873 0.907308
vt 0.094873 0.907308
vt 0.094873 0.907308
vt 0.094873 0.907308
vt 0.033459 0.908324
vt 0.033458 0.908324
vt 0.033459 0.908324
vt 0.033459 0.908324
vt 0.033459 0.908323
vt 0.033459 0.908323
vt 0.033459 0.908323
vt 0.094873 0.907308
vt 0.094873 0.907308
vt 0.094873 0.907308
vt 0.094873 0.907308
vt 0.033459 0.908324
vt 0.033459 0.908324
vt 0.033459 0.908324
vt 0.094873 0.907308
vt 0.094873 0.907308
vt 0.094873 0.907308
vt 0.033459 0.908323
vt 0.033459 0.908323
vt 0.034806 0.032131
vt 0.034806 0.032131
vt 0.034806 0.032131
vt 0.034806 0.032131
vt 0.094873 0.907308
vt 0.033459 0.908324
vt 0.034806 0.032131
vt 0.034806 0.032131
vt 0.034806 0.032131
vt 0.034806 0.032131
vt 0.094873 0.907308
vt 0.094873 0.907308
vt 0.094873 0.907308
vt 0.094873 0.907308
vt 0.033459 0.908323
vt 0.033458 0.908323
vt 0.033459 0.908323
vt 0.033459 0.908323
vt 0.094873 0.907308
vt 0.094873 0.907308
vt 0.094873 0.907308
vt 0.094873 0.907308
vt 0.033459 0.908323
vt 0.033459 0.908323
vt 0.033459 0.908323
vt 0.033459 0.908323
vt 0.033459 0.908323
vt 0.033459 0.908323
vt 0.033459 0.908323
vt 0.033459 0.908323
vt 0.033459 0.908323
vt 0.033459 0.908323
vt 0.094873 0.907308
vt 0.094873 0.907308
vt 0.094873 0.907308
vt 0.094873 0.907308
vt 0.094873 0.907308
vt 0.033459 0.908324
vt 0.033458 0.908324
vt 0.033459 0.908324
vt 0.033459 0.908324
vt 0.094873 0.907308
vt 0.094873 0.907308
vt 0.033459 0.908323
vt 0.033459 0.908323
vt 0.094873 0.907308
vt 0.094873 0.907308
vt 0.094873 0.907308
vt 0.033459 0.908323
vt 0.094873 0.907308
vt 0.033459 0.908323
vt 0.033459 0.908323
vt 0.094873 0.907308
vt 0.094873 0.907308
vt 0.094873 0.907308
vt 0.094873 0.907308
vt 0.094873 0.907308
vt 0.094873 0.907308
vt 0.094873 0.907308
vt 0.094873 0.907308
vt 0.094873 0.907308
vt 0.094873 0.907308
vt 0.094873 0.907308
vt 0.094873 0.907308
vt 0.094873 0.907308
vt 0.094873 0.907308
vt 0.034806 0.032131
vt 0.034806 0.032131
vt 0.034806 0.032131
vt 0.034806 0.032131
vt 0.034806 0.032131
vt 0.034806 0.032131
vt 0.034806 0.032131
vt 0.034806 0.032131
vt 0.034806 0.032131
vt 0.034806 0.032131
vt 0.034806 0.032131
vt 0.034806 0.032131
vt 0.034806 0.032131
vt 0.034806 0.032131
vt 0.034806 0.032131
vt 0.034806 0.032131
vt 0.034806 0.032131
vt 0.034806 0.032131
vt 0.034806 0.032131
vt 0.034806 0.032131
vt 0.034806 0.032131
vt 0.034806 0.032131
vt 0.034806 0.032131
vt 0.034806 0.032131
vt 0.094873 0.907308
vt 0.094873 0.907308
vt 0.094873 0.907308
vt 0.094873 0.907308
vt 0.094873 0.907308
vt 0.094873 0.907308
vt 0.094873 0.907308
vt 0.094873 0.907308
vt 0.094873 0.907308
vt 0.094873 0.907308
vt 0.094873 0.907308
vt 0.033459 0.908323
vt 0.033459 0.908323
vt 0.033459 0.908323
vt 0.033459 0.908323
vt 0.033459 0.908323
vt 0.033459 0.908323
vt 0.033459 0.908323
vt 0.033459 0.908323
vt 0.033459 0.908324
vt 0.033459 0.908324
vt 0.033459 0.908324
vt 0.033459 0.908324
vt 0.033459 0.908323
vt 0.094873 0.907308
vt 0.094873 0.907308
vt 0.033459 0.908324
vt 0.033459 0.908324
vt 0.033459 0.908324
vt 0.033459 0.908324
vt 0.094873 0.907308
vt 0.094873 0.907308
vt 0.094873 0.907308
vt 0.033459 0.908323
vt 0.033459 0.908323
vt 0.033459 0.908324
vt 0.033459 0.908323
vt 0.033458 0.908323
vt 0.033459 0.908323
vt 0.033458 0.908324
vt 0.033459 0.908324
vt 0.094873 0.907308
vt 0.034806 0.032131
vt 0.034806 0.032131
vt 0.034806 0.032131
vt 0.034806 0.032131
vt 0.034806 0.032131
vt 0.034806 0.032131
vt 0.034806 0.032131
vt 0.034806 0.032131
vt 0.033459 0.908323
vt 0.033459 0.908323
vt 0.033459 0.908323
vt 0.033459 0.908323
vt 0.033459 0.908323
vt 0.033459 0.908323
vt 0.033459 0.908323
vt 0.033458 0.908324
vt 0.033459 0.908324
vt 0.033459 0.908323
vt 0.033459 0.908323
vt 0.033459 0.908323
vt 0.034806 0.032131
vt 0.034806 0.032131
vt 0.034806 0.032131
vt 0.034806 0.032131
vt 0.034806 0.032131
vt 0.034806 0.032131
vt 0.034806 0.032131
vt 0.034806 0.032131
vt 0.094873 0.907308
vt 0.094873 0.907308
vt 0.094873 0.907308
vt 0.033459 0.908324
vt 0.033459 0.908324
vt 0.033459 0.908324
vt 0.094873 0.907308
vt 0.094873 0.907308
vt 0.094873 0.907308
vt 0.094873 0.907308
vt 0.094873 0.907308
vt 0.094873 0.907308
vt 0.094873 0.907308
vt 0.033459 0.908324
vt 0.033459 0.908324
vt 0.094873 0.907308
vt 0.094873 0.907308
vt 0.094873 0.907308
vt 0.094873 0.907308
vt 0.033458 0.908324
vt 0.033459 0.908324
vt 0.033459 0.908323
vt 0.033459 0.908323
vt 0.094873 0.907308
vt 0.094873 0.907308
vt 0.094873 0.907308
vt 0.094873 0.907308
vt 0.094873 0.907308
vt 0.094873 0.907308
vt 0.033458 0.908323
vt 0.033458 0.908324
vt 0.033458 0.908324
vt 0.033458 0.908323
vt 0.033458 0.908324
vt 0.033458 0.908323
vt 0.281638 0.910682
vt 0.281638 0.910682
vt 0.281638 0.910682
vt 0.281638 0.910682
vt 0.281638 0.910682
vt 0.281638 0.910682
vt 0.281638 0.910682
vt 0.033459 0.908323
vt 0.033459 0.908323
vt 0.033459 0.908323
vt 0.094873 0.907308
vt 0.094873 0.907308
vt 0.094873 0.907308
vt 0.094873 0.907308
vt 0.033459 0.908324
vt 0.033459 0.908324
vt 0.094873 0.907308
vt 0.094873 0.907308
vt 0.094873 0.907308
vt 0.094873 0.907308
vt 0.094873 0.907308
vt 0.094873 0.907308
vt 0.033459 0.908324
vt 0.033459 0.908324
vt 0.033459 0.908324
vt 0.094873 0.907308
vt 0.094873 0.907308
vt 0.094873 0.907308
vt 0.094873 0.907308
vt 0.281639 0.910682
vt 0.033459 0.908323
vt 0.033459 0.908323
vt 0.033459 0.908323
vt 0.033459 0.908323
vt 0.033459 0.908323
vt 0.033459 0.908323
vt 0.033459 0.908323
vt 0.033459 0.908323
vt 0.033459 0.908324
vt 0.033459 0.908324
vt 0.033459 0.908324
vt 0.033459 0.908324
vt 0.094873 0.907308
vt 0.094873 0.907308
vt 0.094873 0.907308
vt 0.094873 0.907308
vt 0.094873 0.907308
vt 0.094873 0.907309
vt 0.094873 0.907309
vt 0.094873 0.907308
vt 0.094873 0.907309
vt 0.094873 0.907308
vt 0.094873 0.907308
vt 0.094873 0.907309
vt 0.094873 0.907309
vt 0.033459 0.908324
vt 0.033459 0.908324
vt 0.033459 0.908324
vt 0.033459 0.908324
vt 0.094873 0.907308
vt 0.094873 0.907308
vt 0.094873 0.907308
vt 0.094873 0.907308
vt 0.094873 0.907308
vt 0.094873 0.907308
vt 0.094873 0.907308
vt 0.094873 0.907308
vt 0.033459 0.908324
vt 0.033459 0.908324
vt 0.094873 0.907308
vt 0.094873 0.907308
vt 0.094873 0.907308
vt 0.094873 0.907308
vt 0.033459 0.908324
vt 0.033459 0.908324
vt 0.033459 0.908324
vt 0.033459 0.908324
vt 0.033459 0.908324
vt 0.033459 0.908324
vt 0.033459 0.908324
vt 0.033459 0.908324
vt 0.033459 0.908324
vt 0.033459 0.908324
vt 0.033459 0.908324
vt 0.033459 0.908324
vt 0.034806 0.032131
vt 0.034806 0.032131
vt 0.034806 0.032131
vt 0.034806 0.032131
vt 0.034806 0.032131
vt 0.034806 0.032131
vt 0.034806 0.032131
vt 0.034806 0.032131
vt 0.034806 0.032131
vt 0.034806 0.032131
vt 0.034806 0.032131
vt 0.034806 0.032131
vt 0.034806 0.032131
vt 0.034806 0.032131
vt 0.033459 0.908324
vt 0.033458 0.908324
vt 0.033459 0.908323
vt 0.033459 0.908323
vt 0.033459 0.908324
vt 0.033459 0.908324
vt 0.033459 0.908323
vt 0.033459 0.908323
vt 0.033459 0.908324
vt 0.033459 0.908324
vt 0.033459 0.908324
vt 0.033459 0.908324
vt 0.033459 0.908324
vt 0.094873 0.907308
vt 0.094873 0.907308
vt 0.094873 0.907308
vt 0.094873 0.907308
vt 0.094873 0.907308
vt 0.033459 0.908324
vt 0.033459 0.908324
vt 0.033459 0.908324
vt 0.033459 0.908324
vt 0.033459 0.908324
vt 0.033459 0.908324
vt 0.033459 0.908324
vt 0.033459 0.908324
vt 0.033459 0.908324
vt 0.094873 0.907308
vt 0.094873 0.907308
vt 0.094873 0.907308
vt 0.094873 0.907308
vt 0.094873 0.907308
vt 0.094873 0.907308
vt 0.033459 0.908323
vt 0.033459 0.908323
vt 0.094873 0.907308
vt 0.094873 0.907308
vt 0.094873 0.907308
vt 0.094873 0.907308
vt 0.094873 0.907308
vt 0.033459 0.908323
vt 0.033459 0.908323
vt 0.033459 0.908323
vt 0.094873 0.907308
vt 0.094873 0.907308
vt 0.033459 0.908323
vt 0.033459 0.908324
vt 0.033458 0.908324
vt 0.033459 0.908324
vt 0.033459 0.908324
vt 0.034806 0.032131
vt 0.034806 0.032131
vt 0.034806 0.032131
vt 0.034806 0.032131
vt 0.034806 0.032131
vt 0.034806 0.032131
vt 0.034806 0.032131
vt 0.034806 0.032131
vt 0.034806 0.032131
vt 0.034806 0.032131
vt 0.034806 0.032131
vt 0.034806 0.032131
vt 0.034806 0.032131
vt 0.034806 0.032131
vt 0.034806 0.032131
vt 0.034806 0.032131
vt 0.034806 0.032131
vt 0.034806 0.032131
vt 0.034806 0.032131
vt 0.034806 0.032131
vt 0.034806 0.032131
vt 0.034806 0.032131
vt 0.034806 0.032131
vt 0.034806 0.032131
vt 0.034806 0.032131
vt 0.034806 0.032131
vt 0.034806 0.032131
vt 0.034806 0.032131
vt 0.034806 0.032131
vt 0.034806 0.032131
vt 0.034806 0.032131
vt 0.034806 0.032131
vt 0.034806 0.032131
vt 0.034806 0.032131
vt 0.034806 0.032131
vt 0.034806 0.032131
vt 0.034806 0.032131
vt 0.034806 0.032131
vt 0.034806 0.032131
vt 0.034806 0.032131
vt 0.033459 0.908324
vt 0.033459 0.908324
vt 0.033459 0.908324
vt 0.033459 0.908324
vt 0.033459 0.908323
vt 0.033459 0.908324
vt 0.033459 0.908324
vt 0.033459 0.908323
vt 0.034806 0.032131
vt 0.034806 0.032131
vt 0.034806 0.032131
vt 0.034806 0.032131
vt 0.033459 0.908323
vt 0.033459 0.908323
vt 0.033459 0.908323
vt 0.033459 0.908323
vt 0.033459 0.908323
vt 0.033459 0.908324
vt 0.033459 0.908324
vt 0.033459 0.908323
vt 0.033459 0.908323
vt 0.033459 0.908323
vt 0.033459 0.908323
vt 0.033459 0.908324
vt 0.033459 0.908324
vt 0.033459 0.908324
vt 0.033459 0.908324
vt 0.033459 0.908324
vt 0.033459 0.908324
vt 0.094873 0.907308
vt 0.094873 0.907308
vt 0.094873 0.907308
vt 0.094873 0.907308
vt 0.094873 0.907308
vt 0.094873 0.907308
vt 0.033459 0.908324
vt 0.033459 0.908324
vt 0.033459 0.908324
vt 0.033459 0.908324
vt 0.094873 0.907308
vt 0.094873 0.907308
vt 0.094873 0.907308
vt 0.094873 0.907308
vt 0.094873 0.907308
vt 0.033459 0.908324
vt 0.033459 0.908324
vt 0.033459 0.908324
vt 0.033458 0.908324
vt 0.033459 0.908324
vt 0.033459 0.908324
vt 0.033458 0.908324
vt 0.033459 0.908324
vt 0.033459 0.908324
vt 0.033459 0.908324
vt 0.033458 0.908324
vt 0.033459 0.908324
vt 0.033459 0.908324
vt 0.033459 0.908323
vt 0.033458 0.908323
vt 0.033458 0.908323
vt 0.033459 0.908323
vt 0.094873 0.907308
vt 0.094873 0.907308
vt 0.094873 0.907308
vt 0.094873 0.907308
vt 0.033459 0.908324
vt 0.033459 0.908324
vt 0.094873 0.907308
vt 0.094873 0.907308
vt 0.033459 0.908323
vt 0.033459 0.908323
vt 0.034806 0.032131
vt 0.034806 0.032131
vt 0.034806 0.032131
vt 0.034806 0.032131
vt 0.094873 0.907308
vt 0.033458 0.908324
vt 0.033459 0.908324
vt 0.034806 0.032131
vt 0.034806 0.032131
vt 0.034806 0.032131
vt 0.034806 0.032131
vt 0.094873 0.907308
vt 0.094873 0.907308
vt 0.094873 0.907308
vt 0.094873 0.907308
vt 0.033459 0.908323
vt 0.033458 0.908323
vt 0.033458 0.908323
vt 0.033459 0.908323
vt 0.094873 0.907308
vt 0.094873 0.907308
vt 0.094873 0.907308
vt 0.094873 0.907308
vt 0.033459 0.908323
vt 0.033458 0.908323
vt 0.033459 0.908323
vt 0.033459 0.908323
vt 0.033459 0.908323
vt 0.033459 0.908323
vt 0.033459 0.908323
vt 0.033459 0.908323
vt 0.094873 0.907308
vt 0.094873 0.907308
vt 0.094873 0.907308
vt 0.094873 0.907308
vt 0.094873 0.907308
vt 0.094873 0.907308
vt 0.033459 0.908323
vt 0.033459 0.908323
vt 0.094873 0.907308
vt 0.033459 0.908323
vt 0.033459 0.908323
vt 0.094873 0.907308
vt 0.094873 0.907308
vt 0.094873 0.907308
vt 0.033459 0.908323
vt 0.033459 0.908323
vt 0.094873 0.907308
vt 0.033459 0.908323
vt 0.033459 0.908323
vt 0.094873 0.907308
vt 0.033458 0.908323
vt 0.094873 0.907308
vt 0.094873 0.907308
vt 0.094873 0.907308
vt 0.034806 0.032131
vt 0.034806 0.032131
vt 0.034806 0.032131
vt 0.034806 0.032131
vt 0.034806 0.032131
vt 0.034806 0.032131
vt 0.034806 0.032131
vt 0.034806 0.032131
vt 0.034806 0.032131
vt 0.034806 0.032131
vt 0.034806 0.032131
vt 0.034806 0.032131
vt 0.034806 0.032131
vt 0.034806 0.032131
vt 0.034806 0.032131
vt 0.034806 0.032131
vt 0.034806 0.032131
vt 0.034806 0.032131
vt 0.034806 0.032131
vt 0.034806 0.032131
vt 0.034806 0.032131
vt 0.034806 0.032131
vt 0.034806 0.032131
vt 0.034806 0.032131
vt 0.094873 0.907308
vt 0.094873 0.907308
vt 0.094873 0.907308
vt 0.094873 0.907308
vt 0.094873 0.907308
vt 0.094873 0.907308
vt 0.094873 0.907308
vt 0.094873 0.907308
vt 0.094873 0.907308
vt 0.094873 0.907308
vt 0.094873 0.907308
vt 0.033459 0.908323
vt 0.033459 0.908323
vt 0.033459 0.908323
vt 0.033459 0.908323
vt 0.033459 0.908323
vt 0.033459 0.908323
vt 0.033459 0.908323
vt 0.033459 0.908323
vt 0.033459 0.908324
vt 0.033459 0.908324
vt 0.033459 0.908324
vt 0.033459 0.908324
vt 0.033458 0.908323
vt 0.033459 0.908323
vt 0.094873 0.907308
vt 0.033458 0.908323
vt 0.094873 0.907308
vt 0.033459 0.908324
vt 0.033458 0.908324
vt 0.033459 0.908324
vt 0.033459 0.908324
vt 0.033459 0.908324
vt 0.094873 0.907308
vt 0.094873 0.907308
vt 0.094873 0.907308
vt 0.033459 0.908323
vt 0.033459 0.908323
vt 0.033459 0.908324
vt 0.033459 0.908323
vt 0.033458 0.908323
vt 0.033458 0.908323
vt 0.033458 0.908323
vt 0.094873 0.907308
vt 0.094873 0.907308
vt 0.034806 0.032131
vt 0.034806 0.032131
vt 0.034806 0.032131
vt 0.034806 0.032131
vt 0.034806 0.032131
vt 0.034806 0.032131
vt 0.034806 0.032131
vt 0.034806 0.032131
vt 0.033459 0.908323
vt 0.033459 0.908323
vt 0.033459 0.908323
vt 0.033459 0.908323
vt 0.033459 0.908323
vt 0.033459 0.908323
vt 0.033459 0.908323
vt 0.033458 0.908324
vt 0.033459 0.908324
vt 0.033459 0.908323
vt 0.033459 0.908323
vt 0.033459 0.908323
vt 0.034806 0.032131
vt 0.034806 0.032131
vt 0.034806 0.032131
vt 0.034806 0.032131
vt 0.034806 0.032131
vt 0.034806 0.032131
vt 0.034806 0.032131
vt 0.034806 0.032131
vt 0.094873 0.907308
vt 0.094873 0.907308
vt 0.094873 0.907308
vt 0.033459 0.908324
vt 0.033459 0.908324
vt 0.094873 0.907308
vt 0.094873 0.907308
vt 0.033458 0.908324
vt 0.033459 0.908324
vt 0.033459 0.908324
vt 0.094873 0.907308
vt 0.033459 0.908324
vt 0.033459 0.908324
vt 0.033458 0.908324
vt 0.033459 0.908323
vt 0.033459 0.908323
vt 0.094873 0.907308
vt 0.033458 0.908323
vt 0.033458 0.908324
vt 0.033458 0.908324
vt 0.033458 0.908323
vt 0.033458 0.908324
vt 0.033458 0.908323
vt 0.033459 0.908324
vt 0.033459 0.908324
vt 0.033459 0.908324
vt 0.033459 0.908324
vt 0.033459 0.908324
vt 0.033459 0.908324
vt 0.033459 0.908324
vt 0.033459 0.908323
vt 0.033459 0.908323
vt 0.033459 0.908323
vt 0.094873 0.907308
vt 0.094873 0.907308
vt 0.094873 0.907308
vt 0.094873 0.907308
vt 0.033459 0.908324
vt 0.094873 0.907308
vt 0.094873 0.907308
vt 0.094873 0.907308
vt 0.094873 0.907308
vt 0.094873 0.907308
vt 0.094873 0.907308
vt 0.033459 0.908324
vt 0.033459 0.908324
vt 0.094873 0.907308
vt 0.094873 0.907308
vt 0.094873 0.907308
vt 0.094873 0.907308
vt 0.033459 0.908323
vt 0.033459 0.908323
vt 0.033459 0.908323
vt 0.033459 0.908323
vt 0.033459 0.908323
vt 0.033459 0.908323
vt 0.033459 0.908323
vt 0.033459 0.908323
vt 0.033459 0.908324
vt 0.033459 0.908324
vt 0.033459 0.908324
vt 0.033459 0.908324
vt 0.033459 0.908324
vt 0.033459 0.908324
vt 0.033459 0.908324
vt 0.033459 0.908324
vt 0.033459 0.908324
vt 0.033459 0.908324
vt 0.033459 0.908324
vt 0.033459 0.908324
vt 0.033459 0.908324
vt 0.033459 0.908324
vt 0.033459 0.908324
vt 0.033459 0.908324
vt 0.033459 0.908324
vt 0.033459 0.908324
vt 0.033459 0.908324
vt 0.033459 0.908324
vt 0.033459 0.908324
vt 0.033459 0.908324
vt 0.033459 0.908324
vt 0.033459 0.908324
vt 0.033459 0.908324
vt 0.033459 0.908324
vt 0.033459 0.908324
vt 0.033459 0.908324
vt 0.033459 0.908324
vt 0.033459 0.908324
vt 0.033459 0.908324
vt 0.034806 0.032131
vt 0.034806 0.032131
vt 0.034806 0.032131
vt 0.034806 0.032131
vt 0.034806 0.032131
vt 0.034806 0.032131
vt 0.034806 0.032131
vt 0.034806 0.032131
vt 0.034806 0.032131
vt 0.034806 0.032131
vt 0.034806 0.032131
vt 0.034806 0.032131
vt 0.034806 0.032131
vt 0.034806 0.032131
vt 0.033459 0.908324
vt 0.033458 0.908324
vt 0.033459 0.908323
vt 0.033459 0.908323
vt 0.033459 0.908323
vt 0.033459 0.908323
vt 0.033459 0.908324
vt 0.033459 0.908324
vt 0.033459 0.908324
vt 0.033459 0.908324
vt 0.094873 0.907308
vt 0.033459 0.908324
vt 0.033459 0.908324
vt 0.033459 0.908324
vt 0.033459 0.908324
vt 0.033459 0.908324
vt 0.033459 0.908324
vt 0.033459 0.908324
vt 0.033459 0.908324
vt 0.033459 0.908324
vt 0.033459 0.908324
vt 0.094873 0.907308
vt 0.094873 0.907308
vt 0.094873 0.907308
vt 0.094873 0.907308
vt 0.094873 0.907308
vt 0.094873 0.907308
vt 0.033459 0.908323
vt 0.033458 0.908323
vt 0.033458 0.908323
vt 0.033459 0.908323
vt 0.094873 0.907308
vt 0.094873 0.907308
vt 0.094873 0.907308
vt 0.094873 0.907308
vt 0.094873 0.907308
vt 0.033459 0.908323
vt 0.033459 0.908323
vt 0.033458 0.908323
vt 0.094873 0.907308
vt 0.094873 0.907308
vt 0.033459 0.908323
vt 0.033459 0.908323
vt 0.033458 0.908323
vt 0.033459 0.908323
vt 0.033458 0.908323
vt 0.034806 0.032131
vt 0.034806 0.032131
vt 0.034806 0.032131
vt 0.034806 0.032131
vt 0.034806 0.032131
vt 0.034806 0.032131
vt 0.034806 0.032131
vt 0.034806 0.032131
vt 0.034806 0.032131
vt 0.034806 0.032131
vt 0.034806 0.032131
vt 0.034806 0.032131
vt 0.034806 0.032131
vt 0.034806 0.032131
vt 0.034806 0.032131
vt 0.034806 0.032131
vt 0.034806 0.032131
vt 0.034806 0.032131
vt 0.034806 0.032131
vt 0.034806 0.032131
vt 0.034806 0.032131
vt 0.034806 0.032131
vt 0.034806 0.032131
vt 0.034806 0.032131
vt 0.034806 0.032131
vt 0.034806 0.032131
vt 0.034806 0.032131
vt 0.034806 0.032131
vt 0.034806 0.032131
vt 0.034806 0.032131
vt 0.034806 0.032131
vt 0.034806 0.032131
vt 0.034806 0.032131
vt 0.034806 0.032131
vt 0.034806 0.032131
vt 0.034806 0.032131
vt 0.034806 0.032131
vt 0.034806 0.032131
vt 0.034806 0.032131
vt 0.034806 0.032131
vt 0.033459 0.908324
vt 0.033459 0.908324
vt 0.033459 0.908324
vt 0.033459 0.908324
vt 0.033459 0.908323
vt 0.033459 0.908324
vt 0.033459 0.908324
vt 0.033459 0.908323
vt 0.034806 0.032131
vt 0.034806 0.032131
vt 0.034806 0.032131
vt 0.034806 0.032131
vt 0.033459 0.908323
vt 0.033459 0.908323
vt 0.033459 0.908323
vt 0.033459 0.908323
vt 0.033459 0.908323
vt 0.033459 0.908324
vt 0.033459 0.908324
vt 0.033459 0.908324
vt 0.033459 0.908323
vt 0.033459 0.908323
vt 0.033459 0.908324
vt 0.033459 0.908323
vt 0.033459 0.908323
vt 0.033459 0.908323
vt 0.033459 0.908323
vt 0.033459 0.908324
vt 0.033459 0.908324
vt 0.033459 0.908324
vt 0.033459 0.908324
vt 0.033459 0.908324
vt 0.033459 0.908324
vt 0.094873 0.907308
vt 0.094873 0.907308
vt 0.094873 0.907308
vt 0.094873 0.907308
vt 0.094873 0.907308
vt 0.094873 0.907308
vt 0.094873 0.907308
vt 0.094873 0.907308
vt 0.033459 0.908324
vt 0.033459 0.908324
vt 0.033459 0.908324
vt 0.033459 0.908324
vt 0.033459 0.908324
vt 0.094873 0.907308
vt 0.033459 0.908324
vt 0.033459 0.908324
vt 0.033459 0.908324
vt 0.094873 0.907308
vt 0.033459 0.908324
vt 0.033459 0.908324
vt 0.094873 0.907308
vt 0.033459 0.908324
vt 0.033459 0.908324
vt 0.033458 0.908324
vt 0.033459 0.908324
vt 0.033459 0.908324
vt 0.033459 0.908323
vt 0.033458 0.908323
vt 0.033459 0.908323
vt 0.033459 0.908323
vt 0.094873 0.907308
vt 0.094873 0.907308
vt 0.094873 0.907308
vt 0.094873 0.907308
vt 0.033459 0.908324
vt 0.033459 0.908324
vt 0.033459 0.908324
vt 0.033459 0.908324
vt 0.094873 0.907308
vt 0.094873 0.907308
vt 0.094873 0.907308
vt 0.094873 0.907308
vt 0.033459 0.908323
vt 0.033459 0.908323
vt 0.034806 0.032131
vt 0.034806 0.032131
vt 0.034806 0.032131
vt 0.034806 0.032131
vt 0.094873 0.907308
vt 0.033459 0.908323
vt 0.033459 0.908323
vt 0.033458 0.908324
vt 0.033459 0.908324
vt 0.034806 0.032131
vt 0.034806 0.032131
vt 0.034806 0.032131
vt 0.034806 0.032131
vt 0.094873 0.907308
vt 0.094873 0.907308
vt 0.094873 0.907308
vt 0.094873 0.907308
vt 0.033459 0.908323
vt 0.033459 0.908323
vt 0.033459 0.908323
vt 0.094873 0.907308
vt 0.094873 0.907308
vt 0.094873 0.907308
vt 0.094873 0.907308
vt 0.033459 0.908323
vt 0.033459 0.908323
vt 0.033459 0.908323
vt 0.033459 0.908323
vt 0.033459 0.908323
vt 0.033459 0.908323
vt 0.033459 0.908323
vt 0.033459 0.908323
vt 0.094873 0.907308
vt 0.094873 0.907308
vt 0.094873 0.907308
vt 0.094873 0.907308
vt 0.094873 0.907308
vt 0.094873 0.907308
vt 0.033459 0.908323
vt 0.033459 0.908323
vt 0.094873 0.907308
vt 0.033459 0.908323
vt 0.033459 0.908323
vt 0.094873 0.907308
vt 0.094873 0.907308
vt 0.094873 0.907308
vt 0.033459 0.908323
vt 0.033459 0.908323
vt 0.094873 0.907308
vt 0.033459 0.908323
vt 0.094873 0.907308
vt 0.094873 0.907308
vt 0.094873 0.907308
vt 0.094873 0.907308
vt 0.034806 0.032131
vt 0.034806 0.032131
vt 0.034806 0.032131
vt 0.034806 0.032131
vt 0.033459 0.908323
vt 0.033459 0.908323
vt 0.034806 0.032131
vt 0.034806 0.032131
vt 0.034806 0.032131
vt 0.034806 0.032131
vt 0.034806 0.032131
vt 0.034806 0.032131
vt 0.034806 0.032131
vt 0.034806 0.032131
vt 0.034806 0.032131
vt 0.034806 0.032131
vt 0.034806 0.032131
vt 0.034806 0.032131
vt 0.034806 0.032131
vt 0.034806 0.032131
vt 0.034806 0.032131
vt 0.034806 0.032131
vt 0.034806 0.032131
vt 0.034806 0.032131
vt 0.034806 0.032131
vt 0.034806 0.032131
vt 0.094873 0.907308
vt 0.094873 0.907308
vt 0.094873 0.907308
vt 0.094873 0.907308
vt 0.094873 0.907308
vt 0.094873 0.907308
vt 0.094873 0.907308
vt 0.094873 0.907308
vt 0.094873 0.907308
vt 0.094873 0.907308
vt 0.094873 0.907308
vt 0.033459 0.908323
vt 0.033459 0.908323
vt 0.033459 0.908323
vt 0.033459 0.908323
vt 0.033459 0.908323
vt 0.033459 0.908324
vt 0.033459 0.908324
vt 0.033459 0.908324
vt 0.033459 0.908324
vt 0.033458 0.908323
vt 0.033459 0.908323
vt 0.094873 0.907308
vt 0.033459 0.908323
vt 0.094873 0.907308
vt 0.033459 0.908324
vt 0.033459 0.908324
vt 0.033459 0.908324
vt 0.033459 0.908324
vt 0.094873 0.907308
vt 0.094873 0.907308
vt 0.094873 0.907308
vt 0.033459 0.908323
vt 0.033459 0.908323
vt 0.033459 0.908324
vt 0.033459 0.908323
vt 0.033459 0.908323
vt 0.033458 0.908323
vt 0.033459 0.908323
vt 0.094873 0.907308
vt 0.033459 0.908323
vt 0.094873 0.907308
vt 0.034806 0.032131
vt 0.034806 0.032131
vt 0.034806 0.032131
vt 0.034806 0.032131
vt 0.034806 0.032131
vt 0.034806 0.032131
vt 0.034806 0.032131
vt 0.034806 0.032131
vt 0.033459 0.908323
vt 0.033459 0.908323
vt 0.033459 0.908323
vt 0.033459 0.908323
vt 0.033459 0.908323
vt 0.033459 0.908323
vt 0.033459 0.908323
vt 0.033459 0.908323
vt 0.033458 0.908324
vt 0.033459 0.908324
vt 0.033459 0.908323
vt 0.033459 0.908323
vt 0.033459 0.908323
vt 0.034806 0.032131
vt 0.034806 0.032131
vt 0.034806 0.032131
vt 0.034806 0.032131
vt 0.034806 0.032131
vt 0.034806 0.032131
vt 0.034806 0.032131
vt 0.034806 0.032131
vt 0.094873 0.907308
vt 0.094873 0.907308
vt 0.094873 0.907308
vt 0.033459 0.908324
vt 0.033459 0.908324
vt 0.033459 0.908324
vt 0.033459 0.908324
vt 0.094873 0.907308
vt 0.094873 0.907308
vt 0.033458 0.908324
vt 0.033459 0.908324
vt 0.033459 0.908324
vt 0.094873 0.907308
vt 0.094873 0.907308
vt 0.094873 0.907308
vt 0.033459 0.908324
vt 0.033459 0.908324
vt 0.033459 0.908323
vt 0.033459 0.908323
vt 0.033459 0.908324
vt 0.094873 0.907308
vt 0.094873 0.907308
vt 0.033458 0.908323
vt 0.033458 0.908324
vt 0.033458 0.908324
vt 0.033458 0.908323
vt 0.033458 0.908324
vt 0.033458 0.908323
vt 0.033459 0.908324
vt 0.033459 0.908324
vt 0.033459 0.908324
vt 0.033459 0.908324
vt 0.033459 0.908324
vt 0.033459 0.908324
vt 0.033459 0.908324
vt 0.033459 0.908323
vt 0.033459 0.908323
vt 0.033459 0.908323
vt 0.094873 0.907308
vt 0.094873 0.907308
vt 0.094873 0.907308
vt 0.094873 0.907308
vt 0.033459 0.908324
vt 0.094873 0.907308
vt 0.094873 0.907308
vt 0.094873 0.907308
vt 0.094873 0.907308
vt 0.094873 0.907308
vt 0.094873 0.907308
vt 0.033459 0.908324
vt 0.033459 0.908324
vt 0.094873 0.907308
vt 0.094873 0.907308
vt 0.094873 0.907308
vt 0.094873 0.907308
vt 0.033459 0.908323
vt 0.033459 0.908323
vt 0.033459 0.908323
vt 0.033459 0.908323
vt 0.033459 0.908323
vt 0.033459 0.908323
vt 0.033459 0.908323
vt 0.033459 0.908323
vt 0.033459 0.908324
vt 0.033459 0.908324
vt 0.033459 0.908324
vt 0.033459 0.908324
vt 0.033459 0.908324
vt 0.033459 0.908324
vt 0.033459 0.908324
vt 0.033459 0.908324
vt 0.033459 0.908324
vt 0.033459 0.908324
vt 0.033459 0.908324
vt 0.033459 0.908324
vt 0.033459 0.908324
vt 0.033459 0.908324
vt 0.033459 0.908324
vt 0.033459 0.908324
vt 0.033459 0.908324
vt 0.033459 0.908324
vt 0.033459 0.908324
vt 0.033459 0.908324
vt 0.033459 0.908324
vt 0.033459 0.908324
vt 0.033459 0.908324
vt 0.033459 0.908324
vt 0.033459 0.908324
vt 0.033459 0.908324
vt 0.033459 0.908324
vt 0.033459 0.908324
vt 0.033459 0.908324
vt 0.033459 0.908324
vt 0.033459 0.908324
vt 0.034806 0.032131
vt 0.034806 0.032131
vt 0.034806 0.032131
vt 0.034806 0.032131
vt 0.034806 0.032131
vt 0.034806 0.032131
vt 0.034806 0.032131
vt 0.034806 0.032131
vt 0.034806 0.032131
vt 0.034806 0.032131
vt 0.034806 0.032131
vt 0.034806 0.032131
vt 0.034806 0.032131
vt 0.034806 0.032131
vt 0.033459 0.908324
vt 0.033458 0.908324
vt 0.033459 0.908323
vt 0.033459 0.908323
vt 0.033459 0.908323
vt 0.033459 0.908323
vt 0.033459 0.908324
vt 0.033459 0.908324
vt 0.033459 0.908324
vt 0.033459 0.908324
vt 0.094873 0.907308
vt 0.033459 0.908324
vt 0.033459 0.908324
vt 0.033459 0.908324
vt 0.033459 0.908324
vt 0.033459 0.908324
vt 0.033459 0.908324
vt 0.033459 0.908324
vt 0.033459 0.908324
vt 0.033459 0.908324
vt 0.033459 0.908324
vt 0.094873 0.907308
vt 0.094873 0.907308
vt 0.094873 0.907308
vt 0.094873 0.907308
vt 0.094873 0.907308
vt 0.094873 0.907308
vt 0.094873 0.907308
vt 0.033459 0.908323
vt 0.033458 0.908323
vt 0.033459 0.908323
vt 0.033459 0.908323
vt 0.094873 0.907308
vt 0.094873 0.907308
vt 0.094873 0.907308
vt 0.094873 0.907308
vt 0.094873 0.907308
vt 0.033459 0.908323
vt 0.033459 0.908323
vt 0.033459 0.908323
vt 0.094873 0.907308
vt 0.094873 0.907308
vt 0.033459 0.908323
vt 0.033459 0.908323
vt 0.033459 0.908323
vt 0.034806 0.032131
vt 0.034806 0.032131
vt 0.034806 0.032131
vt 0.034806 0.032131
vt 0.034806 0.032131
vt 0.034806 0.032131
vt 0.034806 0.032131
vt 0.034806 0.032131
vt 0.034806 0.032131
vt 0.034806 0.032131
vt 0.034806 0.032131
vt 0.034806 0.032131
vt 0.034806 0.032131
vt 0.034806 0.032131
vt 0.034806 0.032131
vt 0.034806 0.032131
vt 0.034806 0.032131
vt 0.034806 0.032131
vt 0.034806 0.032131
vt 0.034806 0.032131
vt 0.034806 0.032131
vt 0.034806 0.032131
vt 0.034806 0.032131
vt 0.034806 0.032131
vt 0.034806 0.032131
vt 0.034806 0.032131
vt 0.034806 0.032131
vt 0.034806 0.032131
vt 0.034806 0.032131
vt 0.034806 0.032131
vt 0.034806 0.032131
vt 0.034806 0.032131
vt 0.034806 0.032131
vt 0.034806 0.032131
vt 0.034806 0.032131
vt 0.034806 0.032131
vt 0.034806 0.032131
vt 0.034806 0.032131
vt 0.034806 0.032131
vt 0.034806 0.032131
vt 0.033459 0.908324
vt 0.033459 0.908324
vt 0.033459 0.908324
vt 0.033459 0.908324
vt 0.033459 0.908323
vt 0.033459 0.908324
vt 0.033459 0.908324
vt 0.033459 0.908323
vt 0.034806 0.032131
vt 0.034806 0.032131
vt 0.034806 0.032131
vt 0.034806 0.032131
vt 0.033459 0.908323
vt 0.033459 0.908323
vt 0.033459 0.908323
vt 0.033459 0.908323
vt 0.094873 0.907308
vt 0.094873 0.907308
vt 0.094873 0.907308
vt 0.094873 0.907308
vt 0.094873 0.907308
vt 0.094873 0.907308
vt 0.094873 0.907308
vt 0.094873 0.907308
vt 0.033459 0.908324
vt 0.033459 0.908324
vt 0.033459 0.908324
vt 0.033459 0.908324
vt 0.094873 0.907308
vt 0.094873 0.907308
vt 0.033459 0.908324
vt 0.033459 0.908324
vt 0.033459 0.908324
vt 0.033458 0.908324
vt 0.033459 0.908324
vt 0.033459 0.908324
vt 0.033458 0.908324
vt 0.033459 0.908324
vt 0.033459 0.908324
vt 0.033459 0.908324
vt 0.033458 0.908324
vt 0.033459 0.908324
vt 0.033459 0.908324
vt 0.033459 0.908323
vt 0.033459 0.908323
vt 0.033459 0.908323
vt 0.094873 0.907308
vt 0.094873 0.907308
vt 0.094873 0.907308
vt 0.094873 0.907308
vt 0.033459 0.908324
vt 0.033459 0.908324
vt 0.033459 0.908324
vt 0.033459 0.908324
vt 0.094873 0.907308
vt 0.094873 0.907308
vt 0.094873 0.907308
vt 0.094873 0.907308
vt 0.033459 0.908323
vt 0.033459 0.908323
vt 0.034806 0.032131
vt 0.034806 0.032131
vt 0.034806 0.032131
vt 0.034806 0.032131
vt 0.094873 0.907308
vt 0.033459 0.908323
vt 0.033459 0.908323
vt 0.033458 0.908324
vt 0.033459 0.908324
vt 0.034806 0.032131
vt 0.034806 0.032131
vt 0.034806 0.032131
vt 0.034806 0.032131
vt 0.094873 0.907308
vt 0.094873 0.907308
vt 0.094873 0.907308
vt 0.094873 0.907308
vt 0.033459 0.908323
vt 0.033459 0.908323
vt 0.033459 0.908323
vt 0.094873 0.907308
vt 0.094873 0.907308
vt 0.094873 0.907308
vt 0.094873 0.907308
vt 0.033459 0.908323
vt 0.033459 0.908323
vt 0.033459 0.908323
vt 0.033459 0.908323
vt 0.033459 0.908323
vt 0.033459 0.908323
vt 0.033459 0.908323
vt 0.033459 0.908323
vt 0.033459 0.908323
vt 0.033459 0.908323
vt 0.033459 0.908323
vt 0.094873 0.907308
vt 0.094873 0.907308
vt 0.094873 0.907308
vt 0.094873 0.907308
vt 0.094873 0.907308
vt 0.033458 0.908323
vt 0.033459 0.908323
vt 0.094873 0.907308
vt 0.094873 0.907308
vt 0.033459 0.908323
vt 0.033459 0.908323
vt 0.033459 0.908323
vt 0.094873 0.907308
vt 0.094873 0.907308
vt 0.094873 0.907308
vt 0.033459 0.908323
vt 0.094873 0.907308
vt 0.033459 0.908323
vt 0.033459 0.908323
vt 0.094873 0.907308
vt 0.033459 0.908323
vt 0.033459 0.908323
vt 0.033459 0.908323
vt 0.033458 0.908323
vt 0.033459 0.908323
vt 0.094873 0.907308
vt 0.094873 0.907308
vt 0.094873 0.907308
vt 0.034806 0.032131
vt 0.034806 0.032131
vt 0.034806 0.032131
vt 0.034806 0.032131
vt 0.034806 0.032131
vt 0.034806 0.032131
vt 0.034806 0.032131
vt 0.034806 0.032131
vt 0.034806 0.032131
vt 0.034806 0.032131
vt 0.034806 0.032131
vt 0.034806 0.032131
vt 0.034806 0.032131
vt 0.034806 0.032131
vt 0.034806 0.032131
vt 0.034806 0.032131
vt 0.034806 0.032131
vt 0.034806 0.032131
vt 0.034806 0.032131
vt 0.034806 0.032131
vt 0.034806 0.032131
vt 0.034806 0.032131
vt 0.034806 0.032131
vt 0.034806 0.032131
vt 0.094873 0.907308
vt 0.094873 0.907308
vt 0.094873 0.907308
vt 0.094873 0.907308
vt 0.094873 0.907308
vt 0.094873 0.907308
vt 0.094873 0.907308
vt 0.094873 0.907308
vt 0.094873 0.907308
vt 0.094873 0.907308
vt 0.094873 0.907308
vt 0.033459 0.908323
vt 0.033459 0.908323
vt 0.033459 0.908323
vt 0.033459 0.908323
vt 0.033459 0.908323
vt 0.033459 0.908323
vt 0.033459 0.908324
vt 0.033459 0.908324
vt 0.033459 0.908324
vt 0.033459 0.908324
vt 0.033459 0.908323
vt 0.094873 0.907308
vt 0.033459 0.908324
vt 0.094873 0.907308
vt 0.033459 0.908324
vt 0.033459 0.908324
vt 0.033459 0.908324
vt 0.033459 0.908324
vt 0.033459 0.908324
vt 0.033459 0.908324
vt 0.033459 0.908324
vt 0.094873 0.907308
vt 0.094873 0.907308
vt 0.094873 0.907308
vt 0.033459 0.908323
vt 0.033459 0.908323
vt 0.033459 0.908324
vt 0.033458 0.908323
vt 0.033459 0.908323
vt 0.094873 0.907308
vt 0.094873 0.907308
vt 0.034806 0.032131
vt 0.034806 0.032131
vt 0.034806 0.032131
vt 0.034806 0.032131
vt 0.034806 0.032131
vt 0.034806 0.032131
vt 0.034806 0.032131
vt 0.034806 0.032131
vt 0.033458 0.908324
vt 0.033459 0.908324
vt 0.034806 0.032131
vt 0.034806 0.032131
vt 0.034806 0.032131
vt 0.034806 0.032131
vt 0.034806 0.032131
vt 0.034806 0.032131
vt 0.034806 0.032131
vt 0.034806 0.032131
vt 0.094873 0.907308
vt 0.094873 0.907308
vt 0.094873 0.907308
vt 0.033459 0.908324
vt 0.033459 0.908324
vt 0.094873 0.907308
vt 0.094873 0.907308
vt 0.033458 0.908324
vt 0.033459 0.908324
vt 0.094873 0.907308
vt 0.094873 0.907308
vt 0.094873 0.907308
vt 0.033458 0.908324
vt 0.033459 0.908324
vt 0.094873 0.907308
vt 0.094873 0.907308
vt 0.094873 0.907308
vt 0.033458 0.908323
vt 0.033458 0.908324
vt 0.033458 0.908324
vt 0.033458 0.908323
vt 0.033458 0.908324
vt 0.033458 0.908323
vt 0.033459 0.908324
vt 0.033459 0.908324
vt 0.033459 0.908324
vt 0.033459 0.908323
vt 0.033459 0.908323
vt 0.033459 0.908323
vt 0.094873 0.907308
vt 0.094873 0.907308
vt 0.094873 0.907308
vt 0.094873 0.907308
vt 0.094873 0.907308
vt 0.094873 0.907308
vt 0.094873 0.907308
vt 0.094873 0.907308
vt 0.094873 0.907308
vt 0.094873 0.907308
vt 0.033459 0.908324
vt 0.033459 0.908324
vt 0.094873 0.907308
vt 0.094873 0.907308
vt 0.094873 0.907308
vt 0.094873 0.907308
vt 0.033459 0.908323
vt 0.033459 0.908323
vt 0.033459 0.908323
vt 0.033459 0.908323
vt 0.033459 0.908323
vt 0.033459 0.908323
vt 0.033459 0.908323
vt 0.033459 0.908323
vt 0.094873 0.907308
vt 0.094873 0.907308
vt 0.094873 0.907308
vt 0.094873 0.907308
vt 0.094873 0.907308
vt 0.094873 0.907308
vt 0.094873 0.907308
vt 0.094873 0.907308
vt 0.094873 0.907308
vt 0.094873 0.907308
vt 0.094873 0.907308
vt 0.094873 0.907308
vt 0.094873 0.907308
vt 0.094873 0.907308
vt 0.094873 0.907308
vt 0.094873 0.907308
vt 0.094873 0.907308
vt 0.094873 0.907308
vt 0.094873 0.907308
vt 0.094873 0.907308
vt 0.094873 0.907308
vt 0.094873 0.907308
vt 0.094873 0.907308
vt 0.094873 0.907308
vt 0.094873 0.907308
vt 0.094873 0.907308
vt 0.094873 0.907308
vt 0.094873 0.907308
vt 0.094873 0.907308
vt 0.094873 0.907308
vt 0.094873 0.907308
vt 0.094873 0.907308
vt 0.094873 0.907308
vt 0.094873 0.907308
vt 0.094873 0.907308
vt 0.094873 0.907308
vt 0.033459 0.908324
vt 0.033459 0.908324
vt 0.033459 0.908324
vt 0.033459 0.908324
vt 0.094873 0.907308
vt 0.094873 0.907308
vt 0.094873 0.907308
vt 0.094873 0.907308
vt 0.094873 0.907308
vt 0.094873 0.907308
vt 0.094873 0.907308
vt 0.094873 0.907308
vt 0.094873 0.907308
vt 0.094873 0.907308
vt 0.094873 0.907308
vt 0.094873 0.907308
vt 0.094873 0.907308
vt 0.094873 0.907308
vt 0.281638 0.910682
vt 0.281638 0.910682
vt 0.281638 0.910682
vt 0.281638 0.910682
vt 0.281638 0.910682
vt 0.281638 0.910682
vt 0.281638 0.910682
vt 0.281638 0.910682
vt 0.281638 0.910682
vt 0.281638 0.910682
vt 0.281638 0.910682
vt 0.281638 0.910682
vt 0.033459 0.908324
vt 0.033459 0.908324
vt 0.033459 0.908324
vt 0.033459 0.908324
vt 0.033459 0.908324
vt 0.033459 0.908324
vt 0.033459 0.908324
vt 0.033459 0.908324
vt 0.033459 0.908324
vt 0.033459 0.908324
vt 0.033459 0.908324
vt 0.033459 0.908324
vt 0.033459 0.908324
vt 0.033459 0.908324
vt 0.033459 0.908324
vt 0.033459 0.908324
vt 0.033459 0.908324
vt 0.033459 0.908324
vt 0.033459 0.908324
vt 0.033459 0.908324
vt 0.033459 0.908324
vt 0.033459 0.908324
vt 0.033459 0.908324
vt 0.033459 0.908324
vt 0.033459 0.908324
vt 0.033459 0.908324
vt 0.033459 0.908324
vt 0.033459 0.908324
vt 0.033459 0.908324
vt 0.033459 0.908324
vt 0.033459 0.908324
vt 0.033459 0.908324
vt 0.033459 0.908324
vt 0.033459 0.908324
vt 0.034806 0.032131
vt 0.034806 0.032131
vt 0.034806 0.032131
vt 0.034806 0.032131
vt 0.034806 0.032131
vt 0.034806 0.032131
vt 0.034806 0.032131
vt 0.034806 0.032131
vt 0.034806 0.032131
vt 0.034806 0.032131
vt 0.034806 0.032131
vt 0.034806 0.032131
vt 0.034806 0.032131
vt 0.034806 0.032131
vt 0.033459 0.908324
vt 0.033458 0.908324
vt 0.033459 0.908323
vt 0.033459 0.908323
vt 0.033459 0.908323
vt 0.033459 0.908323
vt 0.033459 0.908324
vt 0.033459 0.908324
vt 0.033459 0.908324
vt 0.033459 0.908324
vt 0.033459 0.908324
vt 0.094873 0.907308
vt 0.033459 0.908324
vt 0.033459 0.908324
vt 0.033459 0.908324
vt 0.033459 0.908324
vt 0.033459 0.908324
vt 0.033459 0.908324
vt 0.033459 0.908324
vt 0.033459 0.908324
vt 0.033459 0.908324
vt 0.094873 0.907308
vt 0.094873 0.907308
vt 0.094873 0.907308
vt 0.094873 0.907308
vt 0.094873 0.907308
vt 0.094873 0.907308
vt 0.094873 0.907308
vt 0.033459 0.908323
vt 0.033459 0.908323
vt 0.033459 0.908323
vt 0.033459 0.908323
vt 0.033459 0.908323
vt 0.094873 0.907308
vt 0.094873 0.907308
vt 0.094873 0.907308
vt 0.094873 0.907308
vt 0.094873 0.907308
vt 0.033459 0.908323
vt 0.033459 0.908323
vt 0.033459 0.908323
vt 0.033459 0.908323
vt 0.094873 0.907308
vt 0.094873 0.907308
vt 0.033459 0.908323
vt 0.033459 0.908323
vt 0.033459 0.908323
vt 0.094873 0.907308
vt 0.094873 0.907308
vt 0.281638 0.910682
vt 0.281638 0.910682
vt 0.281638 0.910682
vt 0.281638 0.910682
vt 0.094873 0.907308
vt 0.094873 0.907308
vt 0.094873 0.907308
vt 0.094873 0.907308
vt 0.281638 0.910682
vt 0.281638 0.910682
vt 0.094873 0.907308
vt 0.094873 0.907308
vt 0.094873 0.907308
vt 0.094873 0.907308
vt 0.094873 0.907308
vt 0.094873 0.907308
vt 0.094873 0.907308
vt 0.094873 0.907308
vt 0.094873 0.907308
vt 0.094873 0.907308
vt 0.281638 0.910682
vt 0.281638 0.910682
vt 0.033459 0.908324
vt 0.033459 0.908324
vt 0.033459 0.908324
vt 0.033459 0.908324
vt 0.033459 0.908324
vt 0.033459 0.908324
vt 0.033459 0.908324
vt 0.033459 0.908324
vt 0.033459 0.908324
vt 0.033459 0.908324
vt 0.033459 0.908324
vt 0.033459 0.908324
vt 0.033459 0.908324
vt 0.033459 0.908324
vt 0.033459 0.908324
vt 0.033459 0.908324
vt 0.033459 0.908324
vt 0.033459 0.908324
vt 0.033459 0.908323
vt 0.033459 0.908323
vt 0.033459 0.908323
vt 0.033459 0.908323
vt 0.033459 0.908324
vt 0.033459 0.908324
vt 0.033459 0.908324
vt 0.033459 0.908324
vt 0.033459 0.908324
vt 0.033459 0.908324
vt 0.033459 0.908324
vt 0.033459 0.908324
vt 0.033459 0.908323
vt 0.033459 0.908323
vt 0.033459 0.908323
vt 0.033459 0.908323
vt 0.033459 0.908323
vt 0.033459 0.908323
vt 0.033459 0.908323
vt 0.033459 0.908323
vt 0.033459 0.908323
vt 0.033459 0.908323
vt 0.033459 0.908323
vt 0.033459 0.908323
vt 0.033459 0.908323
vt 0.033459 0.908323
vt 0.033459 0.908324
vt 0.033459 0.908324
vt 0.033459 0.908324
vt 0.033459 0.908324
vt 0.033459 0.908324
vt 0.033459 0.908324
vt 0.033459 0.908324
vt 0.033459 0.908324
vt 0.033459 0.908324
vt 0.033459 0.908324
vt 0.033459 0.908324
vt 0.033459 0.908323
vt 0.033459 0.908323
vt 0.033459 0.908324
vt 0.033459 0.908323
vt 0.033459 0.908323
vt 0.033459 0.908324
vt 0.033459 0.908324
vt 0.033459 0.908324
vt 0.033459 0.908324
vt 0.033459 0.908323
vt 0.033459 0.908323
vt 0.033459 0.908324
vt 0.033459 0.908324
vt 0.033459 0.908323
vt 0.033459 0.908323
vt 0.033459 0.908323
vt 0.033459 0.908323
vt 0.033459 0.908323
vt 0.033459 0.908323
vt 0.033459 0.908324
vt 0.033459 0.908324
vt 0.033459 0.908323
vt 0.033459 0.908323
vt 0.033459 0.908323
vt 0.033459 0.908323
vt 0.033459 0.908324
vt 0.033459 0.908324
vt 0.033459 0.908324
vt 0.033459 0.908324
vt 0.033459 0.908324
vt 0.033459 0.908324
vt 0.033459 0.908324
vt 0.033459 0.908324
vt 0.094873 0.907308
vt 0.094873 0.907308
vt 0.094873 0.907308
vt 0.094873 0.907308
vt 0.033459 0.908324
vt 0.033459 0.908324
vt 0.033459 0.908324
vt 0.033459 0.908324
vt 0.094873 0.907308
vt 0.094873 0.907308
vt 0.094873 0.907308
vt 0.094873 0.907308
vt 0.094873 0.907308
vt 0.094873 0.907308
vt 0.094873 0.907308
vt 0.094873 0.907308
vt 0.094873 0.907308
vt 0.094873 0.907308
vt 0.094873 0.907308
vt 0.094873 0.907308
vt 0.094873 0.907308
vt 0.094873 0.907308
vt 0.094873 0.907308
vt 0.094873 0.907308
vt 0.094873 0.907308
vt 0.094873 0.907308
vt 0.094873 0.907308
vt 0.094873 0.907308
vt 0.094873 0.907308
vt 0.094873 0.907308
vt 0.094873 0.907308
vt 0.094873 0.907308
vt 0.094873 0.907308
vt 0.094873 0.907308
vt 0.094873 0.907308
vt 0.094873 0.907308
vt 0.094873 0.907308
vt 0.094873 0.907308
vt 0.094873 0.907308
vt 0.094873 0.907308
vt 0.094873 0.907308
vt 0.094873 0.907308
vt 0.094873 0.907308
vt 0.094873 0.907308
vt 0.094873 0.907308
vt 0.094873 0.907308
vt 0.094873 0.907308
vt 0.094873 0.907308
vt 0.094873 0.907308
vt 0.094873 0.907308
vt 0.094873 0.907308
vt 0.094873 0.907308
vt 0.094873 0.907308
vt 0.094873 0.907308
vt 0.281638 0.910682
vt 0.281638 0.910682
vt 0.033459 0.908324
vt 0.033459 0.908324
vt 0.033459 0.908324
vt 0.033459 0.908324
vt 0.033459 0.908324
vt 0.033459 0.908324
vt 0.033459 0.908324
vt 0.033459 0.908324
vt 0.033459 0.908324
vt 0.033459 0.908324
vt 0.033459 0.908324
vt 0.033459 0.908324
vt 0.281638 0.910682
vt 0.281638 0.910682
vt 0.281638 0.910682
vt 0.033459 0.908324
vt 0.033459 0.908324
vt 0.219925 0.907234
vt 0.219925 0.907234
vt 0.219925 0.907234
vt 0.219925 0.907234
vt 0.219925 0.907234
vt 0.219925 0.907234
vt 0.219925 0.907234
vt 0.219925 0.907234
vt 0.219925 0.907234
vt 0.219925 0.907234
vt 0.219925 0.907235
vt 0.219925 0.907234
vt 0.219925 0.907234
vt 0.219925 0.907234
vt 0.219925 0.907234
vt 0.219925 0.907234
vt 0.219925 0.907234
vt 0.219925 0.907234
vt 0.219925 0.907234
vt 0.219925 0.907234
vt 0.219925 0.907234
vt 0.219925 0.907234
vt 0.219925 0.907234
vt 0.219925 0.907234
vt 0.219925 0.907234
vt 0.219925 0.907234
vt 0.219925 0.907234
vt 0.219925 0.907234
vt 0.219925 0.907234
vt 0.219925 0.907234
vt 0.219925 0.907234
vt 0.219925 0.907234
vt 0.219925 0.907234
vt 0.219925 0.907234
vt 0.219925 0.907234
vt 0.219925 0.907234
vt 0.219925 0.907234
vt 0.219925 0.907234
vt 0.219925 0.907234
vt 0.219925 0.907234
vt 0.219925 0.907234
vt 0.219925 0.907234
vt 0.219925 0.907234
vt 0.219925 0.907234
vt 0.219925 0.907234
vt 0.219925 0.907234
vt 0.219925 0.907234
vt 0.219925 0.907234
vt 0.219925 0.907234
vt 0.219925 0.907234
vt 0.219925 0.907234
vt 0.219925 0.907234
vt 0.219925 0.907234
vt 0.219925 0.907234
vt 0.219925 0.907234
vt 0.219925 0.907234
vt 0.219925 0.907234
vt 0.219925 0.907234
vt 0.219925 0.907234
vt 0.219925 0.907234
vt 0.219925 0.907234
vt 0.219925 0.907234
vt 0.219925 0.907234
vt 0.094873 0.907309
vt 0.094873 0.907309
vt 0.094873 0.907309
vt 0.094873 0.907309
vt 0.094873 0.907308
vt 0.094873 0.907309
vt 0.094873 0.907309
vt 0.094873 0.907308
vt 0.094873 0.907309
vt 0.094873 0.907309
vt 0.094873 0.907309
vt 0.094873 0.907309
vt 0.094873 0.907308
vt 0.094873 0.907308
vt 0.094873 0.907308
vt 0.094873 0.907308
vt 0.094873 0.907309
vt 0.094873 0.907308
vt 0.094873 0.907308
vt 0.094873 0.907309
vt 0.094873 0.907309
vt 0.094873 0.907309
vt 0.094873 0.907309
vt 0.094873 0.907309
vt 0.094873 0.907308
vt 0.094873 0.907308
vt 0.094873 0.907308
vt 0.094873 0.907308
vt 0.094873 0.907309
vt 0.094873 0.907309
vt 0.094873 0.907309
vt 0.094873 0.907309
vt 0.094873 0.907309
vt 0.094873 0.907309
vt 0.094873 0.907309
vt 0.094873 0.907309
vt 0.033459 0.908324
vt 0.033459 0.908324
vt 0.033459 0.908324
vt 0.033459 0.908324
vt 0.281638 0.910682
vt 0.033459 0.908324
vt 0.033459 0.908324
vt 0.281638 0.910682
vt 0.281638 0.910682
vt 0.033459 0.908324
vt 0.033459 0.908324
vt 0.033459 0.908324
vt 0.033459 0.908324
vt 0.033459 0.908324
vt 0.033459 0.908324
vt 0.281638 0.910682
vt 0.281638 0.910682
vt 0.033459 0.908324
vt 0.033458 0.908324
vt 0.033459 0.908324
vt 0.033458 0.908324
vt 0.033459 0.908324
vt 0.033458 0.908324
vt 0.033458 0.908324
vt 0.033459 0.908324
vt 0.094873 0.907308
vt 0.094873 0.907308
vt 0.094873 0.907308
vt 0.094873 0.907308
vt 0.094873 0.907308
vt 0.033459 0.908324
vt 0.033458 0.908324
vt 0.094873 0.907308
vt 0.033459 0.908324
vt 0.033458 0.908324
vt 0.033459 0.908324
vt 0.033458 0.908324
vt 0.094873 0.907308
vt 0.033459 0.908324
vt 0.033458 0.908324
vt 0.033459 0.908323
vt 0.033458 0.908323
vt 0.033459 0.908323
vt 0.033458 0.908323
vt 0.094873 0.907308
vt 0.094873 0.907308
vt 0.033459 0.908323
vt 0.033458 0.908323
vt 0.033459 0.908323
vt 0.033458 0.908323
vt 0.033459 0.908323
vt 0.033459 0.908323
vt 0.033458 0.908323
vt 0.094873 0.907308
vt 0.033459 0.908323
vt 0.033458 0.908323
vt 0.033459 0.908323
vt 0.033459 0.908323
vt 0.033458 0.908323
vt 0.033459 0.908323
vt 0.033458 0.908323
vt 0.033459 0.908323
vt 0.033458 0.908323
vt 0.033459 0.908323
vt 0.033458 0.908323
vt 0.033459 0.908323
vt 0.033458 0.908323
vt 0.094873 0.907308
vt 0.033458 0.908323
vt 0.033459 0.908323
vt 0.033458 0.908323
vt 0.033459 0.908323
vt 0.094873 0.907308
vt 0.094873 0.907308
vt 0.033459 0.908324
vt 0.033458 0.908324
vt 0.094873 0.907308
vt 0.094873 0.907308
vt 0.094873 0.907308
vt 0.094873 0.907308
vt 0.033458 0.908324
vt 0.033459 0.908324
vt 0.033458 0.908324
vt 0.033458 0.908323
vt 0.033458 0.908323
vt 0.094873 0.907308
vt 0.033459 0.908323
vt 0.033458 0.908323
vt 0.033458 0.908323
vt 0.033458 0.908323
vt 0.094873 0.907308
vt 0.033458 0.908323
vt 0.033458 0.908323
vt 0.033458 0.908323
vt 0.033458 0.908323
vt 0.094873 0.907308
vt 0.033458 0.908323
vt 0.033458 0.908323
vt 0.033458 0.908323
vt 0.033458 0.908323
vt 0.033458 0.908323
vt 0.033458 0.908323
vt 0.033458 0.908323
vt 0.033458 0.908323
vt 0.094873 0.907308
vt 0.033458 0.908324
vt 0.094873 0.907308
vt 0.094873 0.907308
vt 0.094873 0.907308
vt 0.094873 0.907308
vt 0.033458 0.908324
vt 0.033458 0.908324
vt 0.033458 0.908324
vt 0.094873 0.907308
vt 0.033459 0.908324
vt 0.033458 0.908324
vt 0.094873 0.907308
vt 0.094873 0.907308
vt 0.094873 0.907308
vt 0.094873 0.907308
vt 0.094873 0.907308
vt 0.033459 0.908324
vt 0.033458 0.908324
vt 0.094873 0.907308
vt 0.033459 0.908324
vt 0.033458 0.908324
vt 0.033458 0.908324
vt 0.033459 0.908323
vt 0.033458 0.908323
vt 0.094873 0.907308
vt 0.033458 0.908323
vt 0.033458 0.908323
vt 0.033459 0.908323
vt 0.033458 0.908323
vt 0.033459 0.908323
vt 0.033458 0.908323
vt 0.033458 0.908323
vt 0.033458 0.908323
vt 0.094873 0.907308
vt 0.033459 0.908323
vt 0.033458 0.908323
vt 0.094873 0.907308
vt 0.033459 0.908323
vt 0.033458 0.908323
vt 0.033459 0.908323
vt 0.033458 0.908323
vt 0.033459 0.908323
vt 0.033458 0.908323
vt 0.033459 0.908323
vt 0.033458 0.908323
vt 0.094873 0.907308
vt 0.094873 0.907308
vt 0.094873 0.907308
vt 0.033459 0.908324
vt 0.033458 0.908324
vt 0.033459 0.908324
vt 0.033458 0.908324
vt 0.094873 0.907308
vt 0.094873 0.907308
vt 0.094873 0.907308
vt 0.094873 0.907308
vt 0.033459 0.908324
vt 0.033458 0.908324
vt 0.094873 0.907308
vt 0.033459 0.908323
vt 0.033458 0.908323
vt 0.094873 0.907308
vt 0.094873 0.907308
vt 0.094873 0.907308
vt 0.094873 0.907308
vt 0.033459 0.908324
vt 0.033458 0.908324
vt 0.033459 0.908323
vt 0.033458 0.908323
vt 0.094873 0.907308
vt 0.033459 0.908323
vt 0.033458 0.908323
vt 0.033459 0.908323
vt 0.033459 0.908324
vt 0.033458 0.908324
vt 0.033459 0.908323
vt 0.033458 0.908323
vt 0.033459 0.908323
vt 0.033458 0.908323
vt 0.033459 0.908323
vt 0.033458 0.908323
vt 0.033459 0.908323
vt 0.033458 0.908323
vt 0.094873 0.907308
vt 0.094873 0.907308
vt 0.033459 0.908323
vt 0.033458 0.908323
vt 0.033459 0.908323
vt 0.033459 0.908323
vt 0.033458 0.908323
vt 0.033459 0.908323
vt 0.033458 0.908323
vt 0.033459 0.908323
vt 0.033458 0.908323
vt 0.033459 0.908323
vt 0.033458 0.908323
vt 0.094873 0.907308
vt 0.094873 0.907308
vt 0.094873 0.907309
vt 0.094873 0.907308
vt 0.094873 0.907308
vt 0.094873 0.907309
vt 0.094873 0.907309
vt 0.094873 0.907309
vt 0.094873 0.907309
vt 0.094873 0.907309
vt 0.094873 0.907309
vt 0.094873 0.907309
vt 0.094873 0.907309
vt 0.094873 0.907309
vt 0.094873 0.907309
vt 0.094873 0.907309
vt 0.094873 0.907309
vt 0.094873 0.907309
vt 0.094873 0.907309
vt 0.094873 0.907309
vt 0.094873 0.907309
vt 0.094873 0.907309
vt 0.094873 0.907309
vt 0.094873 0.907309
vt 0.094873 0.907309
vt 0.094873 0.907309
vt 0.094873 0.907309
vt 0.094873 0.907309
vt 0.094873 0.907309
vt 0.094873 0.907309
vt 0.094873 0.907309
vt 0.094873 0.907308
vt 0.094873 0.907308
vt 0.094873 0.907308
vt 0.094873 0.907308
vt 0.094873 0.907309
vt 0.094873 0.907309
vt 0.033458 0.908323
vt 0.033459 0.908323
vt 0.033458 0.908323
vt 0.033459 0.908323
vt 0.094873 0.907308
vt 0.094873 0.907308
vt 0.094873 0.907308
vt 0.094873 0.907308
vt 0.094873 0.907308
vt 0.094873 0.907308
vt 0.281638 0.910682
vt 0.281638 0.910682
vt 0.281638 0.910682
vt 0.281638 0.910682
vt 0.281638 0.910682
vt 0.281638 0.910682
vt 0.094873 0.907308
vt 0.094873 0.907308
vt 0.094873 0.907308
vt 0.094873 0.907308
vt 0.281638 0.910682
vt 0.281638 0.910682
vt 0.094873 0.907309
vt 0.094873 0.907309
vt 0.094873 0.907308
vt 0.094873 0.907308
vt 0.094873 0.907308
vt 0.094873 0.907308
vt 0.094873 0.907308
vt 0.094873 0.907308
vt 0.094873 0.907309
vt 0.094873 0.907309
vt 0.094873 0.907309
vt 0.094873 0.907309
vt 0.094873 0.907309
vt 0.094873 0.907309
vt 0.094873 0.907309
vt 0.094873 0.907309
vt 0.094873 0.907309
vt 0.094873 0.907309
vt 0.094873 0.907308
vt 0.094873 0.907309
vt 0.094873 0.907308
vt 0.094873 0.907308
vt 0.094873 0.907308
vt 0.094873 0.907308
vt 0.094873 0.907309
vt 0.094873 0.907309
vt 0.094873 0.907309
vt 0.094873 0.907308
vt 0.094873 0.907308
vt 0.094873 0.907308
vt 0.094873 0.907308
vt 0.094873 0.907308
vt 0.094873 0.907308
vt 0.094873 0.907308
vt 0.094873 0.907308
vt 0.094873 0.907308
vt 0.094873 0.907308
vt 0.094873 0.907308
vt 0.094873 0.907308
vt 0.094873 0.907308
vt 0.094873 0.907308
vt 0.094873 0.907308
vt 0.094873 0.907308
vt 0.094873 0.907308
vt 0.094873 0.907308
vt 0.094873 0.907308
vt 0.094873 0.907308
vt 0.094873 0.907308
vt 0.094873 0.907308
vt 0.094873 0.907308
vt 0.094873 0.907308
vt 0.094873 0.907308
vt 0.094873 0.907308
vt 0.094873 0.907308
vt 0.094873 0.907308
vt 0.094873 0.907308
vt 0.094873 0.907308
vt 0.094873 0.907308
vt 0.033458 0.908323
vt 0.033459 0.908323
vt 0.094873 0.907308
vt 0.281638 0.910682
vt 0.094873 0.907308
vt 0.094873 0.907308
vt 0.033459 0.908324
vt 0.033459 0.908324
vt 0.281638 0.910682
vt 0.281638 0.910682
vt 0.033459 0.908324
vt 0.033459 0.908324
vt 0.033459 0.908324
vt 0.281638 0.910682
vt 0.281638 0.910682
vt 0.281638 0.910682
vt 0.281638 0.910682
vt 0.033459 0.908323
vt 0.033459 0.908323
vt 0.281638 0.910682
vt 0.033459 0.908323
vt 0.033459 0.908323
vt 0.033459 0.908323
vt 0.033459 0.908323
vt 0.033459 0.908324
vt 0.281638 0.910682
vt 0.281638 0.910682
vt 0.281638 0.910682
vt 0.033459 0.908324
vt 0.033459 0.908324
vt 0.033459 0.908324
vt 0.033459 0.908324
vt 0.033459 0.908324
vt 0.033459 0.908324
vt 0.033459 0.908323
vt 0.033459 0.908323
vt 0.033459 0.908324
vt 0.033459 0.908324
vt 0.033459 0.908323
vt 0.033459 0.908323
vt 0.033459 0.908323
vt 0.033459 0.908323
vt 0.033459 0.908323
vt 0.033459 0.908323
vt 0.033459 0.908323
vt 0.033459 0.908324
vt 0.033459 0.908324
vt 0.033459 0.908323
vt 0.033459 0.908323
vt 0.094873 0.907308
vt 0.094873 0.907308
vt 0.094873 0.907308
vt 0.094873 0.907308
vt 0.094873 0.907308
vt 0.094873 0.907308
vt 0.094873 0.907308
vt 0.094873 0.907308
vt 0.094873 0.907308
vt 0.094873 0.907308
vt 0.094873 0.907308
vt 0.094873 0.907308
vt 0.094873 0.907308
vt 0.094873 0.907308
vt 0.094873 0.907308
vt 0.094873 0.907308
vt 0.094873 0.907308
vt 0.094873 0.907308
vt 0.094873 0.907308
vt 0.094873 0.907308
vt 0.094873 0.907308
vt 0.094873 0.907308
vt 0.094873 0.907308
vt 0.094873 0.907308
vt 0.094873 0.907308
vt 0.094873 0.907308
vt 0.094873 0.907308
vt 0.094873 0.907308
vt 0.094873 0.907308
vt 0.094873 0.907308
vt 0.094873 0.907308
vt 0.094873 0.907308
vt 0.094873 0.907308
vt 0.094873 0.907308
vt 0.094873 0.907308
vt 0.094873 0.907308
vt 0.094873 0.907308
vt 0.094873 0.907308
vt 0.094873 0.907308
vt 0.094873 0.907308
vt 0.094873 0.907308
vt 0.094873 0.907308
vt 0.094873 0.907308
vt 0.094873 0.907308
vt 0.094873 0.907308
vt 0.094873 0.907308
vt 0.094873 0.907308
vt 0.094873 0.907308
vt 0.094873 0.907308
vt 0.094873 0.907308
vt 0.094873 0.907308
vt 0.094873 0.907308
vt 0.094873 0.907308
vt 0.094873 0.907308
vt 0.094873 0.907308
vt 0.094873 0.907308
vt 0.094873 0.907308
vt 0.094873 0.907308
vt 0.094873 0.907308
vt 0.094873 0.907308
vt 0.094873 0.907308
vt 0.094873 0.907308
vt 0.094873 0.907308
vt 0.094873 0.907308
vt 0.094873 0.907308
vt 0.094873 0.907308
vt 0.219925 0.907234
vt 0.219925 0.907234
vt 0.219925 0.907233
vt 0.219925 0.907233
vt 0.034806 0.032131
vt 0.034806 0.032131
vt 0.034806 0.032131
vt 0.034806 0.032131
vt 0.034806 0.032131
vt 0.034806 0.032131
vt 0.034806 0.032131
vt 0.034806 0.032131
vt 0.034806 0.032131
vt 0.034806 0.032131
vt 0.034806 0.032131
vt 0.034806 0.032131
vt 0.034806 0.032131
vt 0.034806 0.032131
vt 0.034806 0.032131
vt 0.034806 0.032131
vt 0.034806 0.032131
vt 0.034806 0.032131
vt 0.034806 0.032131
vt 0.034806 0.032131
vt 0.034806 0.032131
vt 0.034806 0.032131
vt 0.034806 0.032131
vt 0.034806 0.032131
vt 0.034806 0.032131
vt 0.034806 0.032131
vt 0.034806 0.032131
vt 0.034806 0.032131
vt 0.034806 0.032131
vt 0.034806 0.032131
vt 0.034806 0.032131
vt 0.034806 0.032131
vt 0.034806 0.032131
vt 0.034806 0.032131
vt 0.034806 0.032131
vt 0.034806 0.032131
vt 0.034806 0.032131
vt 0.034806 0.032131
vt 0.034806 0.032131
vt 0.034806 0.032131
vt 0.034806 0.032131
vt 0.034806 0.032131
vt 0.034806 0.032131
vt 0.034806 0.032131
vt 0.033459 0.908324
vt 0.033459 0.908324
vt 0.033459 0.908324
vt 0.033459 0.908324
vt 0.033459 0.908324
vt 0.033459 0.908324
vt 0.033459 0.908324
vt 0.033459 0.908324
vt 0.033459 0.908324
vt 0.033459 0.908324
vt 0.033459 0.908324
vt 0.033459 0.908324
vt 0.034806 0.032131
vt 0.034806 0.032131
vt 0.034806 0.032131
vt 0.034806 0.032131
vt 0.033459 0.908323
vt 0.033459 0.908323
vt 0.033459 0.908323
vt 0.033459 0.908323
vt 0.033459 0.908324
vt 0.033459 0.908323
vt 0.033459 0.908323
vt 0.033459 0.908324
vt 0.033459 0.908324
vt 0.033459 0.908324
vt 0.033459 0.908324
vt 0.033459 0.908323
vt 0.033459 0.908323
vt 0.033459 0.908323
vt 0.033459 0.908323
vt 0.033459 0.908323
vt 0.033459 0.908323
vt 0.033459 0.908324
vt 0.033459 0.908324
vt 0.033459 0.908324
vt 0.033459 0.908324
vt 0.033459 0.908324
vt 0.033458 0.908324
vt 0.033458 0.908324
vt 0.033458 0.908324
vt 0.033458 0.908324
vt 0.033458 0.908324
vt 0.033458 0.908324
vt 0.033458 0.908324
vt 0.033458 0.908324
vt 0.033459 0.908324
vt 0.033459 0.908324
vt 0.033459 0.908324
vt 0.033459 0.908324
vt 0.033459 0.908324
vt 0.033459 0.908324
vt 0.033459 0.908324
vt 0.033458 0.908324
vt 0.033458 0.908324
vt 0.033458 0.908324
vt 0.033458 0.908324
vt 0.033458 0.908324
vt 0.033458 0.908324
vt 0.033458 0.908324
vt 0.033458 0.908324
vt 0.033458 0.908324
vt 0.033458 0.908324
vt 0.033459 0.908324
vt 0.033459 0.908324
vt 0.033459 0.908324
vt 0.033459 0.908324
vt 0.033459 0.908324
vt 0.033459 0.908324
vt 0.033458 0.908324
vt 0.033459 0.908324
vt 0.033459 0.908324
vt 0.033459 0.908324
vt 0.033459 0.908324
vt 0.033459 0.908324
vt 0.033459 0.908324
vt 0.033458 0.908324
vt 0.033458 0.908324
vt 0.033459 0.908324
vt 0.033459 0.908323
vt 0.033459 0.908323
vt 0.033458 0.908323
vt 0.033458 0.908323
vt 0.033458 0.908323
vt 0.033458 0.908323
vt 0.033459 0.908324
vt 0.033459 0.908324
vt 0.033458 0.908324
vt 0.033458 0.908324
vt 0.033458 0.908324
vt 0.033458 0.908323
vt 0.033458 0.908323
vt 0.033458 0.908323
vt 0.033458 0.908323
vt 0.033459 0.908323
vt 0.033459 0.908323
vt 0.033458 0.908323
vt 0.033458 0.908323
vt 0.034806 0.032131
vt 0.034806 0.032131
vt 0.034806 0.032131
vt 0.034806 0.032131
vt 0.033458 0.908324
vt 0.033458 0.908324
vt 0.033458 0.908324
vt 0.033458 0.908324
vt 0.033459 0.908323
vt 0.033459 0.908323
vt 0.034806 0.032131
vt 0.034806 0.032131
vt 0.034806 0.032131
vt 0.034806 0.032131
vt 0.033458 0.908323
vt 0.033458 0.908323
vt 0.033458 0.908323
vt 0.033459 0.908323
vt 0.033458 0.908323
vt 0.033458 0.908323
vt 0.033458 0.908323
vt 0.033458 0.908323
vt 0.033459 0.908323
vt 0.033459 0.908323
vt 0.033459 0.908323
vt 0.033459 0.908323
vt 0.033459 0.908323
vt 0.033459 0.908323
vt 0.033459 0.908323
vt 0.033458 0.908323
vt 0.033458 0.908323
vt 0.033458 0.908323
vt 0.033458 0.908323
vt 0.033459 0.908323
vt 0.033459 0.908323
vt 0.033459 0.908323
vt 0.033459 0.908323
vt 0.033458 0.908323
vt 0.033458 0.908323
vt 0.033459 0.908323
vt 0.033459 0.908323
vt 0.033458 0.908323
vt 0.033459 0.908323
vt 0.033459 0.908323
vt 0.033458 0.908323
vt 0.033458 0.908323
vt 0.033458 0.908323
vt 0.033458 0.908323
vt 0.033459 0.908323
vt 0.033459 0.908323
vt 0.033459 0.908323
vt 0.034806 0.032131
vt 0.034806 0.032131
vt 0.034806 0.032131
vt 0.034806 0.032131
vt 0.033458 0.908323
vt 0.033458 0.908323
vt 0.033459 0.908323
vt 0.033459 0.908323
vt 0.034806 0.032131
vt 0.034806 0.032131
vt 0.034806 0.032131
vt 0.034806 0.032131
vt 0.034806 0.032131
vt 0.034806 0.032131
vt 0.034806 0.032131
vt 0.034806 0.032131
vt 0.034806 0.032131
vt 0.034806 0.032131
vt 0.034806 0.032131
vt 0.034806 0.032131
vt 0.034806 0.032131
vt 0.034806 0.032131
vt 0.034806 0.032131
vt 0.034806 0.032131
vt 0.034806 0.032131
vt 0.034806 0.032131
vt 0.034806 0.032131
vt 0.034806 0.032131
vt 0.033458 0.908324
vt 0.033458 0.908324
vt 0.033459 0.908324
vt 0.033459 0.908324
vt 0.033458 0.908323
vt 0.033458 0.908323
vt 0.033458 0.908323
vt 0.033458 0.908323
vt 0.033458 0.908323
vt 0.033458 0.908323
vt 0.033458 0.908323
vt 0.033458 0.908323
vt 0.033459 0.908323
vt 0.033459 0.908323
vt 0.033459 0.908323
vt 0.033459 0.908323
vt 0.033459 0.908323
vt 0.033459 0.908324
vt 0.033459 0.908324
vt 0.033459 0.908324
vt 0.033459 0.908324
vt 0.033459 0.908324
vt 0.033458 0.908324
vt 0.033458 0.908324
vt 0.033458 0.908323
vt 0.033458 0.908324
vt 0.033458 0.908323
vt 0.033458 0.908323
vt 0.033459 0.908323
vt 0.033459 0.908323
vt 0.033459 0.908324
vt 0.033459 0.908323
vt 0.033459 0.908323
vt 0.033459 0.908324
vt 0.033459 0.908324
vt 0.033459 0.908324
vt 0.033459 0.908324
vt 0.033459 0.908324
vt 0.033458 0.908323
vt 0.033458 0.908323
vt 0.033458 0.908323
vt 0.033458 0.908323
vt 0.034806 0.032131
vt 0.034806 0.032131
vt 0.034806 0.032131
vt 0.034806 0.032131
vt 0.034806 0.032131
vt 0.034806 0.032131
vt 0.034806 0.032131
vt 0.034806 0.032131
vt 0.033459 0.908323
vt 0.033459 0.908323
vt 0.033459 0.908323
vt 0.033459 0.908323
vt 0.033459 0.908323
vt 0.033459 0.908323
vt 0.033459 0.908323
vt 0.033459 0.908323
vt 0.033458 0.908324
vt 0.033458 0.908324
vt 0.033458 0.908324
vt 0.033458 0.908324
vt 0.033458 0.908323
vt 0.033458 0.908323
vt 0.033458 0.908324
vt 0.033459 0.908323
vt 0.033459 0.908323
vt 0.033459 0.908323
vt 0.034806 0.032131
vt 0.034806 0.032131
vt 0.034806 0.032131
vt 0.034806 0.032131
vt 0.034806 0.032131
vt 0.034806 0.032131
vt 0.034806 0.032131
vt 0.034806 0.032131
vt 0.033458 0.908323
vt 0.033458 0.908323
vt 0.033458 0.908324
vt 0.033458 0.908324
vt 0.033459 0.908324
vt 0.033459 0.908324
vt 0.033458 0.908324
vt 0.033458 0.908324
vt 0.033459 0.908324
vt 0.033458 0.908324
vt 0.033458 0.908324
vt 0.033459 0.908324
vt 0.033458 0.908324
vt 0.033458 0.908324
vt 0.033458 0.908324
vt 0.033458 0.908324
vt 0.033459 0.908324
vt 0.033459 0.908324
vt 0.033459 0.908324
vt 0.033459 0.908323
vt 0.033459 0.908323
vt 0.033459 0.908324
vt 0.033458 0.908323
vt 0.033458 0.908323
vt 0.033458 0.908323
vt 0.033458 0.908324
vt 0.033458 0.908323
vt 0.033458 0.908324
vt 0.033458 0.908323
vt 0.033458 0.908324
vt 0.033458 0.908324
vt 0.033458 0.908323
vt 0.033458 0.908323
vt 0.033458 0.908323
vt 0.033458 0.908323
vt 0.033458 0.908324
vt 0.033458 0.908324
vt 0.033458 0.908323
vt 0.033458 0.908323
vt 0.033458 0.908323
vt 0.033458 0.908323
vt 0.033458 0.908324
vt 0.033458 0.908324
vt 0.033458 0.908323
vt 0.033458 0.908323
vt 0.033458 0.908323
vt 0.033458 0.908324
vt 0.033458 0.908324
vt 0.033458 0.908324
vt 0.033458 0.908324
vt 0.033458 0.908324
vt 0.033458 0.908324
vt 0.033458 0.908323
vt 0.033458 0.908323
vt 0.033458 0.908323
vt 0.033458 0.908323
vt 0.033458 0.908323
vt 0.033458 0.908323
vt 0.033458 0.908323
vt 0.033458 0.908323
vt 0.033458 0.908323
vt 0.033458 0.908324
vt 0.033458 0.908323
vt 0.033459 0.908324
vt 0.033459 0.908324
vt 0.033459 0.908324
vt 0.033459 0.908324
vt 0.033459 0.908324
vt 0.033459 0.908324
vt 0.033459 0.908323
vt 0.033459 0.908323
vt 0.033459 0.908323
vt 0.033459 0.908323
vt 0.033459 0.908324
vt 0.033459 0.908323
vt 0.033459 0.908324
vt 0.033459 0.908323
vt 0.033459 0.908324
vt 0.033459 0.908324
vt 0.033459 0.908324
vt 0.033459 0.908324
vt 0.033459 0.908323
vt 0.033459 0.908323
vt 0.033459 0.908323
vt 0.033459 0.908323
vt 0.033459 0.908323
vt 0.033459 0.908323
vt 0.033459 0.908323
vt 0.033459 0.908323
vt 0.033459 0.908323
vt 0.033459 0.908323
vt 0.033459 0.908324
vt 0.033459 0.908324
vt 0.033459 0.908324
vt 0.033459 0.908324
vt 0.033459 0.908324
vt 0.033459 0.908324
vt 0.033459 0.908324
vt 0.033459 0.908324
vt 0.033459 0.908324
vt 0.033459 0.908324
vt 0.033459 0.908324
vt 0.033459 0.908324
vt 0.033459 0.908324
vt 0.033459 0.908324
vt 0.033459 0.908324
vt 0.033459 0.908324
vt 0.033459 0.908324
vt 0.033459 0.908324
vt 0.033459 0.908324
vt 0.033459 0.908324
vt 0.033459 0.908324
vt 0.033459 0.908324
vt 0.033459 0.908324
vt 0.033459 0.908324
vt 0.033459 0.908324
vt 0.033459 0.908324
vt 0.033459 0.908324
vt 0.033459 0.908324
vt 0.033459 0.908324
vt 0.033459 0.908324
vt 0.033459 0.908324
vt 0.033459 0.908324
vt 0.033459 0.908324
vt 0.033459 0.908324
vt 0.033459 0.908324
vt 0.034806 0.032131
vt 0.034806 0.032131
vt 0.034806 0.032131
vt 0.034806 0.032131
vt 0.034806 0.032131
vt 0.034806 0.032131
vt 0.034806 0.032131
vt 0.034806 0.032131
vt 0.034806 0.032131
vt 0.034806 0.032131
vt 0.034806 0.032131
vt 0.034806 0.032131
vt 0.034806 0.032131
vt 0.034806 0.032131
vt 0.033459 0.908324
vt 0.033459 0.908324
vt 0.033459 0.908324
vt 0.033458 0.908324
vt 0.033458 0.908324
vt 0.033459 0.908324
vt 0.033459 0.908324
vt 0.033459 0.908324
vt 0.033459 0.908324
vt 0.033458 0.908324
vt 0.033458 0.908324
vt 0.033459 0.908324
vt 0.033459 0.908324
vt 0.033458 0.908323
vt 0.033458 0.908323
vt 0.033458 0.908323
vt 0.033458 0.908323
vt 0.033459 0.908323
vt 0.033458 0.908323
vt 0.033458 0.908323
vt 0.033459 0.908323
vt 0.033459 0.908323
vt 0.033458 0.908323
vt 0.033458 0.908323
vt 0.033459 0.908323
vt 0.033458 0.908323
vt 0.033458 0.908323
vt 0.033459 0.908323
vt 0.033459 0.908323
vt 0.033459 0.908323
vt 0.033459 0.908323
vt 0.033459 0.908323
vt 0.033458 0.908323
vt 0.034806 0.032131
vt 0.034806 0.032131
vt 0.034806 0.032131
vt 0.034806 0.032131
vt 0.034806 0.032131
vt 0.034806 0.032131
vt 0.034806 0.032131
vt 0.034806 0.032131
vt 0.034806 0.032131
vt 0.034806 0.032131
vt 0.034806 0.032131
vt 0.034806 0.032131
vt 0.034806 0.032131
vt 0.034806 0.032131
vt 0.034806 0.032131
vt 0.034806 0.032131
vt 0.034806 0.032131
vt 0.034806 0.032131
vt 0.034806 0.032131
vt 0.034806 0.032131
vt 0.034806 0.032131
vt 0.034806 0.032131
vt 0.034806 0.032131
vt 0.034806 0.032131
vt 0.034806 0.032131
vt 0.034806 0.032131
vt 0.034806 0.032131
vt 0.034806 0.032131
vt 0.034806 0.032131
vt 0.034806 0.032131
vt 0.034806 0.032131
vt 0.034806 0.032131
vt 0.034806 0.032131
vt 0.034806 0.032131
vt 0.034806 0.032131
vt 0.034806 0.032131
vt 0.034806 0.032131
vt 0.034806 0.032131
vt 0.034806 0.032131
vt 0.034806 0.032131
vt 0.034806 0.032131
vt 0.034806 0.032131
vt 0.034806 0.032131
vt 0.034806 0.032131
vt 0.033459 0.908324
vt 0.033459 0.908324
vt 0.033459 0.908324
vt 0.033459 0.908324
vt 0.033459 0.908323
vt 0.033459 0.908323
vt 0.033459 0.908324
vt 0.033459 0.908324
vt 0.094873 0.907308
vt 0.094873 0.907308
vt 0.094873 0.907308
vt 0.094873 0.907308
vt 0.033459 0.908324
vt 0.033459 0.908324
vt 0.033459 0.908324
vt 0.034806 0.032131
vt 0.034806 0.032131
vt 0.034806 0.032131
vt 0.034806 0.032131
vt 0.033459 0.908323
vt 0.033459 0.908323
vt 0.033459 0.908323
vt 0.033459 0.908323
vt 0.033459 0.908324
vt 0.033459 0.908323
vt 0.033459 0.908323
vt 0.033459 0.908323
vt 0.033459 0.908323
vt 0.281639 0.910682
vt 0.281639 0.910682
vt 0.281638 0.910682
vt 0.281639 0.910682
vt 0.281638 0.910682
vt 0.281639 0.910682
vt 0.281639 0.910682
vt 0.281638 0.910682
vt 0.094873 0.907308
vt 0.094873 0.907308
vt 0.094873 0.907308
vt 0.094873 0.907308
vt 0.094873 0.907308
vt 0.094873 0.907308
vt 0.094873 0.907308
vt 0.094873 0.907308
vt 0.094873 0.907308
vt 0.094873 0.907308
vt 0.094873 0.907308
vt 0.094873 0.907308
vt 0.094873 0.907308
vt 0.094873 0.907308
vt 0.033459 0.908324
vt 0.033459 0.908324
vt 0.033459 0.908324
vt 0.033459 0.908324
vt 0.033459 0.908324
vt 0.033459 0.908324
vt 0.094873 0.907308
vt 0.094873 0.907309
vt 0.094873 0.907309
vt 0.094873 0.907309
vt 0.094873 0.907309
vt 0.033459 0.908324
vt 0.033459 0.908324
vt 0.033459 0.908324
vt 0.033458 0.908324
vt 0.094873 0.907308
vt 0.094873 0.907308
vt 0.094873 0.907308
vt 0.094873 0.907308
vt 0.033459 0.908324
vt 0.033459 0.908324
vt 0.033459 0.908324
vt 0.033458 0.908324
vt 0.033459 0.908323
vt 0.033459 0.908323
vt 0.033459 0.908323
vt 0.094873 0.907308
vt 0.094873 0.907308
vt 0.094873 0.907308
vt 0.094873 0.907308
vt 0.033459 0.908324
vt 0.033459 0.908324
vt 0.033459 0.908324
vt 0.094873 0.907308
vt 0.094873 0.907308
vt 0.094873 0.907308
vt 0.033459 0.908323
vt 0.033459 0.908323
vt 0.034806 0.032131
vt 0.034806 0.032131
vt 0.034806 0.032131
vt 0.034806 0.032131
vt 0.094873 0.907308
vt 0.033459 0.908324
vt 0.034806 0.032131
vt 0.034806 0.032131
vt 0.034806 0.032131
vt 0.034806 0.032131
vt 0.094873 0.907308
vt 0.094873 0.907308
vt 0.094873 0.907308
vt 0.033459 0.908323
vt 0.033458 0.908323
vt 0.094873 0.907308
vt 0.094873 0.907308
vt 0.094873 0.907308
vt 0.094873 0.907308
vt 0.033459 0.908323
vt 0.033459 0.908323
vt 0.033459 0.908323
vt 0.033459 0.908323
vt 0.033459 0.908323
vt 0.033459 0.908323
vt 0.033459 0.908323
vt 0.033459 0.908323
vt 0.033459 0.908323
vt 0.033459 0.908323
vt 0.094873 0.907308
vt 0.094873 0.907308
vt 0.094873 0.907308
vt 0.094873 0.907308
vt 0.094873 0.907308
vt 0.033459 0.908324
vt 0.033459 0.908324
vt 0.033459 0.908324
vt 0.033458 0.908324
vt 0.094873 0.907308
vt 0.094873 0.907308
vt 0.033459 0.908323
vt 0.033459 0.908323
vt 0.094873 0.907308
vt 0.094873 0.907308
vt 0.094873 0.907308
vt 0.033459 0.908323
vt 0.094873 0.907308
vt 0.033459 0.908323
vt 0.033459 0.908323
vt 0.094873 0.907308
vt 0.094873 0.907308
vt 0.094873 0.907308
vt 0.094873 0.907308
vt 0.094873 0.907308
vt 0.094873 0.907308
vt 0.094873 0.907308
vt 0.094873 0.907308
vt 0.094873 0.907308
vt 0.094873 0.907308
vt 0.094873 0.907308
vt 0.094873 0.907308
vt 0.094873 0.907308
vt 0.094873 0.907308
vt 0.034806 0.032131
vt 0.034806 0.032131
vt 0.034806 0.032131
vt 0.034806 0.032131
vt 0.034806 0.032131
vt 0.034806 0.032131
vt 0.034806 0.032131
vt 0.034806 0.032131
vt 0.034806 0.032131
vt 0.034806 0.032131
vt 0.034806 0.032131
vt 0.034806 0.032131
vt 0.034806 0.032131
vt 0.034806 0.032131
vt 0.034806 0.032131
vt 0.034806 0.032131
vt 0.034806 0.032131
vt 0.034806 0.032131
vt 0.034806 0.032131
vt 0.034806 0.032131
vt 0.034806 0.032131
vt 0.034806 0.032131
vt 0.034806 0.032131
vt 0.034806 0.032131
vt 0.094873 0.907308
vt 0.094873 0.907308
vt 0.094873 0.907308
vt 0.094873 0.907308
vt 0.094873 0.907308
vt 0.094873 0.907308
vt 0.094873 0.907308
vt 0.094873 0.907308
vt 0.094873 0.907308
vt 0.094873 0.907308
vt 0.094873 0.907308
vt 0.033459 0.908323
vt 0.033459 0.908323
vt 0.033459 0.908323
vt 0.033459 0.908323
vt 0.033459 0.908323
vt 0.033459 0.908323
vt 0.033459 0.908323
vt 0.033459 0.908323
vt 0.033459 0.908324
vt 0.033459 0.908324
vt 0.033459 0.908324
vt 0.033459 0.908324
vt 0.033459 0.908323
vt 0.094873 0.907308
vt 0.094873 0.907308
vt 0.033459 0.908324
vt 0.033459 0.908324
vt 0.033459 0.908324
vt 0.033459 0.908324
vt 0.094873 0.907308
vt 0.094873 0.907308
vt 0.094873 0.907308
vt 0.033459 0.908323
vt 0.033459 0.908323
vt 0.033459 0.908324
vt 0.033459 0.908323
vt 0.033458 0.908323
vt 0.033459 0.908323
vt 0.033458 0.908324
vt 0.033459 0.908324
vt 0.094873 0.907308
vt 0.034806 0.032131
vt 0.034806 0.032131
vt 0.034806 0.032131
vt 0.034806 0.032131
vt 0.034806 0.032131
vt 0.034806 0.032131
vt 0.034806 0.032131
vt 0.034806 0.032131
vt 0.033459 0.908323
vt 0.033459 0.908323
vt 0.033459 0.908323
vt 0.033459 0.908323
vt 0.033459 0.908323
vt 0.033459 0.908323
vt 0.033459 0.908323
vt 0.033459 0.908324
vt 0.033458 0.908324
vt 0.033459 0.908323
vt 0.033459 0.908323
vt 0.033459 0.908323
vt 0.034806 0.032131
vt 0.034806 0.032131
vt 0.034806 0.032131
vt 0.034806 0.032131
vt 0.034806 0.032131
vt 0.034806 0.032131
vt 0.034806 0.032131
vt 0.034806 0.032131
vt 0.094873 0.907308
vt 0.094873 0.907308
vt 0.094873 0.907308
vt 0.033459 0.908324
vt 0.033459 0.908324
vt 0.033459 0.908324
vt 0.094873 0.907308
vt 0.094873 0.907308
vt 0.094873 0.907308
vt 0.094873 0.907308
vt 0.094873 0.907308
vt 0.094873 0.907308
vt 0.094873 0.907308
vt 0.033459 0.908324
vt 0.033459 0.908324
vt 0.094873 0.907308
vt 0.094873 0.907308
vt 0.094873 0.907308
vt 0.094873 0.907308
vt 0.033458 0.908324
vt 0.033459 0.908324
vt 0.033459 0.908323
vt 0.033459 0.908323
vt 0.094873 0.907308
vt 0.094873 0.907308
vt 0.094873 0.907308
vt 0.094873 0.907308
vt 0.094873 0.907308
vt 0.094873 0.907308
vt 0.033458 0.908323
vt 0.033458 0.908323
vt 0.033458 0.908324
vt 0.033458 0.908324
vt 0.281638 0.910682
vt 0.281638 0.910682
vt 0.281638 0.910682
vt 0.281638 0.910682
vt 0.281638 0.910682
vt 0.281638 0.910682
vt 0.033459 0.908323
vt 0.033459 0.908323
vt 0.094873 0.907308
vt 0.094873 0.907308
vt 0.094873 0.907308
vt 0.094873 0.907308
vt 0.033459 0.908324
vt 0.094873 0.907308
vt 0.094873 0.907308
vt 0.094873 0.907308
vt 0.094873 0.907308
vt 0.033459 0.908324
vt 0.033459 0.908324
vt 0.033459 0.908324
vt 0.094873 0.907308
vt 0.094873 0.907308
vt 0.094873 0.907308
vt 0.094873 0.907308
vt 0.281639 0.910682
vt 0.033459 0.908323
vt 0.033459 0.908323
vt 0.033459 0.908323
vt 0.033459 0.908323
vt 0.033459 0.908323
vt 0.033459 0.908323
vt 0.033459 0.908323
vt 0.033459 0.908324
vt 0.033459 0.908324
vt 0.033459 0.908324
vt 0.033459 0.908324
vt 0.094873 0.907308
vt 0.094873 0.907308
vt 0.094873 0.907308
vt 0.094873 0.907308
vt 0.094873 0.907309
vt 0.094873 0.907309
vt 0.094873 0.907308
vt 0.094873 0.907309
vt 0.094873 0.907308
vt 0.094873 0.907308
vt 0.094873 0.907309
vt 0.094873 0.907309
vt 0.094873 0.907308
vt 0.033459 0.908324
vt 0.033459 0.908324
vt 0.094873 0.907308
vt 0.094873 0.907308
vt 0.094873 0.907308
vt 0.094873 0.907308
vt 0.094873 0.907308
vt 0.094873 0.907308
vt 0.094873 0.907308
vt 0.094873 0.907308
vt 0.033459 0.908324
vt 0.033459 0.908324
vt 0.094873 0.907308
vt 0.094873 0.907308
vt 0.094873 0.907308
vt 0.094873 0.907308
vt 0.033459 0.908324
vt 0.033459 0.908324
vt 0.033459 0.908324
vt 0.033459 0.908324
vt 0.033459 0.908324
vt 0.033459 0.908324
vt 0.033459 0.908324
vt 0.033459 0.908324
vt 0.033459 0.908324
vt 0.033459 0.908324
vt 0.033459 0.908324
vt 0.033459 0.908324
vt 0.034806 0.032131
vt 0.034806 0.032131
vt 0.034806 0.032131
vt 0.034806 0.032131
vt 0.034806 0.032131
vt 0.034806 0.032131
vt 0.034806 0.032131
vt 0.034806 0.032131
vt 0.034806 0.032131
vt 0.034806 0.032131
vt 0.034806 0.032131
vt 0.034806 0.032131
vt 0.034806 0.032131
vt 0.034806 0.032131
vt 0.033459 0.908324
vt 0.033458 0.908324
vt 0.033459 0.908323
vt 0.033459 0.908323
vt 0.033459 0.908324
vt 0.033459 0.908324
vt 0.033459 0.908324
vt 0.033459 0.908323
vt 0.033459 0.908323
vt 0.033459 0.908324
vt 0.033459 0.908324
vt 0.033459 0.908324
vt 0.033459 0.908324
vt 0.094873 0.907308
vt 0.094873 0.907308
vt 0.094873 0.907308
vt 0.094873 0.907308
vt 0.094873 0.907308
vt 0.033459 0.908324
vt 0.033459 0.908324
vt 0.033459 0.908324
vt 0.033459 0.908324
vt 0.033459 0.908324
vt 0.033459 0.908324
vt 0.033459 0.908324
vt 0.094873 0.907308
vt 0.094873 0.907308
vt 0.094873 0.907308
vt 0.094873 0.907308
vt 0.094873 0.907308
vt 0.094873 0.907308
vt 0.033459 0.908323
vt 0.033459 0.908323
vt 0.094873 0.907308
vt 0.094873 0.907308
vt 0.094873 0.907308
vt 0.094873 0.907308
vt 0.094873 0.907308
vt 0.033459 0.908323
vt 0.033459 0.908323
vt 0.033459 0.908323
vt 0.094873 0.907308
vt 0.094873 0.907308
vt 0.033459 0.908323
vt 0.033459 0.908324
vt 0.033459 0.908324
vt 0.033459 0.908324
vt 0.033458 0.908324
vt 0.034806 0.032131
vt 0.034806 0.032131
vt 0.034806 0.032131
vt 0.034806 0.032131
vt 0.034806 0.032131
vt 0.034806 0.032131
vt 0.034806 0.032131
vt 0.034806 0.032131
vt 0.034806 0.032131
vt 0.034806 0.032131
vt 0.034806 0.032131
vt 0.034806 0.032131
vt 0.034806 0.032131
vt 0.034806 0.032131
vt 0.034806 0.032131
vt 0.034806 0.032131
vt 0.034806 0.032131
vt 0.034806 0.032131
vt 0.034806 0.032131
vt 0.034806 0.032131
vt 0.034806 0.032131
vt 0.034806 0.032131
vt 0.034806 0.032131
vt 0.034806 0.032131
vt 0.034806 0.032131
vt 0.034806 0.032131
vt 0.034806 0.032131
vt 0.034806 0.032131
vt 0.034806 0.032131
vt 0.034806 0.032131
vt 0.034806 0.032131
vt 0.034806 0.032131
vt 0.034806 0.032131
vt 0.034806 0.032131
vt 0.034806 0.032131
vt 0.034806 0.032131
vt 0.034806 0.032131
vt 0.034806 0.032131
vt 0.034806 0.032131
vt 0.034806 0.032131
vt 0.033459 0.908324
vt 0.033459 0.908324
vt 0.033459 0.908324
vt 0.033459 0.908324
vt 0.033459 0.908323
vt 0.033459 0.908323
vt 0.033459 0.908324
vt 0.033459 0.908324
vt 0.034806 0.032131
vt 0.034806 0.032131
vt 0.034806 0.032131
vt 0.034806 0.032131
vt 0.033459 0.908323
vt 0.033459 0.908323
vt 0.033459 0.908323
vt 0.033459 0.908323
vt 0.033459 0.908324
vt 0.033459 0.908323
vt 0.033459 0.908323
vt 0.033459 0.908323
vt 0.033459 0.908323
vt 0.033459 0.908324
vt 0.033459 0.908324
vt 0.033459 0.908324
vt 0.033459 0.908324
vt 0.033459 0.908324
vt 0.094873 0.907308
vt 0.094873 0.907308
vt 0.094873 0.907308
vt 0.094873 0.907308
vt 0.094873 0.907308
vt 0.094873 0.907308
vt 0.033459 0.908324
vt 0.033459 0.908324
vt 0.033459 0.908324
vt 0.033459 0.908324
vt 0.094873 0.907308
vt 0.094873 0.907308
vt 0.094873 0.907308
vt 0.094873 0.907308
vt 0.094873 0.907308
vt 0.033459 0.908324
vt 0.033459 0.908324
vt 0.033459 0.908324
vt 0.033458 0.908324
vt 0.033459 0.908324
vt 0.033459 0.908324
vt 0.033458 0.908324
vt 0.033459 0.908324
vt 0.033459 0.908324
vt 0.033459 0.908324
vt 0.033459 0.908324
vt 0.033459 0.908324
vt 0.033458 0.908324
vt 0.033459 0.908323
vt 0.033459 0.908323
vt 0.033458 0.908323
vt 0.033458 0.908323
vt 0.094873 0.907308
vt 0.094873 0.907308
vt 0.094873 0.907308
vt 0.094873 0.907308
vt 0.033459 0.908324
vt 0.033459 0.908324
vt 0.094873 0.907308
vt 0.094873 0.907308
vt 0.033459 0.908323
vt 0.033459 0.908323
vt 0.034806 0.032131
vt 0.034806 0.032131
vt 0.034806 0.032131
vt 0.034806 0.032131
vt 0.094873 0.907308
vt 0.033459 0.908324
vt 0.033458 0.908324
vt 0.034806 0.032131
vt 0.034806 0.032131
vt 0.034806 0.032131
vt 0.034806 0.032131
vt 0.094873 0.907308
vt 0.094873 0.907308
vt 0.094873 0.907308
vt 0.033459 0.908323
vt 0.033458 0.908323
vt 0.094873 0.907308
vt 0.094873 0.907308
vt 0.094873 0.907308
vt 0.094873 0.907308
vt 0.033459 0.908323
vt 0.033459 0.908323
vt 0.033458 0.908323
vt 0.033459 0.908323
vt 0.033459 0.908323
vt 0.033459 0.908323
vt 0.033459 0.908323
vt 0.033459 0.908323
vt 0.094873 0.907308
vt 0.094873 0.907308
vt 0.094873 0.907308
vt 0.094873 0.907308
vt 0.094873 0.907308
vt 0.094873 0.907308
vt 0.033459 0.908323
vt 0.033459 0.908323
vt 0.094873 0.907308
vt 0.033459 0.908323
vt 0.033459 0.908323
vt 0.094873 0.907308
vt 0.094873 0.907308
vt 0.094873 0.907308
vt 0.033459 0.908323
vt 0.033459 0.908323
vt 0.094873 0.907308
vt 0.033459 0.908323
vt 0.033459 0.908323
vt 0.094873 0.907308
vt 0.033458 0.908323
vt 0.094873 0.907308
vt 0.094873 0.907308
vt 0.094873 0.907308
vt 0.034806 0.032131
vt 0.034806 0.032131
vt 0.034806 0.032131
vt 0.034806 0.032131
vt 0.034806 0.032131
vt 0.034806 0.032131
vt 0.034806 0.032131
vt 0.034806 0.032131
vt 0.034806 0.032131
vt 0.034806 0.032131
vt 0.034806 0.032131
vt 0.034806 0.032131
vt 0.034806 0.032131
vt 0.034806 0.032131
vt 0.034806 0.032131
vt 0.034806 0.032131
vt 0.034806 0.032131
vt 0.034806 0.032131
vt 0.034806 0.032131
vt 0.034806 0.032131
vt 0.034806 0.032131
vt 0.034806 0.032131
vt 0.034806 0.032131
vt 0.034806 0.032131
vt 0.094873 0.907308
vt 0.094873 0.907308
vt 0.094873 0.907308
vt 0.094873 0.907308
vt 0.094873 0.907308
vt 0.094873 0.907308
vt 0.094873 0.907308
vt 0.094873 0.907308
vt 0.094873 0.907308
vt 0.094873 0.907308
vt 0.094873 0.907308
vt 0.033459 0.908323
vt 0.033459 0.908323
vt 0.033459 0.908323
vt 0.033459 0.908323
vt 0.033459 0.908323
vt 0.033459 0.908323
vt 0.033459 0.908323
vt 0.033459 0.908323
vt 0.033459 0.908324
vt 0.033459 0.908324
vt 0.033459 0.908324
vt 0.033459 0.908324
vt 0.033459 0.908323
vt 0.033458 0.908323
vt 0.094873 0.907308
vt 0.033458 0.908323
vt 0.094873 0.907308
vt 0.033459 0.908324
vt 0.033459 0.908324
vt 0.033458 0.908324
vt 0.033459 0.908324
vt 0.033459 0.908324
vt 0.094873 0.907308
vt 0.094873 0.907308
vt 0.094873 0.907308
vt 0.033459 0.908323
vt 0.033459 0.908323
vt 0.033459 0.908324
vt 0.033459 0.908323
vt 0.033458 0.908323
vt 0.033458 0.908323
vt 0.033458 0.908323
vt 0.094873 0.907308
vt 0.094873 0.907308
vt 0.034806 0.032131
vt 0.034806 0.032131
vt 0.034806 0.032131
vt 0.034806 0.032131
vt 0.034806 0.032131
vt 0.034806 0.032131
vt 0.034806 0.032131
vt 0.034806 0.032131
vt 0.033459 0.908323
vt 0.033459 0.908323
vt 0.033459 0.908323
vt 0.033459 0.908323
vt 0.033459 0.908323
vt 0.033459 0.908323
vt 0.033459 0.908323
vt 0.033459 0.908324
vt 0.033458 0.908324
vt 0.033459 0.908323
vt 0.033459 0.908323
vt 0.033459 0.908323
vt 0.034806 0.032131
vt 0.034806 0.032131
vt 0.034806 0.032131
vt 0.034806 0.032131
vt 0.034806 0.032131
vt 0.034806 0.032131
vt 0.034806 0.032131
vt 0.034806 0.032131
vt 0.094873 0.907308
vt 0.094873 0.907308
vt 0.094873 0.907308
vt 0.033459 0.908324
vt 0.033459 0.908324
vt 0.094873 0.907308
vt 0.094873 0.907308
vt 0.033458 0.908324
vt 0.033459 0.908324
vt 0.033459 0.908324
vt 0.094873 0.907308
vt 0.033459 0.908324
vt 0.033459 0.908324
vt 0.033458 0.908324
vt 0.033459 0.908323
vt 0.033459 0.908323
vt 0.094873 0.907308
vt 0.033458 0.908323
vt 0.033458 0.908323
vt 0.033458 0.908324
vt 0.033458 0.908324
vt 0.033459 0.908324
vt 0.033459 0.908324
vt 0.033459 0.908324
vt 0.033459 0.908324
vt 0.033459 0.908324
vt 0.033459 0.908324
vt 0.033459 0.908323
vt 0.033459 0.908323
vt 0.094873 0.907308
vt 0.094873 0.907308
vt 0.094873 0.907308
vt 0.094873 0.907308
vt 0.033459 0.908324
vt 0.094873 0.907308
vt 0.094873 0.907308
vt 0.094873 0.907308
vt 0.094873 0.907308
vt 0.033459 0.908324
vt 0.033459 0.908324
vt 0.094873 0.907308
vt 0.094873 0.907308
vt 0.094873 0.907308
vt 0.094873 0.907308
vt 0.033459 0.908323
vt 0.033459 0.908323
vt 0.033459 0.908323
vt 0.033459 0.908323
vt 0.033459 0.908323
vt 0.033459 0.908323
vt 0.033459 0.908323
vt 0.033459 0.908324
vt 0.033459 0.908324
vt 0.033459 0.908324
vt 0.033459 0.908324
vt 0.033459 0.908324
vt 0.033459 0.908324
vt 0.033459 0.908324
vt 0.033459 0.908324
vt 0.033459 0.908324
vt 0.033459 0.908324
vt 0.033459 0.908324
vt 0.033459 0.908324
vt 0.033459 0.908324
vt 0.033459 0.908324
vt 0.033459 0.908324
vt 0.033459 0.908324
vt 0.033459 0.908324
vt 0.033459 0.908324
vt 0.033459 0.908324
vt 0.033459 0.908324
vt 0.033459 0.908324
vt 0.033459 0.908324
vt 0.033459 0.908324
vt 0.033459 0.908324
vt 0.033459 0.908324
vt 0.033459 0.908324
vt 0.033459 0.908324
vt 0.033459 0.908324
vt 0.033459 0.908324
vt 0.033459 0.908324
vt 0.033459 0.908324
vt 0.034806 0.032131
vt 0.034806 0.032131
vt 0.034806 0.032131
vt 0.034806 0.032131
vt 0.034806 0.032131
vt 0.034806 0.032131
vt 0.034806 0.032131
vt 0.034806 0.032131
vt 0.034806 0.032131
vt 0.034806 0.032131
vt 0.034806 0.032131
vt 0.034806 0.032131
vt 0.034806 0.032131
vt 0.034806 0.032131
vt 0.033459 0.908324
vt 0.033458 0.908324
vt 0.033459 0.908323
vt 0.033459 0.908323
vt 0.033459 0.908323
vt 0.033459 0.908323
vt 0.033459 0.908324
vt 0.033459 0.908324
vt 0.033459 0.908324
vt 0.033459 0.908324
vt 0.094873 0.907308
vt 0.033459 0.908324
vt 0.033459 0.908324
vt 0.033459 0.908324
vt 0.033459 0.908324
vt 0.033459 0.908324
vt 0.094873 0.907308
vt 0.094873 0.907308
vt 0.094873 0.907308
vt 0.094873 0.907308
vt 0.094873 0.907308
vt 0.094873 0.907308
vt 0.033459 0.908323
vt 0.033458 0.908323
vt 0.033458 0.908323
vt 0.033459 0.908323
vt 0.094873 0.907308
vt 0.094873 0.907308
vt 0.094873 0.907308
vt 0.094873 0.907308
vt 0.094873 0.907308
vt 0.033459 0.908323
vt 0.033459 0.908323
vt 0.033458 0.908323
vt 0.094873 0.907308
vt 0.094873 0.907308
vt 0.033459 0.908323
vt 0.033459 0.908323
vt 0.033458 0.908323
vt 0.033459 0.908323
vt 0.033458 0.908323
vt 0.034806 0.032131
vt 0.034806 0.032131
vt 0.034806 0.032131
vt 0.034806 0.032131
vt 0.034806 0.032131
vt 0.034806 0.032131
vt 0.034806 0.032131
vt 0.034806 0.032131
vt 0.034806 0.032131
vt 0.034806 0.032131
vt 0.034806 0.032131
vt 0.034806 0.032131
vt 0.034806 0.032131
vt 0.034806 0.032131
vt 0.034806 0.032131
vt 0.034806 0.032131
vt 0.034806 0.032131
vt 0.034806 0.032131
vt 0.034806 0.032131
vt 0.034806 0.032131
vt 0.034806 0.032131
vt 0.034806 0.032131
vt 0.034806 0.032131
vt 0.034806 0.032131
vt 0.034806 0.032131
vt 0.034806 0.032131
vt 0.034806 0.032131
vt 0.034806 0.032131
vt 0.034806 0.032131
vt 0.034806 0.032131
vt 0.034806 0.032131
vt 0.034806 0.032131
vt 0.034806 0.032131
vt 0.034806 0.032131
vt 0.034806 0.032131
vt 0.034806 0.032131
vt 0.034806 0.032131
vt 0.034806 0.032131
vt 0.034806 0.032131
vt 0.034806 0.032131
vt 0.033459 0.908324
vt 0.033459 0.908324
vt 0.033459 0.908324
vt 0.033459 0.908324
vt 0.033459 0.908323
vt 0.033459 0.908323
vt 0.033459 0.908324
vt 0.033459 0.908324
vt 0.034806 0.032131
vt 0.034806 0.032131
vt 0.034806 0.032131
vt 0.034806 0.032131
vt 0.033459 0.908323
vt 0.033459 0.908323
vt 0.033459 0.908323
vt 0.033459 0.908323
vt 0.033459 0.908324
vt 0.033459 0.908324
vt 0.033459 0.908324
vt 0.033459 0.908323
vt 0.033459 0.908323
vt 0.033459 0.908323
vt 0.033459 0.908323
vt 0.033459 0.908323
vt 0.033459 0.908323
vt 0.033459 0.908324
vt 0.033459 0.908324
vt 0.033459 0.908324
vt 0.033459 0.908324
vt 0.033459 0.908324
vt 0.094873 0.907308
vt 0.094873 0.907308
vt 0.094873 0.907308
vt 0.094873 0.907308
vt 0.094873 0.907308
vt 0.094873 0.907308
vt 0.094873 0.907308
vt 0.094873 0.907308
vt 0.033459 0.908324
vt 0.033459 0.908324
vt 0.033459 0.908324
vt 0.033459 0.908324
vt 0.033459 0.908324
vt 0.094873 0.907308
vt 0.033459 0.908324
vt 0.033459 0.908324
vt 0.033459 0.908324
vt 0.094873 0.907308
vt 0.033459 0.908324
vt 0.033459 0.908324
vt 0.094873 0.907308
vt 0.033459 0.908324
vt 0.033459 0.908324
vt 0.033459 0.908324
vt 0.033459 0.908324
vt 0.033458 0.908324
vt 0.033459 0.908323
vt 0.033459 0.908323
vt 0.033459 0.908323
vt 0.033458 0.908323
vt 0.094873 0.907308
vt 0.094873 0.907308
vt 0.094873 0.907308
vt 0.094873 0.907308
vt 0.033459 0.908324
vt 0.033459 0.908324
vt 0.033459 0.908324
vt 0.033459 0.908324
vt 0.094873 0.907308
vt 0.094873 0.907308
vt 0.094873 0.907308
vt 0.094873 0.907308
vt 0.033459 0.908323
vt 0.033459 0.908323
vt 0.034806 0.032131
vt 0.034806 0.032131
vt 0.034806 0.032131
vt 0.034806 0.032131
vt 0.094873 0.907308
vt 0.033459 0.908323
vt 0.033459 0.908323
vt 0.033459 0.908324
vt 0.033458 0.908324
vt 0.034806 0.032131
vt 0.034806 0.032131
vt 0.034806 0.032131
vt 0.034806 0.032131
vt 0.094873 0.907308
vt 0.094873 0.907308
vt 0.094873 0.907308
vt 0.033459 0.908323
vt 0.094873 0.907308
vt 0.094873 0.907308
vt 0.094873 0.907308
vt 0.094873 0.907308
vt 0.033459 0.908323
vt 0.033459 0.908323
vt 0.033459 0.908323
vt 0.033459 0.908323
vt 0.033459 0.908323
vt 0.033459 0.908323
vt 0.033459 0.908323
vt 0.033459 0.908323
vt 0.094873 0.907308
vt 0.094873 0.907308
vt 0.094873 0.907308
vt 0.094873 0.907308
vt 0.094873 0.907308
vt 0.094873 0.907308
vt 0.033459 0.908323
vt 0.033459 0.908323
vt 0.094873 0.907308
vt 0.033459 0.908323
vt 0.033459 0.908323
vt 0.094873 0.907308
vt 0.094873 0.907308
vt 0.094873 0.907308
vt 0.033459 0.908323
vt 0.033459 0.908323
vt 0.094873 0.907308
vt 0.033459 0.908323
vt 0.094873 0.907308
vt 0.094873 0.907308
vt 0.094873 0.907308
vt 0.094873 0.907308
vt 0.034806 0.032131
vt 0.034806 0.032131
vt 0.034806 0.032131
vt 0.034806 0.032131
vt 0.033459 0.908323
vt 0.033459 0.908323
vt 0.034806 0.032131
vt 0.034806 0.032131
vt 0.034806 0.032131
vt 0.034806 0.032131
vt 0.034806 0.032131
vt 0.034806 0.032131
vt 0.034806 0.032131
vt 0.034806 0.032131
vt 0.034806 0.032131
vt 0.034806 0.032131
vt 0.034806 0.032131
vt 0.034806 0.032131
vt 0.034806 0.032131
vt 0.034806 0.032131
vt 0.034806 0.032131
vt 0.034806 0.032131
vt 0.034806 0.032131
vt 0.034806 0.032131
vt 0.034806 0.032131
vt 0.034806 0.032131
vt 0.094873 0.907308
vt 0.094873 0.907308
vt 0.094873 0.907308
vt 0.094873 0.907308
vt 0.094873 0.907308
vt 0.094873 0.907308
vt 0.094873 0.907308
vt 0.094873 0.907308
vt 0.094873 0.907308
vt 0.094873 0.907308
vt 0.094873 0.907308
vt 0.033459 0.908323
vt 0.033459 0.908323
vt 0.033459 0.908323
vt 0.033459 0.908323
vt 0.033459 0.908323
vt 0.033459 0.908324
vt 0.033459 0.908324
vt 0.033459 0.908324
vt 0.033459 0.908324
vt 0.033459 0.908323
vt 0.033458 0.908323
vt 0.094873 0.907308
vt 0.033459 0.908323
vt 0.094873 0.907308
vt 0.033459 0.908324
vt 0.033459 0.908324
vt 0.033459 0.908324
vt 0.033459 0.908324
vt 0.094873 0.907308
vt 0.094873 0.907308
vt 0.094873 0.907308
vt 0.033459 0.908323
vt 0.033459 0.908323
vt 0.033459 0.908324
vt 0.033459 0.908323
vt 0.033459 0.908323
vt 0.033458 0.908323
vt 0.033459 0.908323
vt 0.094873 0.907308
vt 0.033459 0.908323
vt 0.094873 0.907308
vt 0.034806 0.032131
vt 0.034806 0.032131
vt 0.034806 0.032131
vt 0.034806 0.032131
vt 0.034806 0.032131
vt 0.034806 0.032131
vt 0.034806 0.032131
vt 0.034806 0.032131
vt 0.033459 0.908323
vt 0.033459 0.908323
vt 0.033459 0.908323
vt 0.033459 0.908323
vt 0.033459 0.908323
vt 0.033459 0.908323
vt 0.033459 0.908323
vt 0.033459 0.908323
vt 0.033459 0.908324
vt 0.033458 0.908324
vt 0.033459 0.908323
vt 0.033459 0.908323
vt 0.033459 0.908323
vt 0.034806 0.032131
vt 0.034806 0.032131
vt 0.034806 0.032131
vt 0.034806 0.032131
vt 0.034806 0.032131
vt 0.034806 0.032131
vt 0.034806 0.032131
vt 0.034806 0.032131
vt 0.094873 0.907308
vt 0.094873 0.907308
vt 0.094873 0.907308
vt 0.033459 0.908324
vt 0.033459 0.908324
vt 0.033459 0.908324
vt 0.033459 0.908324
vt 0.094873 0.907308
vt 0.094873 0.907308
vt 0.033458 0.908324
vt 0.033459 0.908324
vt 0.033459 0.908324
vt 0.094873 0.907308
vt 0.094873 0.907308
vt 0.094873 0.907308
vt 0.033459 0.908324
vt 0.033459 0.908324
vt 0.033459 0.908323
vt 0.033459 0.908323
vt 0.033459 0.908324
vt 0.094873 0.907308
vt 0.094873 0.907308
vt 0.033458 0.908323
vt 0.033458 0.908323
vt 0.033458 0.908324
vt 0.033458 0.908324
vt 0.033459 0.908324
vt 0.033459 0.908324
vt 0.033459 0.908324
vt 0.033459 0.908324
vt 0.033459 0.908324
vt 0.033459 0.908324
vt 0.033459 0.908323
vt 0.033459 0.908323
vt 0.094873 0.907308
vt 0.094873 0.907308
vt 0.094873 0.907308
vt 0.094873 0.907308
vt 0.033459 0.908324
vt 0.094873 0.907308
vt 0.094873 0.907308
vt 0.094873 0.907308
vt 0.094873 0.907308
vt 0.033459 0.908324
vt 0.033459 0.908324
vt 0.094873 0.907308
vt 0.094873 0.907308
vt 0.094873 0.907308
vt 0.094873 0.907308
vt 0.033459 0.908323
vt 0.033459 0.908323
vt 0.033459 0.908323
vt 0.033459 0.908323
vt 0.033459 0.908323
vt 0.033459 0.908323
vt 0.033459 0.908323
vt 0.033459 0.908324
vt 0.033459 0.908324
vt 0.033459 0.908324
vt 0.033459 0.908324
vt 0.033459 0.908324
vt 0.033459 0.908324
vt 0.033459 0.908324
vt 0.033459 0.908324
vt 0.033459 0.908324
vt 0.033459 0.908324
vt 0.033459 0.908324
vt 0.033459 0.908324
vt 0.033459 0.908324
vt 0.033459 0.908324
vt 0.033459 0.908324
vt 0.033459 0.908324
vt 0.033459 0.908324
vt 0.033459 0.908324
vt 0.033459 0.908324
vt 0.033459 0.908324
vt 0.033459 0.908324
vt 0.033459 0.908324
vt 0.033459 0.908324
vt 0.033459 0.908324
vt 0.033459 0.908324
vt 0.033459 0.908324
vt 0.033459 0.908324
vt 0.033459 0.908324
vt 0.033459 0.908324
vt 0.033459 0.908324
vt 0.033459 0.908324
vt 0.034806 0.032131
vt 0.034806 0.032131
vt 0.034806 0.032131
vt 0.034806 0.032131
vt 0.034806 0.032131
vt 0.034806 0.032131
vt 0.034806 0.032131
vt 0.034806 0.032131
vt 0.034806 0.032131
vt 0.034806 0.032131
vt 0.034806 0.032131
vt 0.034806 0.032131
vt 0.034806 0.032131
vt 0.034806 0.032131
vt 0.033459 0.908324
vt 0.033458 0.908324
vt 0.033459 0.908323
vt 0.033459 0.908323
vt 0.033459 0.908323
vt 0.033459 0.908323
vt 0.033459 0.908324
vt 0.033459 0.908324
vt 0.033459 0.908324
vt 0.033459 0.908324
vt 0.094873 0.907308
vt 0.033459 0.908324
vt 0.033459 0.908324
vt 0.033459 0.908324
vt 0.033459 0.908324
vt 0.033459 0.908324
vt 0.094873 0.907308
vt 0.094873 0.907308
vt 0.094873 0.907308
vt 0.094873 0.907308
vt 0.094873 0.907308
vt 0.094873 0.907308
vt 0.094873 0.907308
vt 0.033459 0.908323
vt 0.033459 0.908323
vt 0.033458 0.908323
vt 0.033459 0.908323
vt 0.094873 0.907308
vt 0.094873 0.907308
vt 0.094873 0.907308
vt 0.094873 0.907308
vt 0.094873 0.907308
vt 0.033459 0.908323
vt 0.033459 0.908323
vt 0.033459 0.908323
vt 0.094873 0.907308
vt 0.094873 0.907308
vt 0.033459 0.908323
vt 0.033459 0.908323
vt 0.033459 0.908323
vt 0.034806 0.032131
vt 0.034806 0.032131
vt 0.034806 0.032131
vt 0.034806 0.032131
vt 0.034806 0.032131
vt 0.034806 0.032131
vt 0.034806 0.032131
vt 0.034806 0.032131
vt 0.034806 0.032131
vt 0.034806 0.032131
vt 0.034806 0.032131
vt 0.034806 0.032131
vt 0.034806 0.032131
vt 0.034806 0.032131
vt 0.034806 0.032131
vt 0.034806 0.032131
vt 0.034806 0.032131
vt 0.034806 0.032131
vt 0.034806 0.032131
vt 0.034806 0.032131
vt 0.034806 0.032131
vt 0.034806 0.032131
vt 0.034806 0.032131
vt 0.034806 0.032131
vt 0.034806 0.032131
vt 0.034806 0.032131
vt 0.034806 0.032131
vt 0.034806 0.032131
vt 0.034806 0.032131
vt 0.034806 0.032131
vt 0.034806 0.032131
vt 0.034806 0.032131
vt 0.034806 0.032131
vt 0.034806 0.032131
vt 0.034806 0.032131
vt 0.034806 0.032131
vt 0.034806 0.032131
vt 0.034806 0.032131
vt 0.034806 0.032131
vt 0.034806 0.032131
vt 0.033459 0.908324
vt 0.033459 0.908324
vt 0.033459 0.908324
vt 0.033459 0.908324
vt 0.033459 0.908323
vt 0.033459 0.908323
vt 0.033459 0.908324
vt 0.033459 0.908324
vt 0.034806 0.032131
vt 0.034806 0.032131
vt 0.034806 0.032131
vt 0.034806 0.032131
vt 0.033459 0.908323
vt 0.033459 0.908323
vt 0.033459 0.908323
vt 0.033459 0.908323
vt 0.094873 0.907308
vt 0.094873 0.907308
vt 0.094873 0.907308
vt 0.094873 0.907308
vt 0.094873 0.907308
vt 0.094873 0.907308
vt 0.094873 0.907308
vt 0.094873 0.907308
vt 0.033459 0.908324
vt 0.033459 0.908324
vt 0.033459 0.908324
vt 0.033459 0.908324
vt 0.094873 0.907308
vt 0.094873 0.907308
vt 0.033459 0.908324
vt 0.033459 0.908324
vt 0.033459 0.908324
vt 0.033458 0.908324
vt 0.033459 0.908324
vt 0.033459 0.908324
vt 0.033458 0.908324
vt 0.033459 0.908324
vt 0.033459 0.908324
vt 0.033459 0.908324
vt 0.033459 0.908324
vt 0.033459 0.908324
vt 0.033458 0.908324
vt 0.033459 0.908323
vt 0.033459 0.908323
vt 0.033459 0.908323
vt 0.094873 0.907308
vt 0.094873 0.907308
vt 0.094873 0.907308
vt 0.094873 0.907308
vt 0.033459 0.908324
vt 0.033459 0.908324
vt 0.033459 0.908324
vt 0.033459 0.908324
vt 0.094873 0.907308
vt 0.094873 0.907308
vt 0.094873 0.907308
vt 0.094873 0.907308
vt 0.033459 0.908323
vt 0.033459 0.908323
vt 0.034806 0.032131
vt 0.034806 0.032131
vt 0.034806 0.032131
vt 0.034806 0.032131
vt 0.094873 0.907308
vt 0.033459 0.908323
vt 0.033459 0.908323
vt 0.033459 0.908324
vt 0.033458 0.908324
vt 0.034806 0.032131
vt 0.034806 0.032131
vt 0.034806 0.032131
vt 0.034806 0.032131
vt 0.094873 0.907308
vt 0.094873 0.907308
vt 0.094873 0.907308
vt 0.033459 0.908323
vt 0.094873 0.907308
vt 0.094873 0.907308
vt 0.094873 0.907308
vt 0.094873 0.907308
vt 0.033459 0.908323
vt 0.033459 0.908323
vt 0.033459 0.908323
vt 0.033459 0.908323
vt 0.033459 0.908323
vt 0.033459 0.908323
vt 0.033459 0.908323
vt 0.033459 0.908323
vt 0.033459 0.908323
vt 0.033459 0.908323
vt 0.033459 0.908323
vt 0.094873 0.907308
vt 0.094873 0.907308
vt 0.094873 0.907308
vt 0.094873 0.907308
vt 0.094873 0.907308
vt 0.033459 0.908323
vt 0.033458 0.908323
vt 0.094873 0.907308
vt 0.094873 0.907308
vt 0.033459 0.908323
vt 0.033459 0.908323
vt 0.033459 0.908323
vt 0.094873 0.907308
vt 0.094873 0.907308
vt 0.094873 0.907308
vt 0.033459 0.908323
vt 0.094873 0.907308
vt 0.033459 0.908323
vt 0.033459 0.908323
vt 0.094873 0.907308
vt 0.033459 0.908323
vt 0.033459 0.908323
vt 0.033459 0.908323
vt 0.033458 0.908323
vt 0.094873 0.907308
vt 0.094873 0.907308
vt 0.094873 0.907308
vt 0.034806 0.032131
vt 0.034806 0.032131
vt 0.034806 0.032131
vt 0.034806 0.032131
vt 0.034806 0.032131
vt 0.034806 0.032131
vt 0.034806 0.032131
vt 0.034806 0.032131
vt 0.034806 0.032131
vt 0.034806 0.032131
vt 0.034806 0.032131
vt 0.034806 0.032131
vt 0.034806 0.032131
vt 0.034806 0.032131
vt 0.034806 0.032131
vt 0.034806 0.032131
vt 0.034806 0.032131
vt 0.034806 0.032131
vt 0.034806 0.032131
vt 0.034806 0.032131
vt 0.034806 0.032131
vt 0.034806 0.032131
vt 0.034806 0.032131
vt 0.034806 0.032131
vt 0.094873 0.907308
vt 0.094873 0.907308
vt 0.094873 0.907308
vt 0.094873 0.907308
vt 0.094873 0.907308
vt 0.094873 0.907308
vt 0.094873 0.907308
vt 0.094873 0.907308
vt 0.094873 0.907308
vt 0.094873 0.907308
vt 0.094873 0.907308
vt 0.033459 0.908323
vt 0.033459 0.908323
vt 0.033459 0.908323
vt 0.033459 0.908323
vt 0.033459 0.908323
vt 0.033459 0.908323
vt 0.033459 0.908324
vt 0.033459 0.908324
vt 0.033459 0.908324
vt 0.033459 0.908324
vt 0.033459 0.908323
vt 0.094873 0.907308
vt 0.033459 0.908324
vt 0.094873 0.907308
vt 0.033459 0.908324
vt 0.033459 0.908324
vt 0.033459 0.908324
vt 0.033459 0.908324
vt 0.033459 0.908324
vt 0.033459 0.908324
vt 0.033459 0.908324
vt 0.094873 0.907308
vt 0.094873 0.907308
vt 0.094873 0.907308
vt 0.033459 0.908323
vt 0.033459 0.908323
vt 0.033459 0.908324
vt 0.033458 0.908323
vt 0.033459 0.908323
vt 0.094873 0.907308
vt 0.094873 0.907308
vt 0.034806 0.032131
vt 0.034806 0.032131
vt 0.034806 0.032131
vt 0.034806 0.032131
vt 0.034806 0.032131
vt 0.034806 0.032131
vt 0.034806 0.032131
vt 0.034806 0.032131
vt 0.033459 0.908324
vt 0.033458 0.908324
vt 0.034806 0.032131
vt 0.034806 0.032131
vt 0.034806 0.032131
vt 0.034806 0.032131
vt 0.034806 0.032131
vt 0.034806 0.032131
vt 0.034806 0.032131
vt 0.034806 0.032131
vt 0.094873 0.907308
vt 0.094873 0.907308
vt 0.094873 0.907308
vt 0.033459 0.908324
vt 0.033459 0.908324
vt 0.094873 0.907308
vt 0.094873 0.907308
vt 0.033458 0.908324
vt 0.033459 0.908324
vt 0.094873 0.907308
vt 0.094873 0.907308
vt 0.094873 0.907308
vt 0.033458 0.908324
vt 0.033459 0.908324
vt 0.094873 0.907308
vt 0.094873 0.907308
vt 0.094873 0.907308
vt 0.033458 0.908323
vt 0.033458 0.908323
vt 0.033458 0.908324
vt 0.033458 0.908324
vt 0.033459 0.908324
vt 0.033459 0.908324
vt 0.033459 0.908324
vt 0.033459 0.908323
vt 0.033459 0.908323
vt 0.094873 0.907308
vt 0.094873 0.907308
vt 0.094873 0.907308
vt 0.094873 0.907308
vt 0.094873 0.907308
vt 0.094873 0.907308
vt 0.094873 0.907308
vt 0.094873 0.907308
vt 0.033459 0.908324
vt 0.033459 0.908324
vt 0.094873 0.907308
vt 0.094873 0.907308
vt 0.094873 0.907308
vt 0.094873 0.907308
vt 0.033459 0.908323
vt 0.033459 0.908323
vt 0.033459 0.908323
vt 0.033459 0.908323
vt 0.033459 0.908323
vt 0.033459 0.908323
vt 0.033459 0.908323
vt 0.094873 0.907308
vt 0.094873 0.907308
vt 0.094873 0.907308
vt 0.094873 0.907308
vt 0.094873 0.907308
vt 0.094873 0.907308
vt 0.094873 0.907308
vt 0.094873 0.907308
vt 0.094873 0.907308
vt 0.094873 0.907308
vt 0.094873 0.907308
vt 0.094873 0.907308
vt 0.094873 0.907308
vt 0.094873 0.907308
vt 0.094873 0.907308
vt 0.094873 0.907308
vt 0.094873 0.907308
vt 0.094873 0.907308
vt 0.094873 0.907308
vt 0.094873 0.907308
vt 0.094873 0.907308
vt 0.094873 0.907308
vt 0.094873 0.907308
vt 0.094873 0.907308
vt 0.094873 0.907308
vt 0.094873 0.907308
vt 0.094873 0.907308
vt 0.094873 0.907308
vt 0.094873 0.907308
vt 0.094873 0.907308
vt 0.094873 0.907308
vt 0.094873 0.907308
vt 0.094873 0.907308
vt 0.094873 0.907308
vt 0.033459 0.908324
vt 0.033459 0.908324
vt 0.033459 0.908324
vt 0.033459 0.908324
vt 0.094873 0.907308
vt 0.094873 0.907308
vt 0.094873 0.907308
vt 0.094873 0.907308
vt 0.094873 0.907308
vt 0.094873 0.907308
vt 0.094873 0.907308
vt 0.094873 0.907308
vt 0.094873 0.907308
vt 0.094873 0.907308
vt 0.094873 0.907308
vt 0.094873 0.907308
vt 0.094873 0.907308
vt 0.094873 0.907308
vt 0.281638 0.910682
vt 0.281638 0.910682
vt 0.281638 0.910682
vt 0.281638 0.910682
vt 0.281638 0.910682
vt 0.281638 0.910682
vt 0.281638 0.910682
vt 0.281638 0.910682
vt 0.281638 0.910682
vt 0.281638 0.910682
vt 0.033459 0.908324
vt 0.033459 0.908324
vt 0.033459 0.908324
vt 0.033459 0.908324
vt 0.033459 0.908324
vt 0.033459 0.908324
vt 0.033459 0.908324
vt 0.033459 0.908324
vt 0.033459 0.908324
vt 0.033459 0.908324
vt 0.033459 0.908324
vt 0.033459 0.908324
vt 0.033459 0.908324
vt 0.033459 0.908324
vt 0.033459 0.908324
vt 0.033459 0.908324
vt 0.033459 0.908324
vt 0.033459 0.908324
vt 0.033459 0.908324
vt 0.033459 0.908324
vt 0.033459 0.908324
vt 0.033459 0.908324
vt 0.033459 0.908324
vt 0.033459 0.908324
vt 0.033459 0.908324
vt 0.033459 0.908324
vt 0.033459 0.908324
vt 0.033459 0.908324
vt 0.033459 0.908324
vt 0.033459 0.908324
vt 0.033459 0.908324
vt 0.033459 0.908324
vt 0.033459 0.908324
vt 0.034806 0.032131
vt 0.034806 0.032131
vt 0.034806 0.032131
vt 0.034806 0.032131
vt 0.034806 0.032131
vt 0.034806 0.032131
vt 0.034806 0.032131
vt 0.034806 0.032131
vt 0.034806 0.032131
vt 0.034806 0.032131
vt 0.034806 0.032131
vt 0.034806 0.032131
vt 0.034806 0.032131
vt 0.034806 0.032131
vt 0.033459 0.908324
vt 0.033458 0.908324
vt 0.033459 0.908323
vt 0.033459 0.908323
vt 0.033459 0.908324
vt 0.033459 0.908323
vt 0.033459 0.908323
vt 0.033459 0.908324
vt 0.033459 0.908324
vt 0.033459 0.908324
vt 0.033459 0.908324
vt 0.094873 0.907308
vt 0.033459 0.908324
vt 0.033459 0.908324
vt 0.033459 0.908324
vt 0.033459 0.908324
vt 0.033459 0.908324
vt 0.094873 0.907308
vt 0.094873 0.907308
vt 0.094873 0.907308
vt 0.094873 0.907308
vt 0.094873 0.907308
vt 0.094873 0.907308
vt 0.094873 0.907308
vt 0.033459 0.908323
vt 0.033459 0.908323
vt 0.033459 0.908323
vt 0.033459 0.908323
vt 0.033459 0.908323
vt 0.094873 0.907308
vt 0.094873 0.907308
vt 0.094873 0.907308
vt 0.094873 0.907308
vt 0.094873 0.907308
vt 0.033459 0.908323
vt 0.033459 0.908323
vt 0.033459 0.908323
vt 0.033459 0.908323
vt 0.094873 0.907308
vt 0.094873 0.907308
vt 0.033459 0.908323
vt 0.033459 0.908323
vt 0.033459 0.908323
vt 0.094873 0.907308
vt 0.094873 0.907308
vt 0.281638 0.910682
vt 0.281638 0.910682
vt 0.281638 0.910682
vt 0.281638 0.910682
vt 0.094873 0.907308
vt 0.094873 0.907308
vt 0.094873 0.907308
vt 0.094873 0.907308
vt 0.281638 0.910682
vt 0.281638 0.910682
vt 0.094873 0.907308
vt 0.094873 0.907308
vt 0.094873 0.907308
vt 0.094873 0.907308
vt 0.094873 0.907308
vt 0.094873 0.907308
vt 0.094873 0.907308
vt 0.094873 0.907308
vt 0.094873 0.907308
vt 0.094873 0.907308
vt 0.281638 0.910682
vt 0.281638 0.910682
vt 0.033459 0.908324
vt 0.033459 0.908324
vt 0.033459 0.908324
vt 0.033459 0.908324
vt 0.033459 0.908324
vt 0.033459 0.908324
vt 0.033459 0.908324
vt 0.033459 0.908324
vt 0.033459 0.908324
vt 0.033459 0.908324
vt 0.033459 0.908324
vt 0.033459 0.908324
vt 0.033459 0.908324
vt 0.033459 0.908324
vt 0.033459 0.908324
vt 0.033459 0.908324
vt 0.033459 0.908324
vt 0.033459 0.908324
vt 0.033459 0.908323
vt 0.033459 0.908323
vt 0.033459 0.908323
vt 0.033459 0.908323
vt 0.033459 0.908324
vt 0.033459 0.908324
vt 0.033459 0.908324
vt 0.033459 0.908324
vt 0.033459 0.908324
vt 0.033459 0.908324
vt 0.033459 0.908324
vt 0.033459 0.908324
vt 0.033459 0.908323
vt 0.033459 0.908323
vt 0.033459 0.908323
vt 0.033459 0.908323
vt 0.033459 0.908323
vt 0.033459 0.908323
vt 0.033459 0.908323
vt 0.033459 0.908323
vt 0.033459 0.908323
vt 0.033459 0.908323
vt 0.033459 0.908323
vt 0.033459 0.908323
vt 0.033459 0.908324
vt 0.033459 0.908324
vt 0.033459 0.908324
vt 0.033459 0.908324
vt 0.033459 0.908324
vt 0.033459 0.908324
vt 0.033459 0.908324
vt 0.033459 0.908324
vt 0.033459 0.908324
vt 0.033459 0.908324
vt 0.033459 0.908324
vt 0.033459 0.908324
vt 0.033459 0.908323
vt 0.033459 0.908323
vt 0.033459 0.908323
vt 0.033459 0.908323
vt 0.033459 0.908324
vt 0.033459 0.908324
vt 0.033459 0.908324
vt 0.033459 0.908324
vt 0.033459 0.908323
vt 0.033459 0.908323
vt 0.033459 0.908323
vt 0.033459 0.908323
vt 0.033459 0.908323
vt 0.033459 0.908323
vt 0.033459 0.908323
vt 0.033459 0.908323
vt 0.033459 0.908324
vt 0.033459 0.908324
vt 0.033459 0.908323
vt 0.033459 0.908323
vt 0.033459 0.908323
vt 0.033459 0.908323
vt 0.033459 0.908324
vt 0.033459 0.908324
vt 0.033459 0.908324
vt 0.033459 0.908324
vt 0.033459 0.908324
vt 0.033459 0.908324
vt 0.033459 0.908324
vt 0.033459 0.908324
vt 0.094873 0.907308
vt 0.094873 0.907308
vt 0.094873 0.907308
vt 0.094873 0.907308
vt 0.033459 0.908324
vt 0.033459 0.908324
vt 0.033459 0.908324
vt 0.033459 0.908324
vt 0.094873 0.907308
vt 0.094873 0.907308
vt 0.094873 0.907308
vt 0.094873 0.907308
vt 0.094873 0.907308
vt 0.094873 0.907308
vt 0.094873 0.907308
vt 0.094873 0.907308
vt 0.094873 0.907308
vt 0.094873 0.907308
vt 0.094873 0.907308
vt 0.094873 0.907308
vt 0.094873 0.907308
vt 0.094873 0.907308
vt 0.094873 0.907308
vt 0.094873 0.907308
vt 0.094873 0.907308
vt 0.094873 0.907308
vt 0.094873 0.907308
vt 0.094873 0.907308
vt 0.094873 0.907308
vt 0.094873 0.907308
vt 0.094873 0.907308
vt 0.094873 0.907308
vt 0.094873 0.907308
vt 0.094873 0.907308
vt 0.094873 0.907308
vt 0.094873 0.907308
vt 0.094873 0.907308
vt 0.094873 0.907308
vt 0.094873 0.907308
vt 0.094873 0.907308
vt 0.094873 0.907308
vt 0.094873 0.907308
vt 0.094873 0.907308
vt 0.094873 0.907308
vt 0.094873 0.907308
vt 0.094873 0.907308
vt 0.094873 0.907308
vt 0.094873 0.907308
vt 0.094873 0.907308
vt 0.094873 0.907308
vt 0.094873 0.907308
vt 0.094873 0.907308
vt 0.281638 0.910682
vt 0.281638 0.910682
vt 0.033459 0.908324
vt 0.033459 0.908324
vt 0.033459 0.908324
vt 0.033459 0.908324
vt 0.033459 0.908324
vt 0.033459 0.908324
vt 0.033459 0.908324
vt 0.033459 0.908324
vt 0.033459 0.908324
vt 0.033459 0.908324
vt 0.033459 0.908324
vt 0.033459 0.908324
vt 0.281638 0.910682
vt 0.281638 0.910682
vt 0.281638 0.910682
vt 0.033459 0.908324
vt 0.033459 0.908324
vt 0.219925 0.907234
vt 0.219925 0.907234
vt 0.219925 0.907234
vt 0.219925 0.907234
vt 0.219925 0.907234
vt 0.219925 0.907234
vt 0.219925 0.907234
vt 0.219925 0.907234
vt 0.219925 0.907234
vt 0.219925 0.907235
vt 0.219925 0.907234
vt 0.219925 0.907234
vt 0.219925 0.907234
vt 0.219925 0.907234
vt 0.219925 0.907234
vt 0.219925 0.907234
vt 0.219925 0.907234
vt 0.219925 0.907234
vt 0.219925 0.907234
vt 0.219925 0.907234
vt 0.219925 0.907234
vt 0.219925 0.907234
vt 0.219925 0.907234
vt 0.219925 0.907234
vt 0.219925 0.907234
vt 0.219925 0.907234
vt 0.219925 0.907234
vt 0.219925 0.907234
vt 0.219925 0.907234
vt 0.219925 0.907234
vt 0.219925 0.907234
vt 0.219925 0.907234
vt 0.219925 0.907234
vt 0.219925 0.907234
vt 0.219925 0.907234
vt 0.219925 0.907234
vt 0.219925 0.907234
vt 0.219925 0.907234
vt 0.219925 0.907234
vt 0.219925 0.907234
vt 0.219925 0.907234
vt 0.219925 0.907234
vt 0.219925 0.907234
vt 0.219925 0.907234
vt 0.219925 0.907234
vt 0.219925 0.907234
vt 0.219925 0.907234
vt 0.219925 0.907234
vt 0.219925 0.907234
vt 0.219925 0.907234
vt 0.219925 0.907234
vt 0.219925 0.907234
vt 0.219925 0.907234
vt 0.219925 0.907234
vt 0.219925 0.907234
vt 0.219925 0.907234
vt 0.219925 0.907234
vt 0.219925 0.907234
vt 0.219925 0.907234
vt 0.219925 0.907234
vt 0.219925 0.907234
vt 0.094873 0.907309
vt 0.094873 0.907309
vt 0.094873 0.907309
vt 0.094873 0.907309
vt 0.094873 0.907308
vt 0.094873 0.907308
vt 0.094873 0.907309
vt 0.094873 0.907309
vt 0.094873 0.907309
vt 0.094873 0.907309
vt 0.094873 0.907308
vt 0.094873 0.907308
vt 0.094873 0.907308
vt 0.094873 0.907308
vt 0.094873 0.907309
vt 0.094873 0.907309
vt 0.094873 0.907308
vt 0.094873 0.907308
vt 0.094873 0.907309
vt 0.094873 0.907309
vt 0.094873 0.907309
vt 0.094873 0.907309
vt 0.094873 0.907308
vt 0.094873 0.907308
vt 0.094873 0.907308
vt 0.094873 0.907308
vt 0.094873 0.907309
vt 0.094873 0.907309
vt 0.094873 0.907309
vt 0.094873 0.907309
vt 0.094873 0.907309
vt 0.094873 0.907309
vt 0.033459 0.908324
vt 0.033459 0.908324
vt 0.033459 0.908324
vt 0.033459 0.908324
vt 0.281638 0.910682
vt 0.281638 0.910682
vt 0.281638 0.910682
vt 0.033459 0.908324
vt 0.033459 0.908324
vt 0.033459 0.908324
vt 0.033459 0.908324
vt 0.033459 0.908324
vt 0.033459 0.908324
vt 0.281638 0.910682
vt 0.033459 0.908324
vt 0.033458 0.908324
vt 0.033459 0.908324
vt 0.033458 0.908324
vt 0.033459 0.908324
vt 0.033458 0.908324
vt 0.033459 0.908324
vt 0.033458 0.908324
vt 0.094873 0.907308
vt 0.094873 0.907308
vt 0.094873 0.907308
vt 0.094873 0.907308
vt 0.094873 0.907308
vt 0.033459 0.908324
vt 0.033458 0.908324
vt 0.094873 0.907308
vt 0.033459 0.908324
vt 0.033458 0.908324
vt 0.033459 0.908324
vt 0.033458 0.908324
vt 0.094873 0.907308
vt 0.033459 0.908324
vt 0.033458 0.908324
vt 0.033459 0.908323
vt 0.033458 0.908323
vt 0.033459 0.908323
vt 0.033458 0.908323
vt 0.094873 0.907308
vt 0.094873 0.907308
vt 0.033459 0.908323
vt 0.033459 0.908323
vt 0.033458 0.908323
vt 0.033459 0.908323
vt 0.033458 0.908323
vt 0.033459 0.908323
vt 0.033458 0.908323
vt 0.094873 0.907308
vt 0.033459 0.908323
vt 0.033459 0.908323
vt 0.033458 0.908323
vt 0.033459 0.908323
vt 0.033458 0.908323
vt 0.033459 0.908323
vt 0.033458 0.908323
vt 0.033459 0.908323
vt 0.033458 0.908323
vt 0.033459 0.908323
vt 0.033458 0.908323
vt 0.033459 0.908323
vt 0.033458 0.908323
vt 0.033459 0.908323
vt 0.033458 0.908323
vt 0.033459 0.908323
vt 0.033458 0.908323
vt 0.094873 0.907308
vt 0.094873 0.907308
vt 0.033459 0.908324
vt 0.033458 0.908324
vt 0.094873 0.907308
vt 0.094873 0.907308
vt 0.094873 0.907308
vt 0.094873 0.907308
vt 0.033458 0.908324
vt 0.033459 0.908324
vt 0.033458 0.908324
vt 0.033458 0.908323
vt 0.033458 0.908323
vt 0.094873 0.907308
vt 0.033459 0.908323
vt 0.033458 0.908323
vt 0.033458 0.908323
vt 0.033458 0.908323
vt 0.094873 0.907308
vt 0.033458 0.908323
vt 0.033458 0.908323
vt 0.033458 0.908323
vt 0.033458 0.908323
vt 0.094873 0.907308
vt 0.033458 0.908323
vt 0.033458 0.908323
vt 0.033458 0.908323
vt 0.033458 0.908323
vt 0.033458 0.908323
vt 0.033458 0.908323
vt 0.033458 0.908323
vt 0.033458 0.908323
vt 0.033458 0.908324
vt 0.094873 0.907308
vt 0.094873 0.907308
vt 0.094873 0.907308
vt 0.094873 0.907308
vt 0.033458 0.908324
vt 0.033458 0.908324
vt 0.033458 0.908324
vt 0.094873 0.907308
vt 0.033459 0.908324
vt 0.033458 0.908324
vt 0.094873 0.907308
vt 0.094873 0.907308
vt 0.094873 0.907308
vt 0.094873 0.907308
vt 0.094873 0.907308
vt 0.033459 0.908324
vt 0.033458 0.908324
vt 0.094873 0.907308
vt 0.033459 0.908324
vt 0.033458 0.908324
vt 0.033458 0.908324
vt 0.033459 0.908323
vt 0.033458 0.908323
vt 0.094873 0.907308
vt 0.033458 0.908323
vt 0.033458 0.908323
vt 0.033459 0.908323
vt 0.033458 0.908323
vt 0.033459 0.908323
vt 0.033458 0.908323
vt 0.033458 0.908323
vt 0.033458 0.908323
vt 0.094873 0.907308
vt 0.033459 0.908323
vt 0.033458 0.908323
vt 0.094873 0.907308
vt 0.033459 0.908323
vt 0.033458 0.908323
vt 0.033459 0.908323
vt 0.033458 0.908323
vt 0.033459 0.908323
vt 0.033458 0.908323
vt 0.033459 0.908323
vt 0.033458 0.908323
vt 0.094873 0.907308
vt 0.094873 0.907308
vt 0.033459 0.908324
vt 0.033458 0.908324
vt 0.033459 0.908324
vt 0.033458 0.908324
vt 0.094873 0.907308
vt 0.094873 0.907308
vt 0.094873 0.907308
vt 0.094873 0.907308
vt 0.033459 0.908324
vt 0.033458 0.908324
vt 0.094873 0.907308
vt 0.033459 0.908323
vt 0.033458 0.908323
vt 0.094873 0.907308
vt 0.094873 0.907308
vt 0.094873 0.907308
vt 0.094873 0.907308
vt 0.033459 0.908324
vt 0.033458 0.908324
vt 0.033459 0.908323
vt 0.033458 0.908323
vt 0.094873 0.907308
vt 0.033459 0.908323
vt 0.033459 0.908323
vt 0.033458 0.908323
vt 0.033459 0.908324
vt 0.033458 0.908324
vt 0.033459 0.908323
vt 0.033458 0.908323
vt 0.033459 0.908323
vt 0.033458 0.908323
vt 0.033459 0.908323
vt 0.033458 0.908323
vt 0.033459 0.908323
vt 0.033458 0.908323
vt 0.094873 0.907308
vt 0.094873 0.907308
vt 0.033459 0.908323
vt 0.033459 0.908323
vt 0.033458 0.908323
vt 0.033459 0.908323
vt 0.033458 0.908323
vt 0.033459 0.908323
vt 0.033458 0.908323
vt 0.033459 0.908323
vt 0.033458 0.908323
vt 0.033459 0.908323
vt 0.033458 0.908323
vt 0.094873 0.907308
vt 0.094873 0.907308
vt 0.094873 0.907308
vt 0.094873 0.907309
vt 0.094873 0.907309
vt 0.094873 0.907309
vt 0.094873 0.907309
vt 0.094873 0.907309
vt 0.094873 0.907309
vt 0.094873 0.907309
vt 0.094873 0.907309
vt 0.094873 0.907309
vt 0.094873 0.907309
vt 0.094873 0.907309
vt 0.094873 0.907309
vt 0.094873 0.907309
vt 0.094873 0.907309
vt 0.094873 0.907309
vt 0.094873 0.907309
vt 0.094873 0.907309
vt 0.094873 0.907309
vt 0.094873 0.907309
vt 0.094873 0.907309
vt 0.094873 0.907309
vt 0.094873 0.907309
vt 0.094873 0.907309
vt 0.094873 0.907309
vt 0.094873 0.907309
vt 0.094873 0.907308
vt 0.094873 0.907308
vt 0.094873 0.907308
vt 0.094873 0.907308
vt 0.094873 0.907309
vt 0.094873 0.907309
vt 0.033459 0.908323
vt 0.033458 0.908323
vt 0.033459 0.908323
vt 0.033458 0.908323
vt 0.094873 0.907308
vt 0.094873 0.907308
vt 0.094873 0.907308
vt 0.094873 0.907308
vt 0.094873 0.907308
vt 0.094873 0.907308
vt 0.281638 0.910682
vt 0.281638 0.910682
vt 0.281638 0.910682
vt 0.281638 0.910682
vt 0.281638 0.910682
vt 0.281638 0.910682
vt 0.094873 0.907308
vt 0.094873 0.907308
vt 0.094873 0.907308
vt 0.094873 0.907308
vt 0.281638 0.910682
vt 0.281638 0.910682
vt 0.094873 0.907309
vt 0.094873 0.907309
vt 0.094873 0.907308
vt 0.094873 0.907308
vt 0.094873 0.907308
vt 0.094873 0.907308
vt 0.094873 0.907309
vt 0.094873 0.907309
vt 0.094873 0.907309
vt 0.094873 0.907309
vt 0.094873 0.907309
vt 0.094873 0.907309
vt 0.094873 0.907309
vt 0.094873 0.907309
vt 0.094873 0.907309
vt 0.094873 0.907309
vt 0.094873 0.907309
vt 0.094873 0.907308
vt 0.094873 0.907308
vt 0.094873 0.907308
vt 0.094873 0.907308
vt 0.094873 0.907308
vt 0.094873 0.907308
vt 0.094873 0.907308
vt 0.094873 0.907308
vt 0.094873 0.907308
vt 0.094873 0.907308
vt 0.094873 0.907308
vt 0.094873 0.907308
vt 0.094873 0.907308
vt 0.094873 0.907308
vt 0.094873 0.907308
vt 0.094873 0.907308
vt 0.094873 0.907308
vt 0.094873 0.907308
vt 0.094873 0.907308
vt 0.094873 0.907308
vt 0.094873 0.907308
vt 0.094873 0.907308
vt 0.094873 0.907308
vt 0.094873 0.907308
vt 0.094873 0.907308
vt 0.094873 0.907308
vt 0.094873 0.907308
vt 0.094873 0.907308
vt 0.094873 0.907308
vt 0.094873 0.907308
vt 0.094873 0.907308
vt 0.094873 0.907308
vt 0.094873 0.907308
vt 0.094873 0.907308
vt 0.094873 0.907308
vt 0.033458 0.908323
vt 0.094873 0.907308
vt 0.281638 0.910682
vt 0.094873 0.907308
vt 0.094873 0.907308
vt 0.033459 0.908324
vt 0.033459 0.908324
vt 0.281638 0.910682
vt 0.281638 0.910682
vt 0.033459 0.908324
vt 0.033459 0.908324
vt 0.033459 0.908324
vt 0.281638 0.910682
vt 0.281638 0.910682
vt 0.281638 0.910682
vt 0.281638 0.910682
vt 0.033459 0.908323
vt 0.033459 0.908323
vt 0.281638 0.910682
vt 0.033459 0.908323
vt 0.033459 0.908323
vt 0.033459 0.908323
vt 0.033459 0.908323
vt 0.033459 0.908324
vt 0.281638 0.910682
vt 0.281638 0.910682
vt 0.033459 0.908324
vt 0.033459 0.908324
vt 0.033459 0.908324
vt 0.033459 0.908324
vt 0.033459 0.908324
vt 0.033459 0.908324
vt 0.033459 0.908323
vt 0.033459 0.908323
vt 0.033459 0.908324
vt 0.033459 0.908324
vt 0.033459 0.908323
vt 0.033459 0.908323
vt 0.033459 0.908323
vt 0.033459 0.908323
vt 0.033459 0.908323
vt 0.033459 0.908323
vt 0.033459 0.908323
vt 0.033459 0.908324
vt 0.033459 0.908324
vt 0.033459 0.908323
vt 0.094873 0.907308
vt 0.094873 0.907308
vt 0.094873 0.907308
vt 0.094873 0.907308
vt 0.094873 0.907308
vt 0.094873 0.907308
vt 0.094873 0.907308
vt 0.094873 0.907308
vt 0.094873 0.907308
vt 0.094873 0.907308
vt 0.094873 0.907308
vt 0.094873 0.907308
vt 0.094873 0.907308
vt 0.094873 0.907308
vt 0.094873 0.907308
vt 0.094873 0.907308
vt 0.094873 0.907308
vt 0.094873 0.907308
vt 0.094873 0.907308
vt 0.094873 0.907308
vt 0.094873 0.907308
vt 0.094873 0.907308
vt 0.094873 0.907308
vt 0.094873 0.907308
vt 0.094873 0.907308
vt 0.094873 0.907308
vt 0.094873 0.907308
vt 0.094873 0.907308
vt 0.094873 0.907308
vt 0.094873 0.907308
vt 0.094873 0.907308
vt 0.094873 0.907308
vt 0.094873 0.907308
vt 0.094873 0.907308
vt 0.094873 0.907308
vt 0.094873 0.907308
vt 0.094873 0.907308
vt 0.094873 0.907308
vt 0.094873 0.907308
vt 0.094873 0.907308
vt 0.094873 0.907308
vt 0.094873 0.907308
vt 0.094873 0.907308
vt 0.094873 0.907308
vt 0.094873 0.907308
vt 0.094873 0.907308
vt 0.094873 0.907308
vt 0.094873 0.907308
vt 0.094873 0.907308
vt 0.094873 0.907308
vt 0.094873 0.907308
vt 0.094873 0.907308
vt 0.094873 0.907308
vt 0.094873 0.907308
vt 0.094873 0.907308
vt 0.094873 0.907308
vt 0.094873 0.907308
vt 0.094873 0.907308
vt 0.094873 0.907308
vt 0.094873 0.907308
vt 0.094873 0.907308
vt 0.094873 0.907308
vt 0.094873 0.907308
vt 0.094873 0.907308
vt 0.219925 0.907234
vt 0.219925 0.907234
vt 0.219925 0.907233
vt 0.219925 0.907233
vt 0.346323 0.910379
vt 0.346398 0.908761
vt 0.346398 0.908760
vt 0.346398 0.908769
vt 0.346400 0.908772
vt 0.346398 0.908770
vt 0.346400 0.908772
vt 0.346399 0.908772
vt 0.346398 0.908772
vt 0.346398 0.908770
vt 0.346323 0.910379
vt 0.346398 0.908768
vt 0.346398 0.908768
vt 0.346398 0.908768
vt 0.346398 0.908766
vt 0.346398 0.908757
vt 0.346323 0.910379
vt 0.346398 0.908763
vt 0.346398 0.908765
vt 0.346323 0.910379
vt 0.346398 0.908765
vt 0.346398 0.908765
vt 0.346398 0.908757
vt 0.346398 0.908757
vt 0.346398 0.908759
vt 0.346398 0.908761
vt 0.346398 0.908761
vt 0.346323 0.910379
vt 0.346398 0.908765
vt 0.346398 0.908766
vt 0.346398 0.908770
vt 0.346398 0.908770
vt 0.346398 0.908772
vt 0.346398 0.908772
vt 0.346400 0.908772
vt 0.346400 0.908772
vt 0.346398 0.908769
vt 0.346398 0.908763
vt 0.346398 0.908760
vt 0.346398 0.908761
vt 0.346323 0.910379
vt 0.346398 0.908768
vt 0.346398 0.908768
vt 0.346398 0.908768
vt 0.346398 0.908759
vt 0.346398 0.908757
vt 0.346398 0.908757
vt 0.346398 0.908757
vt 0.346398 0.908759
vt 0.346323 0.910379
vt 0.346398 0.908761
vt 0.346398 0.908761
vt 0.346398 0.908765
vt 0.346398 0.908765
vt 0.345836 0.909932
vt 0.345836 0.909932
vt 0.345836 0.909932
vt 0.345836 0.909932
vt 0.345836 0.909932
vt 0.345835 0.909932
vt 0.345836 0.909932
vt 0.345835 0.909932
vt 0.345836 0.909932
vt 0.345835 0.909932
vt 0.345835 0.909932
vt 0.345836 0.909932
vt 0.345586 0.912369
vt 0.345586 0.912369
vt 0.345586 0.912369
vt 0.345586 0.912369
vt 0.345586 0.912369
vt 0.345585 0.912369
vt 0.345835 0.909932
vt 0.345835 0.909932
vt 0.345836 0.909932
vt 0.345836 0.909932
vt 0.345836 0.909932
vt 0.345836 0.909932
vt 0.345836 0.909932
vt 0.345836 0.909932
vt 0.345836 0.909932
vt 0.345836 0.909932
vt 0.345836 0.909932
vt 0.345836 0.909932
vt 0.345836 0.909932
vt 0.345836 0.909932
vt 0.345836 0.909932
vt 0.345835 0.909932
vt 0.345835 0.909932
vt 0.345835 0.909932
vt 0.345835 0.909932
vt 0.345835 0.909932
vt 0.345835 0.909932
vt 0.345836 0.909932
vt 0.345836 0.909932
vt 0.345836 0.909932
vt 0.345836 0.909932
vt 0.345836 0.909932
vt 0.345836 0.909932
vt 0.345836 0.909932
vt 0.345836 0.909932
vt 0.345836 0.909932
vt 0.345836 0.909932
vt 0.345836 0.909932
vt 0.345836 0.909932
vt 0.345836 0.909932
vt 0.345836 0.909932
vt 0.345835 0.909932
vt 0.345835 0.909932
vt 0.345835 0.909932
vt 0.345835 0.909932
vt 0.345835 0.909932
vt 0.345835 0.909932
vt 0.345835 0.909932
vt 0.345835 0.909932
vt 0.345835 0.909932
vt 0.345835 0.909932
vt 0.345835 0.909932
vt 0.345835 0.909932
vt 0.345836 0.909932
vt 0.345836 0.909932
vt 0.345836 0.909932
vt 0.345836 0.909932
vt 0.345836 0.909932
vt 0.345836 0.909932
vt 0.345836 0.909932
vt 0.345836 0.909932
vt 0.345836 0.909932
vt 0.345836 0.909932
vt 0.345836 0.909932
vt 0.345836 0.909932
vt 0.345836 0.909932
vt 0.345836 0.909932
vt 0.345835 0.909932
vt 0.345835 0.909932
vt 0.345836 0.909932
vt 0.345836 0.909932
vt 0.345836 0.909932
vt 0.345836 0.909932
vt 0.345836 0.909932
vt 0.345836 0.909932
vt 0.345836 0.909932
vt 0.345836 0.909932
vt 0.345836 0.909932
vt 0.345836 0.909932
vt 0.345836 0.909932
vt 0.345835 0.909932
vt 0.345835 0.909932
vt 0.345835 0.909932
vt 0.345835 0.909932
vt 0.345835 0.909932
vt 0.345835 0.909932
vt 0.345836 0.909932
vt 0.345836 0.909932
vt 0.345836 0.909932
vt 0.345836 0.909932
vt 0.345585 0.912369
vt 0.345585 0.912369
vt 0.345585 0.912369
vt 0.345586 0.912369
vt 0.345586 0.912369
vt 0.345586 0.912369
vt 0.345586 0.912369
vt 0.345586 0.912369
vt 0.345586 0.912369
vt 0.345586 0.912369
vt 0.345586 0.912369
vt 0.345586 0.912369
vt 0.345586 0.912369
vt 0.345586 0.912369
vt 0.345586 0.912369
vt 0.345586 0.912369
vt 0.345586 0.912369
vt 0.345586 0.912369
vt 0.345586 0.912369
vt 0.345586 0.912369
vt 0.345586 0.912369
vt 0.345585 0.912369
vt 0.345586 0.912369
vt 0.345586 0.912369
vt 0.345586 0.912369
vt 0.345586 0.912369
vt 0.345586 0.912369
vt 0.345586 0.912369
vt 0.345586 0.912369
vt 0.345586 0.912369
vt 0.345586 0.912369
vt 0.345586 0.912369
vt 0.345586 0.912369
vt 0.345586 0.912369
vt 0.345586 0.912369
vt 0.345586 0.912369
vt 0.345586 0.912369
vt 0.345586 0.912369
vt 0.345586 0.912369
vt 0.345586 0.912369
vt 0.345586 0.912369
vt 0.345585 0.912369
vt 0.344813 0.907910
vt 0.344660 0.907803
vt 0.344660 0.907803
vt 0.344541 0.907672
vt 0.344942 0.908190
vt 0.344541 0.907672
vt 0.345087 0.909404
vt 0.345087 0.909404
vt 0.345087 0.909404
vt 0.345087 0.909404
vt 0.345087 0.909404
vt 0.345087 0.909404
vt 0.345068 0.909387
vt 0.344942 0.908190
vt 0.344541 0.907672
vt 0.344813 0.907910
vt 0.344813 0.907910
vt 0.344943 0.908190
vt 0.344933 0.908199
vt 0.344934 0.908196
vt 0.344941 0.908190
vt 0.344541 0.907672
vt 0.344908 0.908735
vt 0.344533 0.907639
vt 0.344700 0.908182
vt 0.344533 0.907639
vt 0.344533 0.907639
vt 0.344934 0.908195
vt 0.344938 0.908190
vt 0.344938 0.908190
vt 0.344938 0.908190
vt 0.344659 0.907803
vt 0.344533 0.907639
vt 0.344657 0.907806
vt 0.344660 0.907803
vt 0.344933 0.908186
vt 0.344908 0.908735
vt 0.344908 0.908735
vt 0.344934 0.908195
vt 0.344934 0.908195
vt 0.344934 0.908195
vt 0.344938 0.908190
vt 0.344541 0.907672
vt 0.344659 0.907803
vt 0.344934 0.908194
vt 0.344908 0.908735
vt 0.344813 0.907910
vt 0.344941 0.908190
vt 0.344940 0.908190
vt 0.344934 0.908192
vt 0.344908 0.908735
vt 0.344934 0.908191
vt 0.344933 0.908191
vt 0.344934 0.908191
vt 0.344933 0.908199
vt 0.344933 0.908200
vt 0.344919 0.908511
vt 0.344908 0.908735
vt 0.344934 0.908196
vt 0.344933 0.908196
vt 0.344908 0.908735
vt 0.344934 0.908194
vt 0.344934 0.908194
vt 0.344934 0.908194
vt 0.344934 0.908192
vt 0.344934 0.908192
vt 0.344934 0.908195
vt 0.344934 0.908195
vt 0.344934 0.908192
vt 0.344908 0.908735
vt 0.344933 0.908190
vt 0.344933 0.908191
vt 0.344934 0.908196
vt 0.344778 0.908445
vt 0.344778 0.908445
vt 0.344933 0.908196
vt 0.344933 0.908196
vt 0.344533 0.907639
vt 0.344934 0.908194
vt 0.344934 0.908194
vt 0.344913 0.908642
vt 0.344934 0.908192
vt 0.344934 0.908192
vt 0.344933 0.908197
vt 0.344933 0.908196
vt 0.344933 0.908191
vt 0.344934 0.908191
vt 0.344933 0.908191
vt 0.344933 0.908190
vn -0.9914 0.0000 -0.1305
vn -0.9239 0.0000 -0.3827
vn -0.7933 0.0000 -0.6088
vn -0.6088 0.0000 -0.7934
vn -0.3827 0.0000 -0.9239
vn -0.1305 0.0000 -0.9914
vn 0.1305 0.0000 -0.9914
vn 0.3827 0.0000 -0.9239
vn 0.6088 0.0000 -0.7933
vn 0.7933 0.0000 -0.6088
vn 0.9239 0.0000 -0.3827
vn 0.9914 -0.0000 -0.1305
vn 0.9914 -0.0000 0.1305
vn 0.9239 -0.0000 0.3827
vn 0.7933 -0.0000 0.6088
vn 0.6088 -0.0000 0.7933
vn 0.3827 -0.0000 0.9239
vn 0.1305 -0.0000 0.9914
vn -0.1305 -0.0000 0.9914
vn -0.3827 -0.0000 0.9239
vn -0.6088 -0.0000 0.7934
vn -0.7933 -0.0000 0.6088
vn 0.0000 1.0000 0.0000
vn -0.9239 0.0000 0.3827
vn -0.9914 -0.0000 0.1305
vn -0.6088 0.0000 0.7933
vn -0.6088 0.0000 -0.7933
vn -0.6087 -0.0000 0.7934
vn 0.6087 -0.0000 0.7934
vn -0.7934 0.0000 -0.6088
vn 0.6088 0.0000 -0.7934
vn 0.7934 0.0000 -0.6088
vn -1.0000 -0.0000 0.0000
vn 1.0000 0.0000 0.0000
vn 0.0000 -0.0000 1.0000
vn 0.0000 -1.0000 -0.0000
vn 0.0000 0.0000 -1.0000
vn 0.7934 -0.0000 0.6088
vn 0.1305 -0.0000 0.9915
vn -0.7934 -0.0000 0.6088
vn 0.5064 0.0000 0.8623
vn 0.6941 -0.0010 0.7199
vn 0.6009 0.0000 0.7993
vn 0.6964 0.0029 0.7177
vn 0.9949 0.0689 0.0734
vn 0.6990 0.0537 0.7131
vn 0.7917 -0.0000 0.6109
vn 0.8778 -0.0140 0.4789
vn 0.7680 -0.0177 0.6402
vn 0.7509 0.0006 0.6604
vn 0.7534 -0.0165 0.6573
vn 0.8890 -0.0070 0.4579
vn 0.6927 0.0001 0.7212
vn 0.8942 -0.0012 0.4476
vn 0.7506 0.0155 0.6606
vn 0.8778 0.0105 0.4790
vn 0.8896 0.0099 0.4566
vn 0.8368 -0.0172 0.5473
vn 0.9280 0.0076 0.3726
vn 0.9652 0.0000 0.2617
vn 0.9861 0.0050 0.1660
vn 0.9871 0.0409 0.1547
vn 0.9276 -0.0128 0.3733
vn 0.9410 -0.0079 0.3384
vn 0.9262 0.0128 0.3768
vn 0.9867 -0.0382 0.1577
vn 0.9220 -0.0000 0.3871
vn 0.9286 -0.0398 0.3690
vn 0.9896 -0.0044 0.1440
vn 0.9326 0.0245 0.3600
vn 0.9905 -0.0010 -0.1377
vn 0.9905 -0.0006 -0.1374
vn 0.9947 -0.0138 -0.1019
vn 0.9993 0.0380 0.0052
vn 0.6975 -0.0609 0.7140
vn 0.9905 0.0010 -0.1375
vn 0.9904 0.0000 -0.1381
vn 0.9931 0.0242 -0.1149
vn 0.9852 0.0216 0.1699
vn 0.9641 -0.0597 -0.2586
vn 0.9635 0.0682 -0.2587
vn 0.8623 -0.0000 -0.5064
vn 0.7908 -0.0000 -0.6121
vn 0.5974 -0.0305 -0.8014
vn 0.8575 0.0370 -0.5132
vn 0.7067 -0.0000 -0.7075
vn 0.7141 0.0045 -0.7001
vn 0.9202 -0.0000 -0.3914
vn 0.9634 -0.0000 -0.2680
vn 0.9384 0.0038 -0.3455
vn 0.8384 0.0060 -0.5451
vn 0.9677 -0.0001 -0.2522
vn 0.7821 0.0037 0.6232
vn 0.6522 -0.0389 -0.7570
vn 0.6802 0.0383 -0.7320
vn 0.9719 0.0052 0.2353
vn 0.9622 -0.0097 0.2722
vn 0.9227 -0.0002 0.3854
vn 0.9863 -0.0275 0.1629
vn 0.9973 0.0000 0.0735
vn 0.8637 0.0000 0.5041
vn 0.9191 0.0008 -0.3941
vn 0.7623 0.0123 0.6471
vn 0.7859 -0.0093 -0.6183
vn 0.9973 -0.0001 0.0733
vn 0.8637 -0.0000 0.5040
vn 0.6560 -0.0002 -0.7547
vn 0.9944 -0.0338 0.1006
vn 0.9358 0.0150 0.3522
vn 0.9860 -0.0270 0.1648
vn 1.0000 -0.0000 -0.0041
vn 0.9848 0.0372 0.1696
vn 0.9804 0.0098 0.1970
vn 0.9038 0.1191 -0.4111
vn 0.8243 0.0052 0.5661
vn 0.6831 -0.0090 -0.7302
vn -0.5064 -0.0000 -0.8623
vn -0.5064 -0.0004 -0.8623
vn -0.6941 0.0006 -0.7199
vn -0.6007 -0.0000 -0.7995
vn -0.5058 0.0000 -0.8626
vn -0.5064 0.0004 -0.8623
vn -0.6964 -0.0024 -0.7176
vn -0.9953 -0.0625 -0.0733
vn -0.6991 -0.0500 -0.7133
vn -0.7917 -0.0002 -0.6109
vn -0.8778 0.0141 -0.4788
vn -0.7679 0.0178 -0.6403
vn -0.7509 -0.0006 -0.6604
vn -0.7535 0.0166 -0.6573
vn -0.8890 0.0070 -0.4579
vn -0.6932 -0.0001 -0.7208
vn -0.8942 0.0012 -0.4476
vn -0.7506 -0.0155 -0.6606
vn -0.8778 -0.0105 -0.4790
vn -0.7913 0.0002 -0.6114
vn -0.8896 -0.0100 -0.4565
vn -0.8370 0.0171 -0.5469
vn -0.9279 -0.0074 -0.3727
vn -0.9648 0.0006 -0.2630
vn -0.9861 -0.0048 -0.1658
vn -0.9872 -0.0400 -0.1546
vn -0.9273 0.0118 -0.3741
vn -0.9405 0.0085 -0.3396
vn -0.9252 -0.0143 -0.3791
vn -0.9870 0.0386 -0.1558
vn -0.9652 -0.0003 -0.2614
vn -0.9220 -0.0007 -0.3873
vn -0.9284 0.0380 -0.3697
vn -0.9220 0.0000 -0.3871
vn -0.9896 0.0045 -0.1440
vn -0.9326 -0.0230 -0.3601
vn -0.9658 0.0004 -0.2593
vn -0.9899 0.0026 0.1417
vn -0.9903 -0.0006 0.1388
vn -0.9946 0.0134 0.1029
vn -0.9993 -0.0372 -0.0058
vn -0.6976 0.0564 -0.7142
vn -0.9903 0.0010 0.1387
vn -0.9904 0.0000 0.1381
vn -0.9928 -0.0239 0.1171
vn -0.9854 -0.0203 -0.1688
vn -0.9643 0.0557 0.2588
vn -0.9639 -0.0621 0.2588
vn -0.7911 -0.0004 -0.6117
vn -0.8597 0.0009 0.5109
vn -0.7930 -0.0009 0.6093
vn -0.7909 0.0001 0.6119
vn -0.5967 0.0295 0.8019
vn -0.8576 -0.0355 0.5131
vn -0.7067 0.0005 0.7076
vn -0.9904 -0.0004 0.1383
vn -0.8626 0.0016 0.5058
vn -0.7145 -0.0034 0.6996
vn -0.9202 0.0001 0.3914
vn -0.9689 0.0020 0.2473
vn -0.9393 -0.0036 0.3432
vn -0.8381 -0.0054 0.5455
vn -0.9677 0.0001 0.2522
vn -0.7822 -0.0036 -0.6231
vn -0.6522 0.0366 0.7571
vn -0.6822 -0.0378 0.7302
vn -0.9717 -0.0057 -0.2364
vn -0.9656 -0.0005 -0.2600
vn -0.9622 0.0100 -0.2723
vn -0.9227 0.0002 -0.3854
vn -0.9864 0.0282 -0.1620
vn -0.7900 -0.0003 0.6132
vn -0.9973 0.0000 -0.0735
vn -0.8642 0.0002 -0.5031
vn -0.9191 -0.0002 0.3939
vn -0.7623 -0.0124 -0.6471
vn -0.7863 0.0080 0.6178
vn -0.9973 0.0001 -0.0734
vn -0.8639 -0.0000 -0.5037
vn -0.6562 0.0001 0.7546
vn -0.8638 -0.0002 -0.5038
vn -0.9939 0.0349 -0.1044
vn -0.9352 -0.0158 -0.3537
vn -0.9861 0.0254 -0.1641
vn -1.0000 -0.0003 0.0040
vn -0.9849 -0.0357 -0.1692
vn -0.9805 -0.0104 -0.1964
vn -0.9042 -0.1144 0.4115
vn -0.8595 0.0014 0.5111
vn -0.8241 -0.0054 -0.5665
vn -0.6829 0.0096 0.7304
vn 0.0329 0.9981 0.0530
vn 0.0000 -1.0000 0.0002
vn 0.8525 0.0096 -0.5226
vn -0.1794 0.9546 0.2377
vn -0.3735 0.7938 0.4800
vn -0.5509 0.4899 0.6757
vn -0.6348 0.2262 0.7388
vn -0.6598 0.0154 0.7513
vn 0.6528 -0.0266 -0.7570
vn -0.0817 0.0029 0.9967
vn 0.7181 -0.0062 -0.6960
vn 0.0407 -0.9991 0.0136
vn 0.0081 -0.9985 -0.0535
vn -0.0161 -0.9634 -0.2675
vn 0.0440 0.0030 -0.9990
vn 0.5215 0.3506 0.7779
vn -0.5619 -0.3309 -0.7581
vn 0.6031 -0.3255 0.7283
vn -0.6270 0.3706 -0.6853
vn 0.0010 -1.0000 -0.0033
vn 0.0063 -0.9999 -0.0106
vn -0.0067 -1.0000 0.0010
vn 0.0009 1.0000 0.0000
vn -0.0326 0.9994 0.0130
vn -0.4301 0.5167 -0.7403
vn 0.3958 -0.0052 0.9183
vn 0.0252 0.9992 -0.0296
vn 0.0003 0.9996 -0.0278
vn -0.0069 1.0000 0.0041
vn -0.5340 0.6371 0.5559
vn 0.5159 0.7220 -0.4611
vn 0.6572 0.6474 -0.3860
vn -0.6415 0.6682 0.3768
vn 0.8525 0.0004 -0.5227
vn -0.7336 -0.0037 0.6796
vn -0.8623 -0.0065 0.5064
vn -0.7324 -0.0138 0.6808
vn 0.5760 -0.7442 -0.3383
vn 0.0378 -0.9986 0.0381
vn 0.5079 -0.7289 -0.4591
vn -0.7018 -0.5810 0.4122
vn -0.0112 0.9999 0.0117
vn 0.1554 0.9536 -0.2577
vn 0.2720 0.8408 -0.4681
vn 0.3953 0.5784 -0.7135
vn 0.0345 -0.9983 -0.0464
vn -0.2260 -0.8994 0.3742
vn 0.3201 -0.8484 -0.4216
vn -0.3881 -0.6037 0.6964
vn 0.5654 -0.4532 -0.6892
vn 0.4427 0.2873 -0.8494
vn -0.4443 -0.2805 0.8508
vn 0.4521 0.0311 -0.8914
vn -0.4525 -0.0013 0.8918
vn -0.4464 0.2560 0.8575
vn -0.6376 -0.2289 0.7356
vn 0.6065 0.3333 -0.7219
vn 0.4428 -0.2826 -0.8509
vn -0.4000 0.5638 0.7226
vn 0.4674 0.6609 -0.5871
vn -0.5822 -0.4168 0.6981
vn -0.2611 0.8567 0.4449
vn 0.2302 0.9247 -0.3034
vn -0.0452 0.9954 0.0841
vn 0.3840 -0.6104 -0.6928
vn -0.4436 -0.7016 0.5577
vn 0.2302 -0.8906 -0.3923
vn -0.2357 -0.9211 0.3098
vn 0.0081 -0.9996 -0.0272
vn 0.0117 0.9987 -0.0493
vn -0.0541 0.9801 0.1911
vn 0.0861 0.9303 -0.3566
vn -0.1575 0.8753 0.4571
vn 0.1500 0.6187 -0.7711
vn -0.3141 0.5222 0.7929
vn -0.0008 -1.0000 0.0016
vn 0.1557 -0.8763 -0.4559
vn -0.1206 -0.8346 0.5374
vn 0.1567 0.2460 -0.9565
vn -0.3759 0.1221 0.9186
vn 0.3395 -0.3671 -0.8660
vn -0.1709 -0.2249 0.9593
vn 0.3286 0.3772 -0.8659
vn 0.1584 -0.3583 -0.9201
vn -0.1086 -0.6019 0.7911
vn 0.0521 -0.9963 -0.0687
vn -0.3495 -0.3835 0.8549
vn 0.0940 0.9568 -0.2752
vn -0.2363 -0.7354 0.6351
vn 0.1288 0.7836 -0.6077
vn -0.0814 -0.9553 0.2841
vn 0.1432 0.4429 -0.8851
vn 0.1790 0.8867 -0.4262
vn -0.0376 0.9953 0.0896
vn -0.3153 0.5800 0.7511
vn -0.3836 -0.0211 0.9233
vn -0.1323 -0.7002 0.7016
vn 0.1547 0.0891 -0.9839
vn 0.3683 0.2903 -0.8832
vn -0.1564 0.0853 0.9840
vn -0.3587 -0.3144 0.8789
vn -0.1210 0.7255 0.6775
vn 0.2322 0.7698 -0.5946
vn 0.1493 -0.3128 -0.9380
vn 0.0775 0.9646 -0.2519
vn -0.0287 0.9929 0.1158
vn -0.2799 -0.6284 0.7258
vn 0.1378 -0.6629 -0.7359
vn -0.1201 -0.9168 0.3809
vn 0.0960 -0.9166 -0.3882
vn 0.0378 -0.9895 -0.1394
vn -0.0274 -0.9941 0.1050
vn -0.0050 0.9999 -0.0166
vn -0.0418 0.7432 0.6678
vn -0.0512 0.9050 -0.4223
vn -0.1073 0.6243 -0.7738
vn 0.0175 -0.9995 0.0248
vn -0.1310 0.3103 -0.9416
vn 0.0687 -0.9976 0.0051
vn 0.0910 -0.5973 0.7969
vn -0.1380 -0.0016 -0.9904
vn 0.1377 -0.0612 0.9886
vn 0.1172 0.4319 0.8943
vn 0.0345 0.9349 0.3533
vn -0.1183 -0.4298 -0.8951
vn -0.0686 -0.8130 -0.5782
vn 0.0866 -0.6022 -0.7936
vn -0.0199 -0.7092 0.7047
vn -0.2168 0.4155 -0.8834
vn 0.2232 0.6333 0.7411
vn 0.2545 -0.0000 0.9671
vn -0.2549 0.0089 -0.9669
vn -0.1756 -0.6130 -0.7703
vn 0.2227 -0.6545 0.7225
vn 0.0657 -0.9977 -0.0183
vn -0.0052 1.0000 -0.0050
vn 0.2025 0.7061 0.6786
vn -0.5064 -0.0104 -0.8622
vn -0.4020 -0.6081 -0.6846
vn 0.1820 -0.7857 0.5912
vn 0.6477 -0.3643 0.6692
vn -0.4995 -0.3428 -0.7956
vn 0.0606 0.0076 -0.9981
vn 0.0005 0.9999 0.0110
vn -0.7147 0.1841 -0.6747
vn 0.4379 -0.5314 0.7252
vn 0.0234 -0.9997 0.0074
vn 0.2072 -0.8496 0.4851
vn -0.1897 -0.8750 -0.4455
vn -0.2698 -0.9300 -0.2495
vn -0.4064 -0.0096 -0.9136
vn 0.2679 -0.0227 0.9632
vn 0.5508 0.7016 0.4521
vn -0.5195 0.7116 -0.4731
vn -0.0186 -0.9998 -0.0059
vn -0.7667 0.0006 -0.6420
vn 0.7462 0.0003 0.6657
vn 0.4154 -0.8367 0.3570
vn -0.8017 -0.0001 -0.5977
vn -0.5704 -0.5743 0.5873
vn 0.0575 0.9982 -0.0160
vn 0.0000 0.9434 -0.3317
vn 0.1117 0.8853 -0.4514
vn 0.0000 0.7982 -0.6023
vn -0.1442 0.9849 0.0956
vn 0.9999 0.0101 -0.0023
vn 0.5872 0.0000 -0.8094
vn 0.9998 0.0000 -0.0194
vn 0.8312 0.0000 -0.5560
vn 0.0000 0.9974 -0.0724
vn 0.9994 -0.0351 -0.0022
vn -0.0537 0.9986 0.0000
vn 0.6976 0.0000 -0.7165
vn -0.1093 0.9940 0.0033
vn 1.0000 0.0001 -0.0040
vn 0.0258 0.0000 0.9997
vn 1.0000 0.0000 -0.0036
vn 0.9129 0.0000 -0.4082
vn 0.9879 0.0000 -0.1553
vn 0.9997 -0.0224 -0.0140
vn 0.7071 0.0000 -0.7071
vn 0.9925 0.0000 -0.1223
vn 0.6995 -0.0036 -0.7146
vn 0.7790 0.0037 -0.6270
vn 0.9089 0.0075 -0.4170
vn 0.9657 0.0102 -0.2595
vn 0.8549 0.0056 -0.5188
vn 0.9965 0.0091 -0.0834
vn 0.5846 -0.0042 -0.8113
vn 0.4306 0.0034 -0.9026
vn 0.1783 0.0095 -0.9839
vn 0.0000 0.0119 -0.9999
vn 0.7071 0.0000 0.7071
vn -0.7071 0.0000 0.7071
vn -1.0000 -0.0001 0.0000
vn 1.0000 -0.0001 0.0000
vn 0.0000 -0.3629 -0.9318
vn -0.7071 -0.0000 -0.7071
vn 1.0000 0.0000 -0.0040
vn 0.9862 0.0000 -0.1654
vn 0.9162 0.0000 -0.4007
vn 0.1083 0.9849 0.1350
vn -0.1775 0.0000 0.9841
vn 0.9658 0.0000 -0.2593
vn 0.9099 0.0000 -0.4148
vn -0.4285 0.0000 0.9036
vn -0.9658 0.0000 0.2593
vn 0.1775 0.0000 -0.9841
vn -0.7806 0.0000 0.6251
vn 0.4285 0.0000 -0.9036
vn 0.7806 0.0000 -0.6251
vn 0.7015 0.0000 -0.7127
vn -0.4942 0.0000 0.8694
vn -0.7015 0.0000 0.7127
vn 0.5820 0.0000 -0.8132
vn -0.8547 0.0000 0.5192
vn -0.5820 0.0000 0.8132
vn 0.9965 0.0000 -0.0832
vn -0.9099 0.0000 0.4148
vn -0.9986 0.0000 0.0532
vn 0.8547 0.0000 -0.5192
vn 0.0000 0.9944 0.1053
vn 0.0000 0.9940 0.1097
vn 0.0015 0.9942 0.1071
vn -0.0020 1.0000 -0.0013
vn 0.9999 0.0101 0.0023
vn 0.5872 0.0000 0.8094
vn 0.9998 0.0000 0.0194
vn 0.8312 -0.0000 0.5560
vn 0.0000 0.9974 0.0724
vn 0.9994 -0.0351 0.0022
vn 0.6976 -0.0000 0.7165
vn -0.1093 0.9940 -0.0033
vn 1.0000 0.0001 0.0040
vn 0.0258 0.0000 -0.9997
vn 1.0000 0.0000 0.0036
vn 0.9129 0.0000 0.4082
vn 0.9879 -0.0000 0.1553
vn 0.9997 -0.0224 0.0140
vn 0.9925 0.0000 0.1223
vn 0.6995 -0.0036 0.7146
vn 0.7790 0.0037 0.6270
vn 0.9089 0.0075 0.4170
vn 0.9657 0.0102 0.2595
vn 0.8549 0.0056 0.5188
vn 0.9965 0.0091 0.0834
vn 0.5846 -0.0042 0.8113
vn 0.4306 0.0034 0.9026
vn 0.1783 0.0095 0.9839
vn 0.0000 0.0119 0.9999
vn 0.0000 -0.3629 0.9318
vn 1.0000 0.0000 0.0040
vn 0.9862 -0.0000 0.1654
vn 0.9162 0.0000 0.4007
vn 0.0015 1.0000 -0.0019
vn -0.1775 0.0000 -0.9841
vn 0.9658 0.0000 0.2593
vn 0.9099 0.0000 0.4148
vn -0.4285 0.0000 -0.9036
vn -0.9658 0.0000 -0.2593
vn 0.1775 0.0000 0.9841
vn -0.7806 0.0000 -0.6251
vn 0.4285 0.0000 0.9036
vn 0.7806 0.0000 0.6251
vn 0.7015 0.0000 0.7127
vn -0.4942 0.0000 -0.8694
vn -0.7015 0.0000 -0.7127
vn 0.5820 0.0000 0.8132
vn -0.8546 0.0000 -0.5192
vn -0.5820 0.0000 -0.8132
vn 0.9965 0.0000 0.0832
vn -0.9099 0.0000 -0.4148
vn -0.9986 0.0000 -0.0532
vn 0.8547 0.0000 0.5192
vn -0.0080 0.0000 -1.0000
vn 0.1221 0.0000 -0.9925
vn 0.3609 0.0000 -0.9326
vn 0.5827 0.0000 -0.8127
vn 0.7728 0.0000 -0.6347
vn 0.9142 0.0000 -0.4053
vn 0.9902 0.0000 -0.1395
vn 0.9902 -0.0000 0.1395
vn 0.9142 -0.0000 0.4053
vn 0.7728 -0.0000 0.6347
vn 0.5827 -0.0000 0.8127
vn 0.3609 -0.0000 0.9326
vn 0.1221 -0.0000 0.9925
vn -0.0080 -0.0000 1.0000
vn -0.0001 0.0000 -1.0000
vn 0.0001 -0.0000 1.0000
vn -0.0000 1.0000 0.0009
vn 0.9999 -0.0110 -0.0022
vn 0.6553 0.6546 -0.3770
vn 0.4990 0.6985 -0.5129
vn 0.5873 0.7074 -0.3933
vn 0.6418 0.7110 -0.2874
vn 0.6880 0.7176 -0.1083
vn 0.4225 0.6943 -0.5826
vn 1.0000 0.0002 -0.0040
vn 0.9998 -0.0092 -0.0171
vn 0.5877 0.7068 -0.3937
vn 0.6901 0.7187 -0.0852
vn 0.1093 0.0041 0.9940
vn -0.0001 1.0000 0.0009
vn -0.9125 0.0000 0.4091
vn 1.0000 -0.0064 -0.0022
vn 0.9998 0.0173 -0.0020
vn 0.9998 -0.0057 -0.0180
vn 0.0001 -0.0000 -1.0000
vn -0.0001 0.0000 1.0000
vn 0.1307 -0.0490 0.9902
vn -0.0002 1.0000 0.0009
vn 1.0000 -0.0066 -0.0023
vn 0.5878 0.7068 -0.3937
vn 0.9925 -0.0000 -0.1224
vn 0.9999 -0.0105 -0.0036
vn 0.4990 0.6985 -0.5130
vn -0.9999 -0.0091 -0.0134
vn -0.9999 -0.0091 0.0134
vn -0.9999 -0.0000 0.0162
vn -0.1621 0.0000 -0.9868
vn 0.9999 -0.0123 -0.0021
vn 0.9883 0.0000 -0.1524
vn 0.5869 0.0000 -0.8096
vn 0.6859 0.7199 -0.1068
vn 0.6901 0.7187 -0.0851
vn 0.8305 0.0000 -0.5570
vn 0.9125 -0.0000 -0.4091
vn 0.6969 0.0000 -0.7171
vn 0.8592 0.0000 -0.5116
vn -0.8305 -0.0000 0.5570
vn -0.6969 -0.0000 0.7171
vn -0.8592 -0.0000 0.5116
vn -1.0000 0.0000 0.0036
vn -0.6755 0.0000 -0.7373
vn -0.9886 0.0000 0.1504
vn -0.5869 -0.0000 0.8096
vn -0.0018 0.0000 -1.0000
vn -0.9999 -0.0162 0.0000
vn 0.0006 1.0000 0.0000
vn -0.5754 -0.0000 0.8179
vn -0.9878 0.0000 0.1557
vn -0.9924 0.0000 0.1227
vn -0.9999 0.0000 0.0115
vn 0.9994 0.0346 -0.0000
vn -0.0005 1.0000 -0.0008
vn -0.0015 1.0000 0.0000
vn -0.9999 0.0115 0.0115
vn -0.9999 0.0115 -0.0115
vn -0.0000 1.0000 -0.0009
vn 0.9999 -0.0110 0.0022
vn 0.6553 0.6546 0.3770
vn 0.4990 0.6985 0.5130
vn 0.5873 0.7074 0.3933
vn 0.6418 0.7110 0.2874
vn 0.6880 0.7176 0.1083
vn 0.4225 0.6943 0.5826
vn 1.0000 0.0002 0.0040
vn 0.9998 -0.0092 0.0171
vn 0.5877 0.7068 0.3937
vn 0.6901 0.7187 0.0852
vn 0.1093 0.0041 -0.9940
vn -0.0001 1.0000 -0.0009
vn -0.9125 0.0000 -0.4091
vn 1.0000 0.0001 -0.0000
vn 1.0000 -0.0064 0.0022
vn 0.9998 0.0173 0.0020
vn 0.9998 -0.0057 0.0180
vn 0.1307 -0.0490 -0.9902
vn -0.0002 1.0000 -0.0009
vn 1.0000 -0.0066 0.0023
vn 0.5878 0.7068 0.3937
vn 0.9999 -0.0105 0.0036
vn 0.4990 0.6985 0.5129
vn -0.9999 -0.0059 0.0151
vn -0.9999 -0.0119 -0.0110
vn -0.9999 -0.0000 -0.0162
vn -0.1621 0.0000 0.9868
vn 0.9999 -0.0123 0.0021
vn 0.9883 0.0000 0.1524
vn 0.5869 0.0000 0.8096
vn 0.6859 0.7199 0.1068
vn 0.6901 0.7187 0.0851
vn 0.8305 0.0000 0.5570
vn 0.9125 0.0000 0.4091
vn 0.6969 0.0000 0.7171
vn 0.8592 0.0000 0.5116
vn -0.8305 -0.0000 -0.5570
vn -0.6969 0.0000 -0.7171
vn -0.8592 0.0000 -0.5116
vn -1.0000 0.0000 -0.0036
vn -0.6755 0.0000 0.7373
vn -0.9886 0.0000 -0.1504
vn -0.5869 0.0000 -0.8096
vn -0.0018 0.0000 1.0000
vn -0.9999 -0.0160 0.0023
vn -0.5754 0.0000 -0.8179
vn -0.9878 0.0000 -0.1557
vn -0.9924 -0.0000 -0.1227
vn -0.9999 0.0000 -0.0115
vn -0.0005 1.0000 0.0008
vn -0.9999 0.0076 -0.0143
vn -0.9999 0.0143 0.0076
vn 0.7071 -0.7071 -0.0000
vn -0.6448 -0.7071 0.2902
vn 0.6448 -0.7071 -0.2902
usemtl Pack2
s off
f 1/1/1 2/2/1 3/3/1 4/4/1
f 4/4/2 3/3/2 5/5/2 6/6/2
f 6/6/3 5/5/3 7/7/3 8/8/3
f 8/8/4 7/7/4 9/9/4 10/10/4
f 10/10/5 9/9/5 11/11/5 12/12/5
f 12/12/6 11/11/6 13/13/6 14/14/6
f 14/14/7 13/13/7 15/15/7 16/16/7
f 16/16/8 15/15/8 17/17/8 18/18/8
f 18/18/9 17/17/9 19/19/9 20/20/9
f 20/20/10 19/19/10 21/21/10 22/22/10
f 22/22/11 21/21/11 23/23/11 24/24/11
f 24/24/12 23/23/12 25/25/12 26/26/12
f 26/26/13 25/25/13 27/27/13 28/28/13
f 28/28/14 27/27/14 29/29/14 30/30/14
f 30/30/15 29/29/15 31/31/15 32/32/15
f 32/32/16 31/31/16 33/33/16 34/34/16
f 34/34/17 33/33/17 35/35/17 36/36/17
f 36/36/18 35/35/18 37/37/18 38/38/18
f 38/38/19 37/37/19 39/39/19 40/40/19
f 40/40/20 39/39/20 41/41/20 42/42/20
f 42/42/21 41/41/21 43/43/21 44/44/21
f 44/44/22 43/43/22 45/45/22 46/46/22
f 3/3/23 2/2/23 47/47/23 45/45/23 43/43/23 41/41/23 39/39/23 37/37/23 35/35/23 33/33/23 31/31/23 29/29/23 27/27/23 25/25/23 23/23/23 21/21/23 19/19/23 17/17/23 15/15/23 13/13/23 11/11/23 9/9/23 7/7/23 5/5/23
f 46/46/24 45/45/24 47/47/24 48/48/24
f 48/48/25 47/47/25 2/2/25 1/1/25
f 49/49/25 48/50/25 1/51/25 50/52/25
f 51/53/24 46/54/24 48/50/24 49/49/24
f 52/55/22 44/56/22 46/54/22 51/53/22
f 53/57/26 42/58/26 44/56/26 52/55/26
f 54/59/20 40/60/20 42/58/20 53/57/20
f 55/61/19 38/62/19 40/60/19 54/59/19
f 56/63/18 36/64/18 38/62/18 55/61/18
f 57/65/17 34/66/17 36/64/17 56/63/17
f 58/67/16 32/68/16 34/66/16 57/65/16
f 59/69/15 30/70/15 32/68/15 58/67/15
f 60/71/14 28/72/14 30/70/14 59/69/14
f 61/73/13 26/74/13 28/72/13 60/71/13
f 62/75/12 24/76/12 26/74/12 61/73/12
f 63/77/11 22/78/11 24/76/11 62/75/11
f 64/79/10 20/80/10 22/78/10 63/77/10
f 65/81/9 18/82/9 20/80/9 64/79/9
f 66/83/8 16/84/8 18/82/8 65/81/8
f 67/85/7 14/86/7 16/84/7 66/83/7
f 68/87/6 12/88/6 14/86/6 67/85/6
f 69/89/5 10/90/5 12/88/5 68/87/5
f 70/91/27 8/92/27 10/90/27 69/89/27
f 71/93/3 6/94/3 8/92/3 70/91/3
f 72/95/2 4/96/2 6/94/2 71/93/2
f 50/52/1 1/51/1 4/96/1 72/95/1
f 73/97/25 74/98/25 75/99/25 76/100/25
f 74/98/24 77/101/24 78/102/24 75/99/24
f 77/101/22 79/103/22 80/104/22 78/102/22
f 79/103/28 81/105/28 82/106/28 80/104/28
f 81/105/20 83/107/20 84/108/20 82/106/20
f 83/107/19 85/109/19 86/110/19 84/108/19
f 85/109/18 87/111/18 88/112/18 86/110/18
f 87/111/17 89/113/17 90/114/17 88/112/17
f 89/113/29 91/115/29 92/116/29 90/114/29
f 91/115/15 93/117/15 94/118/15 92/116/15
f 93/117/14 95/119/14 96/120/14 94/118/14
f 95/119/13 97/121/13 98/122/13 96/120/13
f 97/121/12 99/123/12 100/124/12 98/122/12
f 99/123/11 101/125/11 102/126/11 100/124/11
f 101/125/10 103/127/10 104/128/10 102/126/10
f 103/127/9 105/129/9 106/130/9 104/128/9
f 105/129/8 107/131/8 108/132/8 106/130/8
f 107/131/7 109/133/7 110/134/7 108/132/7
f 109/133/6 111/135/6 112/136/6 110/134/6
f 111/135/5 113/137/5 114/138/5 112/136/5
f 113/137/4 115/139/4 116/140/4 114/138/4
f 115/139/3 117/141/3 118/142/3 116/140/3
f 75/99/23 78/102/23 80/104/23 82/106/23 84/108/23 86/110/23 88/112/23 90/114/23 92/116/23 94/118/23 96/120/23 98/122/23 100/124/23 102/126/23 104/128/23 106/130/23 108/132/23 110/134/23 112/136/23 114/138/23 116/140/23 118/142/23 119/143/23 76/100/23
f 117/141/2 120/144/2 119/143/2 118/142/2
f 120/144/1 73/97/1 76/100/1 119/143/1
f 121/145/1 122/146/1 73/147/1 120/148/1
f 123/149/2 121/145/2 120/148/2 117/150/2
f 124/151/3 123/149/3 117/150/3 115/152/3
f 125/153/4 124/151/4 115/152/4 113/154/4
f 126/155/5 125/153/5 113/154/5 111/156/5
f 127/157/6 126/155/6 111/156/6 109/158/6
f 128/159/7 127/157/7 109/158/7 107/160/7
f 129/161/8 128/159/8 107/160/8 105/162/8
f 130/163/9 129/161/9 105/162/9 103/164/9
f 131/165/10 130/163/10 103/164/10 101/166/10
f 132/167/11 131/165/11 101/166/11 99/168/11
f 133/169/12 132/167/12 99/168/12 97/170/12
f 134/171/13 133/169/13 97/170/13 95/172/13
f 135/173/14 134/171/14 95/172/14 93/174/14
f 136/175/15 135/173/15 93/174/15 91/176/15
f 137/177/29 136/175/29 91/176/29 89/178/29
f 138/179/17 137/177/17 89/178/17 87/180/17
f 139/181/18 138/179/18 87/180/18 85/182/18
f 140/183/19 139/181/19 85/182/19 83/184/19
f 141/185/20 140/183/20 83/184/20 81/186/20
f 142/187/28 141/185/28 81/186/28 79/188/28
f 143/189/22 142/187/22 79/188/22 77/190/22
f 144/191/24 143/189/24 77/190/24 74/192/24
f 122/146/25 144/191/25 74/192/25 73/147/25
f 148/193/1 149/194/1 150/195/1 151/196/1
f 151/196/2 150/195/2 152/197/2 153/198/2
f 153/198/3 152/197/3 154/199/3 155/200/3
f 155/200/4 154/199/4 156/201/4 157/202/4
f 157/202/5 156/201/5 158/203/5 159/204/5
f 159/204/6 158/203/6 160/205/6 161/206/6
f 161/206/7 160/205/7 162/207/7 163/208/7
f 163/208/8 162/207/8 164/209/8 165/210/8
f 165/210/9 164/209/9 166/211/9 167/212/9
f 167/212/10 166/211/10 168/213/10 169/214/10
f 169/214/11 168/213/11 170/215/11 171/216/11
f 171/216/12 170/215/12 172/217/12 173/218/12
f 173/218/13 172/217/13 174/219/13 175/220/13
f 175/220/14 174/219/14 176/221/14 177/222/14
f 177/222/15 176/221/15 178/223/15 179/224/15
f 179/224/16 178/223/16 180/225/16 181/226/16
f 181/226/17 180/225/17 182/227/17 183/228/17
f 183/228/18 182/227/18 184/229/18 185/230/18
f 185/230/19 184/229/19 186/231/19 187/232/19
f 187/232/20 186/231/20 188/233/20 189/234/20
f 189/234/21 188/233/21 190/235/21 191/236/21
f 191/236/22 190/235/22 192/237/22 193/238/22
f 150/195/23 149/194/23 194/239/23 192/237/23 190/235/23 188/233/23 186/231/23 184/229/23 182/227/23 180/225/23 178/223/23 176/221/23 174/219/23 172/217/23 170/215/23 168/213/23 166/211/23 164/209/23 162/207/23 160/205/23 158/203/23 156/201/23 154/199/23 152/197/23
f 193/238/24 192/237/24 194/239/24 195/240/24
f 195/240/25 194/239/25 149/194/25 148/193/25
f 196/241/25 195/242/25 148/243/25 197/244/25
f 198/245/24 193/246/24 195/242/24 196/241/24
f 199/247/22 191/248/22 193/246/22 198/245/22
f 200/249/21 189/250/21 191/248/21 199/247/21
f 201/251/20 187/252/20 189/250/20 200/249/20
f 202/253/19 185/254/19 187/252/19 201/251/19
f 203/255/18 183/256/18 185/254/18 202/253/18
f 204/257/17 181/258/17 183/256/17 203/255/17
f 205/259/16 179/260/16 181/258/16 204/257/16
f 206/261/15 177/262/15 179/260/15 205/259/15
f 207/263/14 175/264/14 177/262/14 206/261/14
f 208/265/13 173/266/13 175/264/13 207/263/13
f 209/267/12 171/268/12 173/266/12 208/265/12
f 210/269/11 169/270/11 171/268/11 209/267/11
f 211/271/10 167/272/10 169/270/10 210/269/10
f 212/273/9 165/274/9 167/272/9 211/271/9
f 213/275/8 163/276/8 165/274/8 212/273/8
f 214/277/7 161/278/7 163/276/7 213/275/7
f 215/279/6 159/280/6 161/278/6 214/277/6
f 216/281/5 157/282/5 159/280/5 215/279/5
f 217/283/4 155/284/4 157/282/4 216/281/4
f 218/285/3 153/286/3 155/284/3 217/283/3
f 219/287/2 151/288/2 153/286/2 218/285/2
f 197/244/1 148/243/1 151/288/1 219/287/1
f 220/289/25 221/290/25 222/291/25 223/292/25
f 221/290/24 224/293/24 225/294/24 222/291/24
f 224/293/22 226/295/22 227/296/22 225/294/22
f 226/295/21 228/297/21 229/298/21 227/296/21
f 228/297/20 230/299/20 231/300/20 229/298/20
f 230/299/19 232/301/19 233/302/19 231/300/19
f 232/301/18 234/303/18 235/304/18 233/302/18
f 234/303/17 236/305/17 237/306/17 235/304/17
f 236/305/16 238/307/16 239/308/16 237/306/16
f 238/307/15 240/309/15 241/310/15 239/308/15
f 240/309/14 242/311/14 243/312/14 241/310/14
f 242/311/13 244/313/13 245/314/13 243/312/13
f 244/313/12 246/315/12 247/316/12 245/314/12
f 246/315/11 248/317/11 249/318/11 247/316/11
f 248/317/10 250/319/10 251/320/10 249/318/10
f 250/319/9 252/321/9 253/322/9 251/320/9
f 252/321/8 254/323/8 255/324/8 253/322/8
f 254/323/7 256/325/7 257/326/7 255/324/7
f 256/325/6 258/327/6 259/328/6 257/326/6
f 258/327/5 260/329/5 261/330/5 259/328/5
f 260/329/4 262/331/4 263/332/4 261/330/4
f 262/331/3 264/333/3 265/334/3 263/332/3
f 222/291/23 225/294/23 227/296/23 229/298/23 231/300/23 233/302/23 235/304/23 237/306/23 239/308/23 241/310/23 243/312/23 245/314/23 247/316/23 249/318/23 251/320/23 253/322/23 255/324/23 257/326/23 259/328/23 261/330/23 263/332/23 265/334/23 266/335/23 223/292/23
f 264/333/2 267/336/2 266/335/2 265/334/2
f 267/336/1 220/289/1 223/292/1 266/335/1
f 268/337/1 269/338/1 220/339/1 267/340/1
f 270/341/2 268/337/2 267/340/2 264/342/2
f 271/343/30 270/341/30 264/342/30 262/344/30
f 272/345/4 271/343/4 262/344/4 260/346/4
f 273/347/5 272/345/5 260/346/5 258/348/5
f 274/349/6 273/347/6 258/348/6 256/350/6
f 275/351/7 274/349/7 256/350/7 254/352/7
f 276/353/8 275/351/8 254/352/8 252/354/8
f 277/355/31 276/353/31 252/354/31 250/356/31
f 278/357/32 277/355/32 250/356/32 248/358/32
f 279/359/11 278/357/11 248/358/11 246/360/11
f 280/361/12 279/359/12 246/360/12 244/362/12
f 281/363/13 280/361/13 244/362/13 242/364/13
f 282/365/14 281/363/14 242/364/14 240/366/14
f 283/367/15 282/365/15 240/366/15 238/368/15
f 284/369/16 283/367/16 238/368/16 236/370/16
f 285/371/17 284/369/17 236/370/17 234/372/17
f 286/373/18 285/371/18 234/372/18 232/374/18
f 287/375/19 286/373/19 232/374/19 230/376/19
f 288/377/20 287/375/20 230/376/20 228/378/20
f 289/379/21 288/377/21 228/378/21 226/380/21
f 290/381/22 289/379/22 226/380/22 224/382/22
f 291/383/24 290/381/24 224/382/24 221/384/24
f 269/338/25 291/383/25 221/384/25 220/339/25
f 292/385/23 293/386/23 294/387/23 295/388/23
f 293/386/23 296/389/23 297/390/23 294/387/23
f 296/389/23 298/391/23 299/392/23 297/390/23
f 298/391/23 300/393/23 301/394/23 299/392/23
f 300/393/23 302/395/23 303/396/23 301/394/23
f 302/395/23 304/397/23 305/398/23 303/396/23
f 304/397/23 306/399/23 307/400/23 305/398/23
f 306/399/23 308/401/23 309/402/23 307/400/23
f 308/401/23 310/403/23 311/404/23 309/402/23
f 310/403/23 312/405/23 313/406/23 311/404/23
f 312/405/23 314/407/23 315/408/23 313/406/23
f 314/407/23 316/409/23 317/410/23 315/408/23
f 316/409/23 318/411/23 319/412/23 317/410/23
f 318/411/23 320/413/23 321/414/23 319/412/23
f 320/413/23 322/415/23 323/416/23 321/414/23
f 322/415/23 324/417/23 325/418/23 323/416/23
f 326/419/23 327/420/23 328/421/23
f 326/419/23 329/422/23 327/420/23
f 330/423/23 329/422/23 326/419/23
f 331/424/23 329/422/23 330/423/23
f 332/425/23 330/423/23 326/419/23 333/426/23
f 307/427/23 334/428/23 305/429/23
f 301/430/23 335/431/23 299/432/23
f 294/433/23 336/434/23 295/435/23
f 309/436/23 311/437/23 337/438/23
f 317/439/23 319/440/23 338/441/23
f 321/442/23 323/443/23 339/444/23
f 323/443/23 325/445/23 339/444/23
f 308/446/23 306/447/23 327/448/23 329/449/23
f 308/446/23 329/449/23 310/450/23
f 310/450/23 329/449/23 312/451/23
f 312/451/23 329/449/23 314/452/23
f 314/452/23 329/449/23 316/453/23
f 316/453/23 329/449/23 318/454/23
f 318/454/23 329/449/23 331/455/23 320/456/23
f 320/456/23 331/455/23 322/457/23
f 331/455/23 330/458/23 332/459/23 340/460/23
f 322/457/23 331/455/23 340/460/23 324/461/23
f 304/462/23 327/448/23 306/447/23
f 302/463/23 327/448/23 304/462/23
f 300/464/23 327/448/23 302/463/23
f 293/465/23 328/466/23 327/448/23 296/467/23
f 296/467/23 327/448/23 298/468/23
f 298/468/23 327/448/23 300/464/23
f 341/469/23 333/470/23 326/471/23 328/466/23
f 292/472/23 341/469/23 328/466/23 293/465/23
f 292/385/23 295/388/23 342/473/23 343/474/23
f 343/474/23 342/473/23 344/475/23 345/476/23
f 345/476/23 344/475/23 346/477/23 347/478/23
f 347/478/23 346/477/23 348/479/23 349/480/23
f 349/480/23 348/479/23 350/481/23 351/482/23
f 351/482/23 350/481/23 352/483/23 353/484/23
f 353/484/23 352/483/23 354/485/23 355/486/23
f 355/486/23 354/485/23 356/487/23 357/488/23
f 357/488/23 356/487/23 358/489/23 359/490/23
f 359/490/23 358/489/23 360/491/23 361/492/23
f 361/492/23 360/491/23 362/493/23 363/494/23
f 363/494/23 362/493/23 364/495/23 365/496/23
f 365/496/23 364/495/23 366/497/23 367/498/23
f 367/498/23 366/497/23 368/499/23 369/500/23
f 369/500/23 368/499/23 370/501/23 371/502/23
f 371/502/23 370/501/23 325/418/23 324/417/23
f 372/503/23 373/504/23 374/505/23
f 372/503/23 374/505/23 375/506/23
f 376/507/23 372/503/23 375/506/23
f 377/508/23 376/507/23 375/506/23
f 332/425/23 333/426/23 372/503/23 376/507/23
f 354/509/23 352/510/23 378/511/23
f 348/512/23 346/513/23 379/514/23
f 342/515/23 295/435/23 336/434/23
f 356/516/23 380/517/23 358/518/23
f 364/519/23 381/520/23 366/521/23
f 368/522/23 339/444/23 370/523/23
f 370/523/23 339/444/23 325/445/23
f 357/524/23 375/525/23 374/526/23 355/527/23
f 357/524/23 359/528/23 375/525/23
f 359/528/23 361/529/23 375/525/23
f 361/529/23 363/530/23 375/525/23
f 363/530/23 365/531/23 375/525/23
f 365/531/23 367/532/23 375/525/23
f 367/532/23 369/533/23 377/534/23 375/525/23
f 369/533/23 371/535/23 377/534/23
f 377/534/23 340/460/23 332/459/23 376/536/23
f 371/535/23 324/461/23 340/460/23 377/534/23
f 353/537/23 355/527/23 374/526/23
f 351/538/23 353/537/23 374/526/23
f 349/539/23 351/538/23 374/526/23
f 343/540/23 345/541/23 374/526/23 373/542/23
f 345/541/23 347/543/23 374/526/23
f 347/543/23 349/539/23 374/526/23
f 341/469/23 373/542/23 372/544/23 333/470/23
f 292/472/23 343/540/23 373/542/23 341/469/23
f 382/545/33 383/546/33 384/547/33 385/548/33
f 386/549/34 387/550/34 388/551/34 389/552/34
f 390/553/35 391/554/35 392/555/35 393/556/35
f 388/551/34 391/554/34 390/553/34 389/552/34
f 383/546/23 392/555/23 391/554/23 388/551/23
f 382/545/33 393/556/33 392/555/33 383/546/33
f 389/552/36 390/553/36 393/556/36 382/545/36
f 394/557/37 395/558/37 396/559/37 397/560/37
f 384/547/33 395/558/33 394/557/33 385/548/33
f 387/550/23 396/559/23 395/558/23 384/547/23
f 386/549/34 397/560/34 396/559/34 387/550/34
f 385/548/36 394/557/36 397/560/36 386/549/36
f 398/561/36 399/562/36 400/563/36 401/564/36
f 385/548/33 399/562/33 398/561/33 382/545/33
f 386/549/37 400/563/37 399/562/37 385/548/37
f 389/552/34 401/564/34 400/563/34 386/549/34
f 382/545/35 398/561/35 401/564/35 389/552/35
f 402/565/23 403/566/23 404/567/23 405/568/23
f 383/546/33 403/566/33 402/565/33 384/547/33
f 388/551/35 404/567/35 403/566/35 383/546/35
f 387/550/34 405/568/34 404/567/34 388/551/34
f 384/547/37 402/565/37 405/568/37 387/550/37
f 406/569/33 407/570/33 408/571/33 409/572/33
f 410/573/34 411/574/34 412/575/34 413/576/34
f 414/577/35 415/578/35 416/579/35 417/580/35
f 412/575/34 415/578/34 414/577/34 413/576/34
f 407/570/23 416/579/23 415/578/23 412/575/23
f 406/569/33 417/580/33 416/579/33 407/570/33
f 413/576/36 414/577/36 417/580/36 406/569/36
f 418/581/37 419/582/37 420/583/37 421/584/37
f 408/571/33 419/582/33 418/581/33 409/572/33
f 411/574/23 420/583/23 419/582/23 408/571/23
f 410/573/34 421/584/34 420/583/34 411/574/34
f 409/572/36 418/581/36 421/584/36 410/573/36
f 422/585/36 423/586/36 424/587/36 425/588/36
f 409/572/33 423/586/33 422/585/33 406/569/33
f 410/573/37 424/587/37 423/586/37 409/572/37
f 413/576/34 425/588/34 424/587/34 410/573/34
f 406/569/35 422/585/35 425/588/35 413/576/35
f 426/589/23 427/590/23 428/591/23 429/592/23
f 407/570/33 427/590/33 426/589/33 408/571/33
f 412/575/35 428/591/35 427/590/35 407/570/35
f 411/574/34 429/592/34 428/591/34 412/575/34
f 408/571/37 426/589/37 429/592/37 411/574/37
f 430/593/33 431/594/33 432/595/33 433/596/33
f 434/597/34 435/598/34 436/599/34 437/600/34
f 438/601/37 439/602/37 440/603/37 441/604/37
f 436/599/34 435/598/34 438/601/34 441/604/34
f 433/596/23 436/599/23 441/604/23 440/603/23
f 430/593/33 433/596/33 440/603/33 439/602/33
f 435/598/36 430/593/36 439/602/36 438/601/36
f 442/605/35 443/606/35 444/607/35 445/608/35
f 432/595/33 431/594/33 442/605/33 445/608/33
f 437/600/23 432/595/23 445/608/23 444/607/23
f 434/597/34 437/600/34 444/607/34 443/606/34
f 431/594/36 434/597/36 443/606/36 442/605/36
f 446/609/36 447/610/36 448/611/36 449/612/36
f 431/594/33 430/593/33 446/609/33 449/612/33
f 434/597/35 431/594/35 449/612/35 448/611/35
f 435/598/34 434/597/34 448/611/34 447/610/34
f 430/593/37 435/598/37 447/610/37 446/609/37
f 450/613/23 451/614/23 452/615/23 453/616/23
f 433/596/33 432/595/33 450/613/33 453/616/33
f 436/599/37 433/596/37 453/616/37 452/615/37
f 437/600/34 436/599/34 452/615/34 451/614/34
f 432/595/35 437/600/35 451/614/35 450/613/35
f 454/617/35 455/618/35 456/619/35 457/620/35
f 457/620/33 456/619/33 458/621/33 459/622/33
f 459/622/37 458/621/37 460/623/37 461/624/37
f 461/624/34 460/623/34 455/618/34 454/617/34
f 458/621/23 456/619/23 455/618/23 460/623/23
f 462/625/37 463/626/37 464/627/37 465/628/37
f 463/626/33 466/629/33 467/630/33 464/627/33
f 466/629/35 468/631/35 469/632/35 467/630/35
f 468/631/34 462/625/34 465/628/34 469/632/34
f 467/630/23 469/632/23 465/628/23 464/627/23
f 470/633/1 471/634/1 472/635/1 473/636/1
f 473/636/2 472/635/2 474/637/2 475/638/2
f 475/638/30 474/637/30 476/639/30 477/640/30
f 477/640/4 476/639/4 478/641/4 479/642/4
f 479/642/5 478/641/5 480/643/5 481/644/5
f 481/644/6 480/643/6 482/645/6 483/646/6
f 483/646/7 482/645/7 484/647/7 485/648/7
f 485/648/8 484/647/8 486/649/8 487/650/8
f 487/650/9 486/649/9 488/651/9 489/652/9
f 489/652/32 488/651/32 490/653/32 491/654/32
f 491/654/11 490/653/11 492/655/11 493/656/11
f 493/656/12 492/655/12 494/657/12 495/658/12
f 495/658/13 494/657/13 496/659/13 497/660/13
f 497/660/14 496/659/14 498/661/14 499/662/14
f 499/662/38 498/661/38 500/663/38 501/664/38
f 501/664/16 500/663/16 502/665/16 503/666/16
f 503/666/17 502/665/17 504/667/17 505/668/17
f 505/668/39 504/667/39 506/669/39 507/670/39
f 507/670/19 506/669/19 508/671/19 509/672/19
f 509/672/20 508/671/20 510/673/20 511/674/20
f 511/674/21 510/673/21 512/675/21 513/676/21
f 513/676/40 512/675/40 514/677/40 515/678/40
f 472/635/23 471/634/23 516/679/23 514/677/23 512/675/23 510/673/23 508/671/23 506/669/23 504/667/23 502/665/23 500/663/23 498/661/23 496/659/23 494/657/23 492/655/23 490/653/23 488/651/23 486/649/23 484/647/23 482/645/23 480/643/23 478/641/23 476/639/23 474/637/23
f 515/678/24 514/677/24 516/679/24 517/680/24
f 517/680/25 516/679/25 471/634/25 470/633/25
f 518/681/25 517/682/25 470/683/25 519/684/25
f 520/685/24 515/686/24 517/682/24 518/681/24
f 521/687/40 513/688/40 515/686/40 520/685/40
f 522/689/21 511/690/21 513/688/21 521/687/21
f 523/691/20 509/692/20 511/690/20 522/689/20
f 524/693/19 507/694/19 509/692/19 523/691/19
f 525/695/18 505/696/18 507/694/18 524/693/18
f 526/697/17 503/698/17 505/696/17 525/695/17
f 527/699/16 501/700/16 503/698/16 526/697/16
f 528/701/38 499/702/38 501/700/38 527/699/38
f 529/703/14 497/704/14 499/702/14 528/701/14
f 530/705/13 495/706/13 497/704/13 529/703/13
f 531/707/12 493/708/12 495/706/12 530/705/12
f 532/709/11 491/710/11 493/708/11 531/707/11
f 533/711/10 489/712/10 491/710/10 532/709/10
f 534/713/9 487/714/9 489/712/9 533/711/9
f 535/715/8 485/716/8 487/714/8 534/713/8
f 536/717/7 483/718/7 485/716/7 535/715/7
f 537/719/6 481/720/6 483/718/6 536/717/6
f 538/721/5 479/722/5 481/720/5 537/719/5
f 539/723/4 477/724/4 479/722/4 538/721/4
f 540/725/3 475/726/3 477/724/3 539/723/3
f 541/727/2 473/728/2 475/726/2 540/725/2
f 519/684/1 470/683/1 473/728/1 541/727/1
f 542/729/25 543/730/25 544/731/25 545/732/25
f 543/730/24 546/733/24 547/734/24 544/731/24
f 546/733/22 548/735/22 549/736/22 547/734/22
f 548/735/21 550/737/21 551/738/21 549/736/21
f 550/737/20 552/739/20 553/740/20 551/738/20
f 552/739/19 554/741/19 555/742/19 553/740/19
f 554/741/18 556/743/18 557/744/18 555/742/18
f 556/743/17 558/745/17 559/746/17 557/744/17
f 558/745/16 560/747/16 561/748/16 559/746/16
f 560/747/15 562/749/15 563/750/15 561/748/15
f 562/749/14 564/751/14 565/752/14 563/750/14
f 564/751/13 566/753/13 567/754/13 565/752/13
f 566/753/12 568/755/12 569/756/12 567/754/12
f 568/755/11 570/757/11 571/758/11 569/756/11
f 570/757/32 572/759/32 573/760/32 571/758/32
f 572/759/9 574/761/9 575/762/9 573/760/9
f 574/761/8 576/763/8 577/764/8 575/762/8
f 576/763/7 578/765/7 579/766/7 577/764/7
f 578/765/6 580/767/6 581/768/6 579/766/6
f 580/767/5 582/769/5 583/770/5 581/768/5
f 582/769/4 584/771/4 585/772/4 583/770/4
f 584/771/30 586/773/30 587/774/30 585/772/30
f 544/731/23 547/734/23 549/736/23 551/738/23 553/740/23 555/742/23 557/744/23 559/746/23 561/748/23 563/750/23 565/752/23 567/754/23 569/756/23 571/758/23 573/760/23 575/762/23 577/764/23 579/766/23 581/768/23 583/770/23 585/772/23 587/774/23 588/775/23 545/732/23
f 586/773/2 589/776/2 588/775/2 587/774/2
f 589/776/1 542/729/1 545/732/1 588/775/1
f 590/777/1 591/778/1 542/779/1 589/780/1
f 592/781/2 590/777/2 589/780/2 586/782/2
f 593/783/30 592/781/30 586/782/30 584/784/30
f 594/785/4 593/783/4 584/784/4 582/786/4
f 595/787/5 594/785/5 582/786/5 580/788/5
f 596/789/6 595/787/6 580/788/6 578/790/6
f 597/791/7 596/789/7 578/790/7 576/792/7
f 598/793/8 597/791/8 576/792/8 574/794/8
f 599/795/9 598/793/9 574/794/9 572/796/9
f 600/797/32 599/795/32 572/796/32 570/798/32
f 601/799/11 600/797/11 570/798/11 568/800/11
f 602/801/12 601/799/12 568/800/12 566/802/12
f 603/803/13 602/801/13 566/802/13 564/804/13
f 604/805/14 603/803/14 564/804/14 562/806/14
f 605/807/38 604/805/38 562/806/38 560/808/38
f 606/809/16 605/807/16 560/808/16 558/810/16
f 607/811/17 606/809/17 558/810/17 556/812/17
f 608/813/18 607/811/18 556/812/18 554/814/18
f 609/815/19 608/813/19 554/814/19 552/816/19
f 610/817/20 609/815/20 552/816/20 550/818/20
f 611/819/21 610/817/21 550/818/21 548/820/21
f 612/821/40 611/819/40 548/820/40 546/822/40
f 613/823/24 612/821/24 546/822/24 543/824/24
f 591/778/25 613/823/25 543/824/25 542/779/25
f 614/825/41 615/826/41 616/827/41 617/828/41
f 618/829/41 619/830/41 620/831/41 621/832/41
f 614/825/41 622/833/41 615/826/41
f 623/834/42 624/835/42 625/836/42
f 622/833/43 626/837/43 627/838/43 623/834/43
f 621/832/41 626/837/41 622/833/41 614/825/41
f 621/832/41 620/831/41 626/837/41
f 628/839/44 629/840/44 627/838/44
f 630/841/45 631/842/45 632/843/45 633/844/45
f 628/839/46 634/845/46 635/846/46 629/840/46
f 636/847/47 637/848/47 638/849/47 639/850/47
f 640/851/48 641/852/48 642/853/48 643/854/48
f 637/848/49 636/847/49 644/855/49 645/856/49
f 646/857/50 647/858/50 645/856/50 648/859/50
f 648/859/51 645/856/51 644/855/51
f 649/860/52 650/861/52 643/854/52 642/853/52
f 623/834/53 627/838/53 629/840/53 624/835/53
f 651/862/54 652/863/54 650/861/54 649/860/54
f 653/864/55 647/858/55 646/857/55
f 654/865/56 655/866/56 656/867/56 657/868/56
f 658/869/47 639/850/47 638/849/47
f 657/868/57 656/867/57 652/863/57 651/862/57
f 659/870/58 660/871/58 661/872/58 662/873/58
f 663/874/59 664/875/59 665/876/59 666/877/59
f 667/878/60 668/879/60 669/880/60 670/881/60
f 671/882/61 672/883/61 673/884/61 674/885/61
f 675/886/62 676/887/62 672/883/62 671/882/62
f 677/888/63 678/889/63 664/875/63 679/890/63
f 666/877/64 665/876/64 680/891/64 681/892/64
f 677/888/65 682/893/65 678/889/65
f 683/894/66 684/895/66 685/896/66
f 680/891/60 686/897/60 687/898/60 688/899/60
f 689/900/67 690/901/67 691/902/67 692/903/67
f 693/904/68 694/905/68 690/901/68 689/900/68
f 692/903/67 691/902/67 695/906/67 696/907/67
f 697/908/69 698/909/69 699/910/69 700/911/69
f 693/904/70 701/912/70 694/905/70
f 702/913/60 668/879/60 667/878/60 694/905/60
f 703/914/71 704/915/71 705/916/71
f 705/916/72 704/915/72 706/917/72
f 707/918/73 708/919/73 709/920/73 710/921/73
f 703/914/74 711/922/74 712/923/74 704/915/74
f 625/836/75 624/835/75 713/924/75 714/925/75
f 715/926/76 716/927/76 706/917/76 704/915/76
f 717/928/77 718/929/77 716/927/77 715/926/77
f 708/919/78 707/918/78 719/930/78
f 700/911/79 699/910/79 684/895/79 683/894/79
f 720/931/80 721/932/80 722/933/80 723/934/80
f 724/935/81 725/936/81 726/937/81 727/938/81
f 662/873/47 728/939/47 729/940/47 659/870/47
f 730/941/82 731/942/82 732/943/82 733/944/82
f 734/945/83 735/946/83 736/947/83
f 736/947/83 735/946/83 737/948/83
f 738/949/84 739/950/84 740/951/84 741/952/84
f 742/953/85 743/954/85 744/955/85
f 745/956/86 746/957/86 747/958/86
f 710/921/77 709/920/77 718/929/77 717/928/77
f 748/959/82 743/954/82 742/953/82
f 735/946/87 734/945/87 747/958/87 746/957/87
f 749/960/88 750/961/88 751/962/88 752/963/88
f 753/964/89 754/965/89 755/966/89 756/967/89
f 755/966/90 754/965/90 757/968/90
f 758/969/91 737/948/91 742/953/91 744/955/91
f 727/938/92 726/937/92 721/932/92 720/931/92
f 728/939/93 759/970/93 760/971/93 729/940/93
f 761/972/94 762/973/94 763/974/94 764/975/94
f 741/952/95 740/951/95 765/976/95
f 687/898/96 686/897/96 674/885/96 766/977/96
f 681/892/60 680/891/60 688/899/60
f 678/889/97 682/893/97 683/894/97 685/896/97
f 679/890/98 664/875/98 663/874/98
f 766/977/99 674/885/99 673/884/99
f 737/948/83 758/969/83 736/947/83
f 633/844/100 632/843/100 767/978/100
f 633/844/100 767/978/100 768/979/100
f 769/980/101 770/981/101 771/982/101
f 772/983/102 757/968/102 752/963/102 751/962/102
f 653/864/103 760/971/103 759/970/103 647/858/103
f 734/945/104 758/969/104 744/955/104 747/958/104
f 712/923/105 773/984/105 633/844/105 768/979/105
f 641/852/106 640/851/106 770/981/106 769/980/106
f 740/951/107 762/973/107 761/972/107 765/976/107
f 655/866/101 654/865/101 661/872/101 660/871/101
f 711/922/108 773/984/108 712/923/108
f 694/905/109 701/912/109 702/913/109
f 670/881/110 774/985/110 698/909/110 697/908/110
f 768/979/111 767/978/111 719/930/111 707/918/111
f 670/881/112 775/986/112 774/985/112
f 670/881/113 669/880/113 775/986/113
f 755/966/114 757/968/114 772/983/114 730/941/114
f 731/942/82 730/941/82 772/983/82
f 769/980/115 771/982/115 658/869/115 638/849/115
f 745/956/116 776/987/116 765/976/116 746/957/116
f 777/988/117 778/989/117 779/990/117 780/991/117
f 781/992/117 782/993/117 783/994/117 784/995/117
f 777/988/118 780/991/118 785/996/118
f 786/997/119 787/998/119 788/999/119
f 785/996/120 786/997/120 789/1000/120 790/1001/120
f 782/993/121 777/988/121 785/996/121 790/1001/121
f 782/993/122 790/1001/122 783/994/122
f 791/1002/123 789/1000/123 792/1003/123
f 793/1004/124 794/1005/124 795/1006/124 796/1007/124
f 791/1002/125 792/1003/125 797/1008/125 798/1009/125
f 799/1010/126 800/1011/126 801/1012/126 802/1013/126
f 803/1014/127 804/1015/127 805/1016/127 806/1017/127
f 802/1013/128 807/1018/128 808/1019/128 799/1010/128
f 809/1020/129 810/1021/129 807/1018/129 811/1022/129
f 810/1021/130 808/1019/130 807/1018/130
f 812/1023/131 805/1016/131 804/1015/131 813/1024/131
f 786/997/132 788/999/132 792/1003/132 789/1000/132
f 814/1025/133 812/1023/133 813/1024/133 815/1026/133
f 816/1027/134 809/1020/134 811/1022/134
f 817/1028/135 818/1029/135 819/1030/135 820/1031/135
f 821/1032/136 801/1012/136 800/1011/136
f 818/1029/137 814/1025/137 815/1026/137 819/1030/137
f 822/1033/138 823/1034/138 824/1035/138 825/1036/138
f 826/1037/139 827/1038/139 828/1039/139 829/1040/139
f 830/1041/140 831/1042/140 832/1043/140 833/1044/140
f 834/1045/141 835/1046/141 836/1047/141 837/1048/141
f 838/1049/142 834/1045/142 837/1048/142 839/1050/142
f 840/1051/143 841/1052/143 829/1040/143 842/1053/143
f 827/1038/144 843/1054/144 844/1055/144 828/1039/144
f 840/1051/145 842/1053/145 845/1056/145
f 846/1057/146 847/1058/146 848/1059/146
f 844/1055/147 849/1060/147 850/1061/147 851/1062/147
f 852/1063/148 853/1064/148 854/1065/148 855/1066/148
f 856/1067/149 852/1063/149 855/1066/149 857/1068/149
f 853/1064/150 858/1069/150 859/1070/150 854/1065/150
f 860/1071/151 861/1072/151 862/1073/151 863/1074/151
f 856/1067/152 857/1068/152 864/1075/152
f 865/1076/153 857/1068/153 830/1041/153 833/1044/153
f 866/1077/154 867/1078/154 868/1079/154
f 867/1078/155 869/1080/155 868/1079/155
f 870/1081/156 871/1082/156 872/1083/156 873/1084/156
f 866/1077/157 868/1079/157 874/1085/157 875/1086/157
f 787/998/158 876/1087/158 877/1088/158 788/999/158
f 878/1089/159 868/1079/159 869/1080/159 879/1090/159
f 880/1091/160 878/1089/160 879/1090/160 881/1092/160
f 873/1084/161 882/1093/161 870/1081/161
f 861/1072/162 846/1057/162 848/1059/162 862/1073/162
f 883/1094/163 884/1095/163 885/1096/163 886/1097/163
f 887/1098/164 888/1099/164 889/1100/164 890/1101/164
f 823/1034/165 822/1033/165 891/1102/165 892/1103/165
f 893/1104/166 894/1105/166 895/1106/166 896/1107/166
f 897/1108/167 898/1109/167 899/1110/167
f 898/1109/168 900/1111/168 899/1110/168
f 901/1112/169 902/1113/169 903/1114/169 904/1115/169
f 905/1116/170 906/1117/170 907/1118/170
f 908/1119/171 909/1120/171 910/1121/171
f 871/1082/172 880/1091/172 881/1092/172 872/1083/172
f 911/1122/173 905/1116/173 907/1118/173
f 899/1110/174 910/1121/174 909/1120/174 897/1108/174
f 912/1123/175 913/1124/175 914/1125/175 915/1126/175
f 916/1127/176 917/1128/176 918/1129/176 919/1130/176
f 918/1129/177 920/1131/177 919/1130/177
f 921/1132/178 906/1117/178 905/1116/178 900/1111/178
f 888/1099/179 883/1094/179 886/1097/179 889/1100/179
f 892/1103/180 891/1102/180 922/1133/180 923/1134/180
f 924/1135/181 925/1136/181 926/1137/181 927/1138/181
f 902/1113/182 928/1139/182 903/1114/182
f 850/1061/183 929/1140/183 835/1046/183 851/1062/183
f 843/1054/184 849/1060/184 844/1055/184
f 842/1053/185 847/1058/185 846/1057/185 845/1056/185
f 841/1052/186 826/1037/186 829/1040/186
f 929/1140/187 836/1047/187 835/1046/187
f 900/1111/188 898/1109/188 921/1132/188
f 794/1005/189 930/1141/189 795/1006/189
f 794/1005/189 931/1142/189 930/1141/189
f 932/1143/190 933/1144/190 934/1145/190
f 935/1146/191 914/1125/191 913/1124/191 920/1131/191
f 816/1027/192 811/1022/192 923/1134/192 922/1133/192
f 897/1108/193 909/1120/193 906/1117/193 921/1132/193
f 874/1085/194 931/1142/194 794/1005/194 936/1147/194
f 806/1017/195 932/1143/195 934/1145/195 803/1014/195
f 903/1114/196 928/1139/196 924/1135/196 927/1138/196
f 820/1031/197 825/1036/197 824/1035/197 817/1028/197
f 875/1086/198 874/1085/198 936/1147/198
f 857/1068/199 865/1076/199 864/1075/199
f 831/1042/200 860/1071/200 863/1074/200 937/1148/200
f 931/1142/201 870/1081/201 882/1093/201 930/1141/201
f 831/1042/202 937/1148/202 938/1149/202
f 831/1042/203 938/1149/203 832/1043/203
f 918/1129/204 893/1104/204 935/1146/204 920/1131/204
f 896/1107/205 935/1146/205 893/1104/205
f 932/1143/206 801/1012/206 821/1032/206 933/1144/206
f 908/1119/207 910/1121/207 928/1139/207 939/1150/207
f 714/925/208 713/924/208 877/1088/208 876/1087/208
f 627/838/209 626/837/209 790/1001/209 789/1000/209
f 626/837/210 620/831/210 783/994/210 790/1001/210
f 639/850/211 658/869/211 821/1032/211 800/1011/211
f 636/847/212 639/850/212 800/1011/212 799/1010/212
f 644/855/213 636/847/213 799/1010/213 808/1019/213
f 648/859/214 644/855/214 808/1019/214 810/1021/214
f 646/857/215 648/859/215 810/1021/215 809/1020/215
f 645/856/216 647/858/216 811/1022/216 807/1018/216
f 633/844/217 773/984/217 936/1147/217 794/1005/217
f 624/835/218 629/840/218 792/1003/218 788/999/218
f 757/968/219 754/965/219 919/1130/219 920/1131/219
f 731/942/220 772/983/220 935/1146/220 896/1107/220
f 708/919/221 719/930/221 882/1093/221 873/1084/221
f 712/923/222 768/979/222 931/1142/222 874/1085/222
f 742/953/223 737/948/223 900/1111/223 905/1116/223
f 736/947/224 758/969/224 921/1132/224 898/1109/224
f 734/945/225 736/947/225 898/1109/225 897/1108/225
f 735/946/226 746/957/226 910/1121/226 899/1110/226
f 747/958/227 744/955/227 906/1117/227 909/1120/227
f 622/833/23 623/834/23 786/997/23 785/996/23
f 719/930/228 767/978/228 930/1141/228 882/1093/228
f 776/987/229 745/956/229 908/1119/229 939/1150/229
f 758/969/230 734/945/230 897/1108/230 921/1132/230
f 755/966/231 730/941/231 893/1104/231 918/1129/231
f 730/941/232 733/944/232 894/1105/232 893/1104/232
f 752/963/233 757/968/233 920/1131/233 913/1124/233
f 764/975/234 763/974/234 926/1137/234 925/1136/234
f 740/951/235 739/950/235 904/1115/235 903/1114/235
f 617/828/236 616/827/236 779/990/236 778/989/236
f 625/836/237 714/925/237 876/1087/237 787/998/237
f 713/924/238 624/835/238 788/999/238 877/1088/238
f 616/827/239 615/826/239 780/991/239 779/990/239
f 614/825/240 617/828/240 778/989/240 777/988/240
f 615/826/241 622/833/241 785/996/241 780/991/241
f 623/834/242 625/836/242 787/998/242 786/997/242
f 621/832/243 614/825/243 777/988/243 782/993/243
f 628/839/244 627/838/244 789/1000/244 791/1002/244
f 620/831/245 619/830/245 784/995/245 783/994/245
f 635/846/246 634/845/246 798/1009/246 797/1008/246
f 629/840/247 635/846/247 797/1008/247 792/1003/247
f 618/829/248 621/832/248 782/993/248 781/992/248
f 619/830/36 618/829/36 781/992/36 784/995/36
f 658/869/249 771/982/249 933/1144/249 821/1032/249
f 771/982/250 770/981/250 934/1145/250 933/1144/250
f 770/981/251 640/851/251 803/1014/251 934/1145/251
f 640/851/252 643/854/252 804/1015/252 803/1014/252
f 769/980/253 638/849/253 801/1012/253 932/1143/253
f 641/852/254 769/980/254 932/1143/254 806/1017/254
f 638/849/255 637/848/255 802/1013/255 801/1012/255
f 642/853/256 641/852/256 806/1017/256 805/1016/256
f 637/848/257 645/856/257 807/1018/257 802/1013/257
f 643/854/258 650/861/258 813/1024/258 804/1015/258
f 649/860/259 642/853/259 805/1016/259 812/1023/259
f 650/861/260 652/863/260 815/1026/260 813/1024/260
f 651/862/261 649/860/261 812/1023/261 814/1025/261
f 657/868/262 651/862/262 814/1025/262 818/1029/262
f 653/864/263 646/857/263 809/1020/263 816/1027/263
f 647/858/264 759/970/264 923/1134/264 811/1022/264
f 652/863/265 656/867/265 819/1030/265 815/1026/265
f 654/865/266 657/868/266 818/1029/266 817/1028/266
f 759/970/267 728/939/267 892/1103/267 923/1134/267
f 760/971/268 653/864/268 816/1027/268 922/1133/268
f 661/872/269 654/865/269 817/1028/269 824/1035/269
f 728/939/270 662/873/270 823/1034/270 892/1103/270
f 662/873/271 661/872/271 824/1035/271 823/1034/271
f 656/867/272 655/866/272 820/1031/272 819/1030/272
f 729/940/273 760/971/273 922/1133/273 891/1102/273
f 655/866/274 660/871/274 825/1036/274 820/1031/274
f 659/870/275 729/940/275 891/1102/275 822/1033/275
f 660/871/276 659/870/276 822/1033/276 825/1036/276
f 688/899/277 687/898/277 850/1061/277 849/1060/277
f 681/892/278 688/899/278 849/1060/278 843/1054/278
f 687/898/279 766/977/279 929/1140/279 850/1061/279
f 666/877/280 681/892/280 843/1054/280 827/1038/280
f 766/977/281 673/884/281 836/1047/281 929/1140/281
f 663/874/282 666/877/282 827/1038/282 826/1037/282
f 686/897/283 680/891/283 844/1055/283 851/1062/283
f 680/891/284 665/876/284 828/1039/284 844/1055/284
f 674/885/285 686/897/285 851/1062/285 835/1046/285
f 673/884/286 672/883/286 837/1048/286 836/1047/286
f 679/890/287 663/874/287 826/1037/287 841/1052/287
f 665/876/288 664/875/288 829/1040/288 828/1039/288
f 671/882/289 674/885/289 835/1046/289 834/1045/289
f 664/875/290 678/889/290 842/1053/290 829/1040/290
f 672/883/291 676/887/291 839/1050/291 837/1048/291
f 675/886/292 671/882/292 834/1045/292 838/1049/292
f 676/887/293 675/886/293 838/1049/293 839/1050/293
f 677/888/294 679/890/294 841/1052/294 840/1051/294
f 678/889/295 685/896/295 847/1058/295 842/1053/295
f 682/893/296 677/888/296 840/1051/296 845/1056/296
f 685/896/297 684/895/297 848/1059/297 847/1058/297
f 683/894/298 682/893/298 845/1056/298 846/1057/298
f 684/895/299 699/910/299 862/1073/299 848/1059/299
f 695/906/300 691/902/300 854/1065/300 859/1070/300
f 696/907/301 695/906/301 859/1070/301 858/1069/301
f 692/903/302 696/907/302 858/1069/302 853/1064/302
f 689/900/303 692/903/303 853/1064/303 852/1063/303
f 700/911/304 683/894/304 846/1057/304 861/1072/304
f 699/910/305 698/909/305 863/1074/305 862/1073/305
f 691/902/306 690/901/306 855/1066/306 854/1065/306
f 697/908/307 700/911/307 861/1072/307 860/1071/307
f 693/904/308 689/900/308 852/1063/308 856/1067/308
f 670/881/309 697/908/309 860/1071/309 831/1042/309
f 690/901/310 694/905/310 857/1068/310 855/1066/310
f 698/909/311 774/985/311 937/1148/311 863/1074/311
f 694/905/312 667/878/312 830/1041/312 857/1068/312
f 667/878/313 670/881/313 831/1042/313 830/1041/313
f 701/912/314 693/904/314 856/1067/314 864/1075/314
f 774/985/315 775/986/315 938/1149/315 937/1148/315
f 702/913/316 701/912/316 864/1075/316 865/1076/316
f 775/986/317 669/880/317 832/1043/317 938/1149/317
f 669/880/318 668/879/318 833/1044/318 832/1043/318
f 668/879/319 702/913/319 865/1076/319 833/1044/319
f 711/922/320 703/914/320 866/1077/320 875/1086/320
f 773/984/321 711/922/321 875/1086/321 936/1147/321
f 703/914/322 705/916/322 867/1078/322 866/1077/322
f 705/916/323 706/917/323 869/1080/323 867/1078/323
f 704/915/324 712/923/324 874/1085/324 868/1079/324
f 706/917/325 716/927/325 879/1090/325 869/1080/325
f 631/842/326 630/841/326 793/1004/326 796/1007/326
f 715/926/327 704/915/327 868/1079/327 878/1089/327
f 716/927/328 718/929/328 881/1092/328 879/1090/328
f 717/928/329 715/926/329 878/1089/329 880/1091/329
f 710/921/330 717/928/330 880/1091/330 871/1082/330
f 707/918/331 710/921/331 871/1082/331 870/1081/331
f 718/929/332 709/920/332 872/1083/332 881/1092/332
f 709/920/333 708/919/333 873/1084/333 872/1083/333
f 632/843/334 631/842/334 796/1007/334 795/1006/334
f 630/841/335 633/844/335 794/1005/335 793/1004/335
f 722/933/336 721/932/336 886/1097/336 885/1096/336
f 720/931/337 723/934/337 884/1095/337 883/1094/337
f 727/938/338 720/931/338 883/1094/338 888/1099/338
f 721/932/339 726/937/339 889/1100/339 886/1097/339
f 726/937/340 725/936/340 890/1101/340 889/1100/340
f 724/935/341 727/938/341 888/1099/341 887/1098/341
f 725/936/342 724/935/342 887/1098/342 890/1101/342
f 737/948/343 735/946/343 899/1110/343 900/1111/343
f 756/967/344 755/966/344 918/1129/344 917/1128/344
f 733/944/345 732/943/345 895/1106/345 894/1105/345
f 732/943/346 731/942/346 896/1107/346 895/1106/346
f 754/965/347 753/964/347 916/1127/347 919/1130/347
f 745/956/348 747/958/348 909/1120/348 908/1119/348
f 744/955/349 743/954/349 907/1118/349 906/1117/349
f 767/978/350 632/843/350 795/1006/350 930/1141/350
f 768/979/351 707/918/351 870/1081/351 931/1142/351
f 746/957/352 765/976/352 928/1139/352 910/1121/352
f 748/959/353 742/953/353 905/1116/353 911/1122/353
f 743/954/354 748/959/354 911/1122/354 907/1118/354
f 749/960/355 752/963/355 913/1124/355 912/1123/355
f 751/962/356 750/961/356 915/1126/356 914/1125/356
f 765/976/357 776/987/357 939/1150/357 928/1139/357
f 772/983/358 751/962/358 914/1125/358 935/1146/358
f 753/964/359 756/967/359 917/1128/359 916/1127/359
f 761/972/360 764/975/360 925/1136/360 924/1135/360
f 763/974/361 762/973/361 927/1138/361 926/1137/361
f 738/949/362 741/952/362 902/1113/362 901/1112/362
f 762/973/363 740/951/363 903/1114/363 927/1138/363
f 765/976/364 761/972/364 924/1135/364 928/1139/364
f 741/952/365 765/976/365 928/1139/365 902/1113/365
f 739/950/366 738/949/366 901/1112/366 904/1115/366
f 634/845/367 628/839/367 791/1002/367 798/1009/367
f 723/934/368 722/933/368 885/1096/368 884/1095/368
f 750/961/36 749/960/36 912/1123/36 915/1126/36
f 940/1151/33 941/1152/33 942/1153/33 943/1154/33
f 944/1155/37 945/1156/37 946/1157/37 947/1158/37
f 948/1159/34 949/1160/34 950/1161/34 951/1162/34
f 952/1163/33 953/1164/33 954/1165/33 955/1166/33
f 956/1167/37 957/1168/37 958/1169/37 959/1170/37
f 960/1171/34 961/1172/34 962/1173/34 963/1174/34
f 964/1175/34 965/1176/34 966/1177/34 967/1178/34
f 968/1179/34 969/1180/34 970/1181/34 971/1182/34
f 972/1183/33 973/1184/33 974/1185/33 975/1186/33
f 976/1187/33 977/1188/33 978/1189/33 979/1190/33
f 980/1191/33 981/1192/33 982/1193/33 983/1194/33
f 984/1195/35 985/1196/35 986/1197/35
f 987/1198/35 988/1199/35 989/1200/35 990/1201/35
f 991/1202/34 992/1203/34 993/1204/34 994/1205/34
f 995/1206/37 996/1207/37 997/1208/37 998/1209/37
f 999/1210/37 1000/1211/37 1001/1212/37 1002/1213/37
f 1003/1214/23 1004/1215/23 1005/1216/23 1006/1217/23 1007/1218/23
f 1007/1218/23 1006/1217/23 1008/1219/23 1009/1220/23
f 1009/1220/23 1008/1219/23 1010/1221/23 1011/1222/23
f 1011/1222/23 1010/1221/23 1012/1223/23 1013/1224/23
f 1013/1224/23 1012/1223/23 1014/1225/23 1015/1226/23
f 1016/1227/35 987/1198/35 990/1201/35 1017/1228/35
f 1018/1229/33 1019/1230/33 1020/1231/33 1021/1232/33
f 1022/1233/35 1016/1227/35 1017/1228/35 1023/1234/35
f 1024/1235/37 1025/1236/37 1026/1237/37 1027/1238/37
f 1028/1239/33 1029/1240/33 1030/1241/33 1031/1242/33
f 1032/1243/369 1033/1244/370 1034/1245/371
f 1035/1246/23 1033/1244/372 1032/1243/23 1036/1247/23
f 948/1248/373 951/1249/373 1037/1250/373 1038/1251/373
f 964/1252/34 967/1253/34 1039/1254/34 1040/1255/34
f 966/1256/34 965/1257/34 992/1258/34 991/1259/34
f 965/1257/34 964/1252/34 1040/1255/34 992/1258/34
f 967/1253/34 966/1256/34 991/1259/34 1039/1254/34
f 949/1260/34 948/1248/34 1038/1251/34 1041/1261/34
f 944/1262/37 947/1263/37 1042/1264/37 1043/1265/37
f 968/1266/34 971/1267/34 1038/1251/34 1039/1254/34
f 946/1268/37 945/1269/37 995/1270/37 1044/1271/37
f 970/1272/34 969/1273/34 991/1259/34 1041/1261/34
f 963/1274/34 962/1275/34 992/1258/34 1040/1255/34
f 969/1273/34 968/1266/34 1039/1254/34 991/1259/34
f 971/1267/34 970/1272/34 1041/1261/34 1038/1251/34
f 992/1203/34 1045/1276/34 1046/1277/34 993/1204/34
f 961/1278/34 960/1279/34 1047/1280/34 1045/1281/34
f 1044/1282/37 995/1206/37 998/1209/37 1048/1283/37
f 945/1269/37 944/1262/37 1043/1265/37 995/1270/37
f 1000/1284/37 999/1285/37 1049/1286/37 1050/1287/37
f 999/1285/37 1002/1288/37 1051/1289/37 1049/1286/37
f 958/1290/37 957/1291/37 996/1292/37 995/1270/37
f 959/1293/37 958/1290/37 995/1270/37 1043/1265/37
f 956/1294/37 959/1293/37 1043/1265/37 1052/1295/37
f 1001/1296/37 1000/1284/37 1050/1287/37 1053/1297/37
f 1002/1288/37 1001/1296/37 1053/1297/37 1051/1289/37
f 1054/1298/35 1022/1233/35 1023/1234/35 1055/1299/35
f 1025/1236/37 1056/1300/37 1057/1301/37 1026/1237/37
f 957/1291/37 956/1294/37 1052/1295/37 996/1292/37
f 1058/1302/33 1059/1303/33 1060/1304/33 1061/1305/33
f 952/1306/33 955/1307/33 1062/1308/33 1063/1309/33
f 953/1310/33 952/1306/33 1063/1309/33 1064/1311/33
f 972/1312/33 975/1313/33 1065/1314/33 1066/1315/33
f 973/1316/33 972/1312/33 1066/1315/33 1067/1317/33
f 974/1318/33 973/1316/33 1067/1317/33 1068/1319/33
f 982/1320/33 981/1321/33 1069/1322/33 1029/1323/33
f 980/1324/33 983/1325/33 1070/1326/33 1071/1327/33
f 975/1313/33 974/1318/33 1068/1319/33 1065/1314/33
f 981/1321/33 980/1324/33 1071/1327/33 1069/1322/33
f 983/1325/33 982/1320/33 1029/1323/33 1070/1326/33
f 954/1328/33 953/1310/33 1064/1311/33 1072/1329/33
f 955/1307/33 954/1328/33 1072/1329/33 1062/1308/33
f 942/1330/33 941/1331/33 1029/1323/33 1028/1332/33
f 943/1333/33 942/1330/33 1028/1332/33 1073/1334/33
f 1060/1335/33 1059/1336/33 1072/1329/33 1067/1317/33
f 1061/1337/33 1060/1335/33 1067/1317/33 1066/1315/33
f 978/1338/33 977/1339/33 1068/1319/33 1069/1322/33
f 940/1340/33 943/1333/33 1073/1334/33 1070/1326/33
f 976/1341/33 979/1342/33 1071/1327/33 1065/1314/33
f 977/1339/33 976/1341/33 1065/1314/33 1068/1319/33
f 979/1342/33 978/1338/33 1069/1322/33 1071/1327/33
f 941/1331/33 940/1340/33 1070/1326/33 1029/1323/33
f 1058/1343/33 1061/1337/33 1066/1315/33 1062/1308/33
f 1059/1336/33 1058/1343/33 1062/1308/33 1072/1329/33
f 1074/1344/374 1075/1345/374 1076/1346/374
f 1077/1347/35 1054/1298/35 1055/1299/35 1078/1348/35
f 1056/1300/37 1079/1349/37 1080/1350/37 1057/1301/37
f 1081/1351/37 1082/1352/37 1083/1353/37 1084/1354/37
f 1085/1355/37 1086/1356/37 1087/1357/37 1088/1358/37
f 1089/1359/37 1090/1360/37 1091/1361/37 1092/1362/37
f 1093/1363/37 1094/1364/37 1095/1365/37 1096/1366/37
f 1097/1367/37 1098/1368/37 1099/1369/37 1100/1370/37
f 1100/1371/37 1099/1372/37 1101/1373/37 1102/1374/37
f 1089/1375/37 1092/1376/37 1103/1377/37 1104/1378/37
f 1081/1379/37 1084/1380/37 1105/1381/37 1106/1382/37
f 1083/1383/37 1082/1384/37 1107/1385/37 1079/1386/37
f 1091/1387/37 1090/1388/37 1056/1389/37 1025/1390/37
f 1108/1391/34 1109/1392/34 1110/1393/34 1111/1394/34
f 1082/1384/37 1081/1379/37 1106/1382/37 1107/1385/37
f 1084/1380/37 1083/1383/37 1079/1386/37 1105/1381/37
f 1090/1388/37 1089/1375/37 1104/1378/37 1056/1389/37
f 1092/1376/37 1091/1387/37 1025/1390/37 1103/1377/37
f 1098/1395/37 1097/1396/37 1112/1397/37 1024/1398/37
f 1099/1372/37 1098/1395/37 1024/1398/37 1101/1373/37
f 1093/1399/37 1096/1400/37 1112/1397/37 1103/1377/37
f 1085/1401/37 1088/1402/37 1104/1378/37 1105/1381/37
f 1087/1403/37 1086/1404/37 1079/1386/37 1056/1389/37
f 1095/1405/37 1094/1406/37 1025/1390/37 1024/1398/37
f 1086/1404/37 1085/1401/37 1105/1381/37 1079/1386/37
f 1088/1402/37 1087/1403/37 1056/1389/37 1104/1378/37
f 1094/1406/37 1093/1399/37 1103/1377/37 1025/1390/37
f 1096/1400/37 1095/1405/37 1024/1398/37 1112/1397/37
f 1079/1349/37 1107/1407/37 1113/1408/37 1080/1350/37
f 951/1249/375 1114/1409/375 1037/1250/375
f 1101/1410/37 1024/1235/37 1027/1238/37 1115/1411/37
f 1116/1412/33 1117/1413/33 1118/1414/33 1019/1415/33
f 1119/1416/34 1120/1417/34 1121/1418/34 1122/1419/34
f 1029/1240/33 1069/1420/33 1123/1421/33 1030/1241/33
f 1069/1420/33 1068/1422/33 1124/1423/33 1123/1421/33
f 1120/1424/34 1119/1425/34 1125/1426/34 1109/1427/34
f 1068/1422/33 1126/1428/33 1127/1429/33 1124/1423/33
f 1128/1430/33 1129/1431/33 1117/1432/33 1116/1433/33
f 1130/1434/36 1131/1435/36 1132/1436/36 1133/1437/36
f 1122/1438/34 1121/1439/34 1108/1440/34 1134/1441/34
f 1097/1396/37 1100/1371/37 1102/1374/37 1112/1397/37
f 1119/1425/34 1122/1438/34 1134/1441/34 1125/1426/34
f 1053/1442/37 1050/1443/37 1135/1444/37 1136/1445/37
f 988/1199/35 984/1195/35 986/1197/35 989/1200/35
f 1041/1446/34 991/1202/34 994/1205/34 1137/1447/34
f 962/1275/34 961/1278/34 1045/1281/34 992/1258/34
f 960/1279/34 963/1274/34 1040/1255/34 1047/1280/34
f 1138/1448/23 1035/1246/23 1036/1247/23
f 1139/1449/23 1138/1448/23 1036/1247/23
f 1140/1450/23 1141/1451/23 1139/1449/23 1036/1247/23
f 1142/1452/23 1140/1450/23 1036/1247/23
f 1143/1453/23 1144/1454/23 1142/1452/23 1036/1247/23
f 1145/1455/376 1146/1456/376 1147/1457/376
f 1148/1458/377 1015/1226/377 1036/1247/377
f 950/1459/378 949/1260/378 1041/1261/378 1149/1460/378
f 1015/1226/379 1014/1225/379 1036/1247/379
f 1150/1461/380 1151/1462/380 1152/1463/380 1153/1464/380
f 1032/1243/381 1148/1458/381 1036/1247/381
f 1154/1465/34 1155/1466/34 1521/1467/34 1156/1468/34
f 1117/1413/33 1129/1469/33 1157/1470/33 1118/1414/33
f 1158/1471/36 1159/1472/36 1160/1473/36 1161/1474/36
f 1162/1475/23 1163/1476/23 1164/1477/23 1165/1478/23
f 1166/1479/36 1158/1471/36 1161/1474/36 1167/1480/36
f 1168/1481/36 1169/1482/36 1170/1483/36 1171/1484/36
f 1172/1485/23 1173/1486/23 1174/1487/23 1175/1488/23
f 1176/1489/23 1177/1490/23 1178/1491/23 1179/1492/23
f 1180/1493/382 1149/1494/382 1041/1446/382 1137/1447/382
f 1181/1495/383 1182/1496/383 1183/1497/383
f 1180/1493/384 1184/1498/384 1149/1494/384
f 1072/1499/33 1064/1500/33 1185/1501/33 1186/1502/33
f 1187/1503/385 1188/1504/385 1189/1505/385 1190/1506/385
f 1191/1507/374 1192/1508/374 1193/1509/374 1194/1510/374
f 1195/1511/380 1191/1507/380 1194/1510/380 1196/1512/380
f 1197/1513/386 1187/1503/386 1190/1506/386 1198/1514/386
f 1199/1515/376 1195/1511/376 1196/1512/376 1200/1516/376
f 1201/1517/387 950/1459/387 1149/1460/387 1184/1518/387
f 1202/1519/36 1203/1520/36 1204/1521/36 1205/1522/36
f 1151/1523/374 1076/1524/374 1192/1525/374 1191/1526/374
f 1152/1527/380 1151/1523/380 1191/1526/380 1195/1528/380
f 1146/1529/376 1152/1527/376 1195/1528/376 1199/1530/376
f 1114/1409/375 951/1249/375 950/1459/375 1201/1517/375
f 1147/1457/376 1146/1456/376 1199/1515/376 1188/1504/376
f 1188/1504/376 1199/1515/376 1200/1516/376 1189/1505/376
f 1206/1531/36 1207/1532/36 1208/1533/36 1209/1534/36 1210/1535/36 1211/1536/36
f 1153/1464/376 1152/1463/376 1146/1456/376 1145/1455/376
f 1192/1508/374 1076/1346/374 1075/1345/374 1212/1537/374
f 1213/1538/388 1214/1539/388 1215/1540/388 1216/1541/388
f 1217/1542/388 1213/1543/388 1216/1544/388 1218/1545/388
f 947/1263/37 946/1268/37 1044/1271/37 1042/1264/37
f 1193/1509/374 1192/1508/374 1212/1537/374
f 1076/1346/374 1151/1462/374 1150/1461/374 1074/1344/374
f 1219/1546/389 1220/1547/389 1197/1513/389 1221/1548/389
f 1221/1548/389 1197/1513/389 1198/1514/389 1222/1549/389
f 1223/1550/23 1224/1551/23 1225/1552/23 1226/1553/23
f 1227/1554/37 1228/1555/37 1229/1556/37 1230/1557/37
f 1231/1558/388 1232/1559/388 1233/1560/388 1234/1561/388
f 1234/1562/388 1235/1563/388 1236/1564/388 1231/1565/388
f 1237/1566/35 1238/1567/35 1239/1568/35 1240/1569/35
f 1241/1570/390 1242/1571/390 1243/1572/390 1244/1573/390
f 1245/1574/391 1241/1570/391 1244/1573/391 1246/1575/391
f 1247/1576/392 1248/1577/392 1249/1578/392 1250/1579/392
f 1251/1580/393 1247/1576/393 1250/1579/393 1252/1581/393
f 1253/1582/23 1254/1583/23 1255/1584/23 1256/1585/23
f 1248/1577/394 1245/1574/394 1246/1575/394 1249/1578/394
f 1257/1586/395 1251/1580/395 1252/1581/395 1258/1587/395
f 1173/1486/23 1259/1588/23 1260/1589/23 1174/1487/23
f 1261/1590/23 1172/1485/23 1175/1488/23 1262/1591/23 1263/1592/23
f 1264/1593/36 1168/1481/36 1171/1484/36 1265/1594/36
f 1259/1588/23 1223/1550/23 1226/1553/23 1260/1589/23
f 1224/1551/23 1162/1475/23 1165/1478/23 1225/1552/23
f 1242/1571/396 1266/1595/396 1267/1596/396 1243/1572/396
f 1169/1482/36 1166/1479/36 1167/1480/36 1170/1483/36
f 1159/1472/36 1206/1531/36 1211/1536/36 1160/1473/36
f 1262/1597/23 1268/1598/23 1263/1599/23
f 1254/1583/23 1269/1600/23 1270/1601/23 1255/1584/23
f 1267/1596/397 1266/1595/397 1271/1602/397 1272/1603/397
f 1272/1603/398 1271/1602/398 1273/1604/398 1274/1605/398
f 1275/1606/399 1276/1607/399 1274/1605/399 1273/1604/399
f 1277/1608/36 1278/1609/36 1279/1610/36 1280/1611/36
f 1281/1612/385 1282/1613/385 1283/1614/385 1284/1615/385
f 1285/1616/36 1202/1519/36 1205/1522/36 1286/1617/36
f 1287/1618/35 1288/1619/35 1289/1620/35 1290/1621/35
f 1129/1469/33 1128/1622/33 1018/1623/33 1157/1470/33
f 1128/1622/33 1116/1412/33 1019/1415/33 1018/1623/33
f 1121/1439/34 1120/1424/34 1109/1427/34 1108/1440/34
f 996/1207/37 1053/1442/37 1136/1445/37 997/1208/37
f 1291/1624/400 1292/1625/400 1293/1626/400 1294/1627/400
f 1295/1628/401 1296/1629/401 1297/1630/401 1298/1631/401
f 1292/1632/400 1299/1633/400 1300/1634/400 1293/1635/400
f 1301/1636/401 1295/1637/401 1298/1638/401 1302/1639/401
f 1303/1640/35 1304/1641/35 1305/1642/35 1306/1643/35
f 1307/1644/33 1308/1645/33 1309/1646/33 1310/1647/33
f 1311/1648/34 1312/1649/34 1313/1650/34 1314/1651/34
f 1315/1652/37 1316/1653/37 1317/1654/37 1318/1655/37
f 1319/1656/37 1315/1652/37 1318/1655/37 1320/1657/37
f 1321/1658/37 1322/1659/37 1323/1660/37 1324/1661/37
f 1325/1662/37 1326/1663/37 1327/1664/37 1328/1665/37
f 1329/1666/37 1330/1667/37 1331/1668/37 1332/1669/37
f 1333/1670/37 1321/1658/37 1324/1661/37 1334/1671/37
f 1335/1672/402 1336/1673/402 1337/1674/402 1338/1675/402
f 1339/1676/403 1340/1677/403 1341/1678/403 1342/1679/403
f 1325/1662/37 1328/1665/37 1317/1654/37 1316/1653/37
f 1329/1666/37 1332/1669/37 1327/1664/37 1326/1663/37
f 1333/1670/37 1334/1671/37 1331/1668/37 1330/1667/37
f 1343/1680/37 1325/1662/37 1316/1653/37 1344/1681/37
f 1345/1682/37 1329/1666/37 1326/1663/37 1346/1683/37
f 1347/1684/37 1333/1670/37 1330/1667/37 1348/1685/37
f 1349/1686/402 1350/1687/402 1351/1688/402 1352/1689/402
f 1353/1690/35 1354/1691/35 1355/1692/35 1356/1693/35
f 1306/1694/35 1305/1695/35 1357/1696/35 1358/1697/35
f 1359/1698/404 1360/1699/404 1361/1700/404 1362/1701/404
f 1363/1702/35 1364/1703/35 1365/1704/35 1366/1705/35
f 1367/1706/34 1368/1707/34 1369/1708/34 1370/1709/34
f 1356/1710/35 1371/1711/35 1372/1712/35 1373/1713/35
f 1366/1714/35 1374/1715/35 1375/1716/35 1355/1717/35
f 1376/1718/35 1377/1719/35 1378/1720/35 1365/1721/35
f 1353/1690/35 1356/1693/35 1373/1722/35 1379/1723/35
f 1363/1702/35 1366/1705/35 1355/1692/35 1354/1691/35
f 1380/1724/35 1376/1725/35 1365/1704/35 1364/1703/35
f 1238/1567/35 1379/1723/35 1373/1722/35 1239/1568/35
f 1240/1726/35 1239/1727/35 1381/1728/35 1382/1729/35
f 1383/1730/404 1384/1731/404 1385/1732/404 1386/1733/404
f 1380/1724/35 1303/1640/35 1306/1643/35 1376/1725/35
f 1387/1734/35 1388/1735/35 1389/1736/35 1390/1737/35
f 1391/1738/35 1392/1739/35 1393/1740/35 1394/1741/35
f 1395/1742/35 1396/1743/35 1397/1744/35 1398/1745/35
f 1399/1746/35 1400/1747/35 1401/1748/35 1402/1749/35
f 1403/1750/33 1404/1751/33 1405/1752/33 1406/1753/33
f 1407/1754/34 1408/1755/34 1409/1756/34 1410/1757/34
f 1411/1758/404 1412/1759/404 1413/1760/404 1414/1761/404
f 1415/1762/33 1416/1763/33 1417/1764/33 1418/1765/33
f 1419/1766/33 1420/1767/33 1421/1768/33 1422/1769/33
f 1423/1770/34 1424/1771/34 1425/1772/34 1426/1773/34
f 1427/1774/404 1428/1775/404 1429/1776/404 1430/1777/404
f 1431/1778/34 1155/1779/34 1154/1780/34 1432/1781/34
f 1433/1782/33 1434/1783/33 1435/1784/33 1436/1785/33
f 1437/1786/37 1438/1787/37 1439/1788/37 1440/1789/37
f 1441/1790/37 1442/1791/37 1443/1792/37 1444/1793/37
f 1445/1794/37 1446/1795/37 1447/1796/37 1448/1797/37
f 1449/1798/37 1450/1799/37 1451/1800/37 1452/1801/37
f 1453/1802/36 1454/1803/36 1455/1804/36 1456/1805/36
f 1457/1806/403 1458/1807/403 1459/1808/403 1460/1809/403
f 1461/1810/33 1462/1811/33 1463/1812/33 1464/1813/33
f 1465/1814/36 1466/1815/36 1467/1816/36 1468/1817/36
f 1469/1818/34 1470/1819/34 1471/1820/34 1472/1821/34
f 1473/1822/33 1474/1823/33 1475/1824/33 1476/1825/33
f 1477/1826/36 1478/1827/36 1479/1828/36 1480/1829/36
f 1481/1830/34 1482/1831/34 1483/1832/34 1484/1833/34
f 1485/1834/36 1486/1835/36 1487/1836/36 1488/1837/36
f 1153/1838/376 1145/1839/376 1490/1840/376 1491/1841/376
f 1301/1842/401 1302/1843/401 1492/1844/401 1493/1845/401
f 1375/1846/35 1374/1847/35 1494/1848/35 1495/1849/35
f 1469/1850/34 1472/1851/34 1496/1852/34 1497/1853/34
f 1403/1854/33 1406/1855/33 1519/1856/33 1551/1857/33
f 1498/1858/37 1571/1859/37 1500/1860/37 1499/1861/37
f 1343/1862/37 1344/1863/37 1528/1864/37 1501/1865/37
f 1502/1866/33 1505/1867/33 1504/1868/33 1503/1869/33
f 1047/1870/34 1040/1871/34 1506/1872/34 1507/1873/34
f 1409/1874/34 1408/1875/34 1495/1849/34 1508/1876/34
f 1509/1877/37 1512/1878/37 1511/1879/37 1510/1880/37
f 1339/1881/34 1342/1882/34 1563/1883/34 1513/1884/34
f 1514/1885/37 1517/1886/37 1516/1887/37 1515/1888/37
f 1337/1889/33 1336/1890/33 1501/1865/33 1518/1891/33
f 1390/1737/35 1389/1736/35 1531/1892/35 1519/1893/35
f 1378/1894/35 1377/1895/35 1520/1896/35 1521/1467/35
f 1345/1897/37 1346/1898/37 1538/1899/37 1539/1900/37
f 1415/1901/33 1418/1902/33 1548/1903/33 1569/1904/33
f 1229/1905/37 1228/1906/37 1566/1907/37 1522/1908/37
f 1309/1909/33 1308/1910/33 1500/1860/33 1523/1911/405
f 1419/1912/33 1422/1913/33 1549/1914/33 1520/1896/33
f 1524/1915/34 1527/1916/34 1526/1917/34 1525/1918/34
f 1457/1919/34 1460/1920/34 1550/1921/34 1528/1864/34
f 1311/1922/34 1314/1923/34 1529/1924/388 1580/1925/34
f 1510/1880/37 1511/1879/37 1517/1886/37 1514/1885/37
f 1347/1926/37 1348/1927/37 1513/1884/37 1583/1928/37
f 1463/1929/33 1462/1930/33 1540/1931/33 1530/1932/33
f 1425/1933/34 1424/1934/34 1570/1935/34 1531/1936/34
f 1532/1937/33 1535/1938/33 1534/1939/33 1533/1940/33
f 1515/1888/37 1516/1887/37 1537/1941/37 1536/1942/37
f 1481/1943/34 1484/1944/34 1556/1945/34 1538/1899/34
f 1475/1946/33 1474/1947/33 1539/1900/33 1562/1948/33
f 1319/1949/37 1320/1950/37 1523/1911/405 1540/1931/37
f 1215/1951/388 1214/1952/388 1507/1873/388 1541/1953/388
f 1542/1954/34 1544/1955/34 1547/1956/34 1543/1957/34
f 1545/1958/388 1547/1956/388 1561/1959/388 1546/1960/388
f 1394/1741/35 1393/1740/35 1508/1961/35 1548/1962/35
f 1323/1963/37 1322/1964/37 1497/1853/37 1529/1924/388
f 1398/1745/35 1397/1744/35 1156/1965/35 1585/1966/35
f 1402/1749/35 1401/1748/35 1564/1967/35 1549/1968/35
f 1300/1969/400 1299/1970/400 1552/1971/400 1544/1955/400
f 1450/1799/37 1449/1798/37 1530/1972/37 1550/1973/37
f 1382/1974/35 1381/1975/35 1551/1857/35 1552/1971/35
f 1074/1976/374 1150/1977/374 1553/1978/374 1554/1979/374
f 1555/1980/406 1554/1979/406 1527/1916/406 1524/1915/406
f 1438/1787/37 1437/1786/37 1518/1981/37 1556/1982/37
f 1557/1983/380 1491/1841/380 1553/1978/380 1558/1984/380
f 1525/1918/34 1526/1917/34 1506/1872/34 1559/1985/34
f 1145/1839/376 1147/1986/376 1489/1987/376 1490/1840/376
f 1560/1988/37 1561/1959/37 1512/1878/37 1509/1877/37
f 1442/1791/37 1441/1790/37 1562/1989/37 1563/1990/37
f 1369/1991/34 1368/1992/34 1586/1993/34 1564/1994/34
f 1220/1995/389 1219/1996/389 1565/1997/389 1566/1907/389
f 1567/1998/33 1568/1999/33 1535/1938/33 1532/1937/33
f 1372/2000/35 1371/2001/35 1569/1904/35 1570/1935/35
f 1446/1795/37 1445/1794/37 1584/2002/37 1496/2003/37
f 1043/2004/37 1042/2005/37 1541/1953/37 1571/1859/37
f 1572/2006/33 1573/2007/33 1505/1867/33 1502/1866/33
f 1574/2008/33 1537/1941/33 1492/1844/33 1575/2009/33
f 1576/2010/33 1577/2011/33 1568/1999/33 1567/1998/33
f 1578/2012/37 1580/1925/37 1573/2007/37 1579/2013/37
f 1287/2014/35 1290/2015/35 1610/2016/35 1489/1987/35
f 1609/2017/35 1581/2018/35 1582/2019/35 1613/2020/35
f 1503/1869/33 1504/1868/33 1577/2011/33 1576/2010/33
f 1351/2021/33 1350/2022/33 1583/1928/33 1584/2023/33
f 1433/2024/33 1436/2025/33 1585/2026/33 1494/1848/33
f 1358/2027/35 1357/2028/35 1493/1845/35 1586/1993/35
f 1067/2029/33 1072/1499/33 1186/1502/33 1126/1428/33
f 1068/1422/33 1067/2029/33 1126/1428/33
f 1587/2030/385 1588/2031/385 1589/2032/385 1590/2033/385
f 1591/2034/386 1587/2030/386 1590/2033/386 1592/2035/386
f 1593/2036/37 1594/2037/37 1595/2038/37 1596/2039/37
f 1597/2040/407 1598/2041/407 1599/2042/407 1600/2043/407
f 1588/2031/385 1601/2044/385 1602/2045/385 1603/2046/385 1604/2047/385 1589/2032/385
f 1581/2018/35 1605/2048/35 1606/2049/35 1582/2019/35
f 1615/2050/386 1607/2051/386 1608/2052/386 1522/2053/386
f 1603/2046/385 1609/2017/385 1610/2054/385 1604/2047/385
f 1611/2055/385 1612/2056/385 145/2057/385 1613/2058/385
f 1612/2056/386 1614/2059/386 146/2060/386 145/2057/386
f 1595/2038/37 1615/2050/37 146/2061/37 1596/2039/37
f 1607/2051/386 1599/2042/386 1598/2041/386 1591/2034/386 1592/2035/386 1608/2052/386
f 1616/2062/36 1277/1608/36 1280/1611/36 1617/2063/36
f 1614/2059/386 1612/2056/386 1618/2064/386 1619/2065/386
f 1620/2066/386 1281/1612/386 1284/1615/386 1621/2067/386
f 1622/2068/35 1623/2069/35 1624/2070/35 1625/2071/35
f 1612/2056/385 1611/2055/385 1626/2072/385 1618/2064/385
f 1627/2073/36 1628/2074/36 1629/2075/36 1630/2076/36
f 1631/2077/37 1632/2078/37 1633/2079/37 1634/2080/37
f 1601/2044/408 1597/2040/408 1600/2043/408 1602/2045/408
f 1635/2081/36 1627/2073/36 1630/2076/36 1636/2082/36
f 1637/2083/23 1638/2084/23 1639/2085/23 1640/2086/23
f 1641/2087/23 1637/2083/23 1640/2086/23 1642/2088/23
f 1261/2089/23 1033/1244/409 1035/1246/23
f 1643/2090/23 1644/2091/23 1645/2092/23 1646/2093/23
f 1173/2094/23 1172/2095/23 1138/1448/23 1139/1449/23
f 1223/2096/23 1259/2097/23 1141/1451/23 1140/1450/23
f 1224/2098/23 1223/2096/23 1140/1450/23 1142/1452/23
f 1163/2099/23 1162/2100/23 1144/1454/23 1143/1453/23
f 1172/2095/23 1261/2089/23 1035/1246/23 1138/1448/23
f 1259/2097/23 1173/2094/23 1139/1449/23 1141/1451/23
f 1162/2100/23 1224/2098/23 1142/1452/23 1144/1454/23
f 1647/2101/410 1648/2102/410 1649/2103/410 1650/2104/410
f 1252/1581/411 1250/1579/411 1651/2105/411 1652/2106/411
f 1274/1605/37 1276/1607/37 1653/2107/37 1654/2108/37
f 1250/1579/412 1249/1578/412 1655/2109/412 1651/2105/412
f 1648/2102/413 1656/2110/413 1657/2111/413 1649/2103/413
f 1658/2112/414 1659/2113/414 1660/2114/414 1661/2115/414
f 1272/1603/415 1274/1605/415 1654/2108/415 1662/2116/415
f 1663/2117/416 1664/2118/416 1665/2119/416 1666/2120/416
f 1267/1596/417 1272/1603/417 1662/2116/417 1667/2121/417
f 1246/1575/418 1244/1573/418 1668/2122/418 1669/2123/418
f 1177/1490/23 1253/1582/23 1256/1585/23 1178/1491/23
f 1269/1600/23 1643/2090/23 1646/2093/23 1270/1601/23
f 1670/2124/23 1671/2125/23 1672/2126/23 1673/2127/23
f 1674/2128/23 1670/2124/23 1673/2127/23 1675/2129/23
f 1676/2130/23 1674/2128/23 1675/2129/23 1677/2131/23
f 1671/2125/23 1176/1489/23 1179/1492/23 1672/2126/23
f 1244/1573/419 1243/1572/419 1678/2132/419 1668/2122/419
f 1679/2133/420 1680/2134/420 1681/2135/420 1682/2136/420
f 1683/2137/421 1663/2117/421 1666/2120/421 1684/2138/421
f 1680/2134/35 1647/2101/35 1650/2104/35 1681/2135/35
f 1243/1572/422 1267/1596/422 1667/2121/422 1678/2132/422
f 1664/2118/423 1685/2139/423 1686/2140/423 1665/2119/423
f 1656/2110/424 1683/2137/424 1684/2138/424 1657/2111/424
f 1258/1587/425 1252/1581/425 1652/2106/425 1687/2141/425
f 1685/2139/426 1658/2112/426 1661/2115/426 1686/2140/426
f 1659/2113/427 1688/2142/427 1689/2143/427 1660/2114/427
f 1249/1578/428 1246/1575/428 1669/2123/428 1655/2109/428
f 1690/2144/33 1691/2145/33 1692/2146/33 1693/2147/33
f 1694/2148/35 1695/2149/35 1696/2150/35 1697/2151/35
f 1698/2152/34 1699/2153/34 1700/2154/34 1701/2155/34
f 1702/2156/33 1703/2157/33 1704/2158/33 1705/2159/33
f 1706/2160/35 1707/2161/35 1708/2162/35 1709/2163/35
f 1710/2164/34 1711/2165/34 1712/2166/34 1713/2167/34
f 1714/2168/34 1715/2169/34 1716/2170/34 1717/2171/34
f 1718/2172/34 1719/2173/34 1720/2174/34 1721/2175/34
f 1722/2176/33 1723/2177/33 1724/2178/33 1725/2179/33
f 1726/2180/33 1727/2181/33 1728/2182/33 1729/2183/33
f 1730/2184/33 1731/2185/33 1732/2186/33 1733/2187/33
f 1734/2188/37 1735/2189/37 1736/2190/37
f 1737/2191/37 1738/2192/37 1739/2193/37 1740/2194/37
f 1741/2195/34 1742/2196/34 1743/2197/34 1744/2198/34
f 1745/2199/35 1746/2200/35 1747/2201/35 1748/2202/35
f 1749/2203/35 1750/2204/35 1751/2205/35 1752/2206/35
f 1753/2207/23 1754/2208/23 1006/1217/23 1005/1216/23 1755/2209/23
f 1754/2208/23 1756/2210/23 1008/1219/23 1006/1217/23
f 1756/2210/23 1757/2211/23 1010/1221/23 1008/1219/23
f 1757/2211/23 1758/2212/23 1012/1223/23 1010/1221/23
f 1758/2212/23 1759/2213/23 1014/1225/23 1012/1223/23
f 1760/2214/37 1761/2215/37 1738/2192/37 1737/2191/37
f 1762/2216/33 1763/2217/33 1764/2218/33 1765/2219/33
f 1766/2220/37 1767/2221/37 1761/2215/37 1760/2214/37
f 1768/2222/35 1769/2223/35 1770/2224/35 1771/2225/35
f 1772/2226/33 1773/2227/33 1774/2228/33 1775/2229/33
f 1776/2230/429 1777/2231/430 1778/2232/431
f 1779/2233/23 1036/1247/23 1776/2230/23 1778/2232/432
f 1698/2234/433 1780/2235/433 1781/2236/433 1699/2237/433
f 1714/2238/34 1782/2239/34 1783/2240/34 1715/2241/34
f 1716/2242/34 1741/2243/34 1744/2244/34 1717/2245/34
f 1717/2245/34 1744/2244/34 1782/2239/34 1714/2238/34
f 1715/2241/34 1783/2240/34 1741/2243/34 1716/2242/34
f 1701/2246/34 1784/2247/34 1780/2235/34 1698/2234/34
f 1694/2248/35 1785/2249/35 1786/2250/35 1695/2251/35
f 1718/2252/34 1783/2240/34 1780/2235/34 1719/2253/34
f 1696/2254/35 1787/2255/35 1745/2256/35 1697/2257/35
f 1720/2258/34 1784/2247/34 1741/2243/34 1721/2259/34
f 1711/2260/34 1782/2239/34 1744/2244/34 1712/2261/34
f 1721/2259/34 1741/2243/34 1783/2240/34 1718/2252/34
f 1719/2253/34 1780/2235/34 1784/2247/34 1720/2258/34
f 1744/2198/34 1743/2197/34 1788/2262/34 1789/2263/34
f 1713/2264/34 1789/2265/34 1790/2266/34 1710/2267/34
f 1787/2268/35 1791/2269/35 1746/2200/35 1745/2199/35
f 1697/2257/35 1745/2256/35 1785/2249/35 1694/2248/35
f 1752/2270/35 1792/2271/35 1793/2272/35 1749/2273/35
f 1749/2273/35 1793/2272/35 1794/2274/35 1750/2275/35
f 1708/2276/35 1745/2256/35 1748/2277/35 1709/2278/35
f 1707/2279/35 1785/2249/35 1745/2256/35 1708/2276/35
f 1706/2280/35 1795/2281/35 1785/2249/35 1707/2279/35
f 1751/2282/35 1796/2283/35 1792/2271/35 1752/2270/35
f 1750/2275/35 1794/2274/35 1796/2283/35 1751/2282/35
f 1797/2284/37 1798/2285/37 1767/2221/37 1766/2220/37
f 1771/2225/35 1770/2224/35 1799/2286/35 1800/2287/35
f 1709/2278/35 1748/2277/35 1795/2281/35 1706/2280/35
f 1801/2288/33 1802/2289/33 1803/2290/33 1804/2291/33
f 1702/2292/33 1063/1309/33 1805/2293/33 1703/2294/33
f 1705/2295/33 1064/1311/33 1063/1309/33 1702/2292/33
f 1722/2296/33 1806/2297/33 1807/2298/33 1723/2299/33
f 1725/2300/33 1808/2301/33 1806/2297/33 1722/2296/33
f 1724/2302/33 1809/2303/33 1808/2301/33 1725/2300/33
f 1732/2304/33 1775/2305/33 1810/2306/33 1733/2307/33
f 1730/2308/33 1811/2309/33 1812/2310/33 1731/2311/33
f 1723/2299/33 1807/2298/33 1809/2303/33 1724/2302/33
f 1733/2307/33 1810/2306/33 1811/2309/33 1730/2308/33
f 1731/2311/33 1812/2310/33 1775/2305/33 1732/2304/33
f 1704/2312/33 1813/2313/33 1064/1311/33 1705/2295/33
f 1703/2294/33 1805/2293/33 1813/2313/33 1704/2312/33
f 1692/2314/33 1772/2315/33 1775/2305/33 1693/2316/33
f 1691/2317/33 1814/2318/33 1772/2315/33 1692/2314/33
f 1803/2319/33 1808/2301/33 1813/2313/33 1804/2320/33
f 1802/2321/33 1806/2297/33 1808/2301/33 1803/2319/33
f 1728/2322/33 1810/2306/33 1809/2303/33 1729/2323/33
f 1690/2324/33 1812/2310/33 1814/2318/33 1691/2317/33
f 1726/2325/33 1807/2298/33 1811/2309/33 1727/2326/33
f 1729/2323/33 1809/2303/33 1807/2298/33 1726/2325/33
f 1727/2326/33 1811/2309/33 1810/2306/33 1728/2322/33
f 1693/2316/33 1775/2305/33 1812/2310/33 1690/2324/33
f 1801/2327/33 1805/2293/33 1806/2297/33 1802/2321/33
f 1804/2320/33 1813/2313/33 1805/2293/33 1801/2327/33
f 1815/2328/434 1816/2329/434 1817/2330/434
f 1818/2331/37 1819/2332/37 1798/2285/37 1797/2284/37
f 1800/2287/35 1799/2286/35 1820/2333/35 1821/2334/35
f 1822/2335/35 1823/2336/35 1824/2337/35 1825/2338/35
f 1826/2339/35 1827/2340/35 1828/2341/35 1829/2342/35
f 1830/2343/35 1831/2344/35 1832/2345/35 1833/2346/35
f 1834/2347/35 1835/2348/35 1836/2349/35 1837/2350/35
f 1838/2351/35 1839/2352/35 1840/2353/35 1841/2354/35
f 1839/2355/35 1842/2356/35 1843/2357/35 1840/2358/35
f 1830/2359/35 1844/2360/35 1845/2361/35 1831/2362/35
f 1822/2363/35 1846/2364/35 1847/2365/35 1823/2366/35
f 1824/2367/35 1821/2368/35 1848/2369/35 1825/2370/35
f 1832/2371/35 1771/2372/35 1800/2373/35 1833/2374/35
f 1849/2375/34 1850/2376/34 1851/2377/34 1852/2378/34
f 1825/2370/35 1848/2369/35 1846/2364/35 1822/2363/35
f 1823/2366/35 1847/2365/35 1821/2368/35 1824/2367/35
f 1833/2374/35 1800/2373/35 1844/2360/35 1830/2359/35
f 1831/2362/35 1845/2361/35 1771/2372/35 1832/2371/35
f 1841/2379/35 1768/2380/35 1853/2381/35 1838/2382/35
f 1840/2358/35 1843/2357/35 1768/2380/35 1841/2379/35
f 1834/2383/35 1845/2361/35 1853/2381/35 1835/2384/35
f 1826/2385/35 1847/2365/35 1844/2360/35 1827/2386/35
f 1828/2387/35 1800/2373/35 1821/2368/35 1829/2388/35
f 1836/2389/35 1768/2380/35 1771/2372/35 1837/2390/35
f 1829/2388/35 1821/2368/35 1847/2365/35 1826/2385/35
f 1827/2386/35 1844/2360/35 1800/2373/35 1828/2387/35
f 1837/2390/35 1771/2372/35 1845/2361/35 1834/2383/35
f 1835/2384/35 1853/2381/35 1768/2380/35 1836/2389/35
f 1821/2334/35 1820/2333/35 1854/2391/35 1848/2392/35
f 1699/2237/435 1781/2236/435 1855/2393/435
f 1843/2394/35 1856/2395/35 1769/2223/35 1768/2222/35
f 1857/2396/33 1765/2397/33 1858/2398/33 1859/2399/33
f 1860/2400/34 1861/2401/34 1862/2402/34 1863/2403/34
f 1775/2229/33 1774/2228/33 1864/2404/33 1810/2405/33
f 1810/2405/33 1864/2404/33 1865/2406/33 1809/2407/33
f 1863/2408/34 1852/2409/34 1866/2410/34 1860/2411/34
f 1809/2407/33 1865/2406/33 1867/2412/33 1868/2413/33
f 1869/2414/33 1857/2415/33 1859/2416/33 1870/2417/33
f 1871/2418/36 1872/2419/36 1873/2420/36 1874/2421/36
f 1861/2422/34 1875/2423/34 1849/2424/34 1862/2425/34
f 1838/2382/35 1853/2381/35 1842/2356/35 1839/2355/35
f 1860/2411/34 1866/2410/34 1875/2423/34 1861/2422/34
f 1796/2426/35 1876/2427/35 1877/2428/35 1792/2429/35
f 1740/2194/37 1739/2193/37 1735/2189/37 1734/2188/37
f 1784/2430/34 1878/2431/34 1742/2196/34 1741/2195/34
f 1712/2261/34 1744/2244/34 1789/2265/34 1713/2264/34
f 1710/2267/34 1790/2266/34 1782/2239/34 1711/2260/34
f 1879/2432/23 1036/1247/23 1779/2233/23
f 1880/2433/23 1036/1247/23 1879/2432/23
f 1881/2434/23 1036/1247/23 1880/2433/23 1882/2435/23
f 1883/2436/23 1036/1247/23 1881/2434/23
f 1143/1453/23 1036/1247/23 1883/2436/23 1884/2437/23
f 1885/2438/436 1886/2439/436 1887/2440/436
f 1888/2441/437 1036/1247/437 1759/2213/437
f 1700/2442/438 1889/2443/438 1784/2247/438 1701/2246/438
f 1759/2213/379 1036/1247/379 1014/1225/379
f 1890/2444/439 1891/2445/439 1892/2446/439 1893/2447/439
f 1776/2230/440 1036/1247/440 1888/2441/440
f 1894/2448/34 2269/2449/34 2246/2450/34 1895/2451/34
f 1859/2399/33 1858/2398/33 1896/2452/33 1870/2453/33
f 1897/2454/36 1898/2455/36 1899/2456/36 1900/2457/36
f 1901/2458/23 1902/2459/23 1164/1477/23 1163/1476/23
f 1903/2460/36 1904/2461/36 1898/2455/36 1897/2454/36
f 1905/2462/36 1906/2463/36 1907/2464/36 1908/2465/36
f 1909/2466/23 1910/2467/23 1911/2468/23 1912/2469/23
f 1913/2470/23 1914/2471/23 1915/2472/23 1916/2473/23
f 1917/2474/441 1878/2431/441 1784/2430/441 1889/2475/441
f 1918/2476/442 1919/2477/442 1920/2478/442
f 1917/2474/443 1889/2475/443 1921/2479/443
f 1813/2480/33 1922/2481/33 1185/1501/33 1064/1500/33
f 1923/2482/444 1924/2483/444 1925/2484/444 1926/2485/444
f 1927/2486/434 1928/2487/434 1929/2488/434 1930/2489/434
f 1931/2490/439 1932/2491/439 1928/2487/439 1927/2486/439
f 1933/2492/445 1934/2493/445 1924/2483/445 1923/2482/445
f 1935/2494/436 1936/2495/436 1932/2491/436 1931/2490/436
f 1937/2496/446 1921/2497/446 1889/2443/446 1700/2442/446
f 1938/2498/36 1939/2499/36 1940/2500/36 1941/2501/36
f 1893/2502/434 1927/2503/434 1930/2504/434 1816/2505/434
f 1892/2506/439 1931/2507/439 1927/2503/439 1893/2502/439
f 1887/2508/436 1935/2509/436 1931/2507/436 1892/2506/436
f 1855/2393/435 1937/2496/435 1700/2442/435 1699/2237/435
f 1886/2439/436 1926/2485/436 1935/2494/436 1887/2440/436
f 1926/2485/436 1925/2484/436 1936/2495/436 1935/2494/436
f 1942/2510/36 1943/2511/36 1944/2512/36 1945/2513/36 1946/2514/36 1947/2515/36
f 1891/2445/436 1885/2438/436 1887/2440/436 1892/2446/436
f 1930/2489/434 1948/2516/434 1817/2330/434 1816/2329/434
f 1949/2517/400 1950/2518/400 1951/2519/400 1952/2520/400
f 1953/2521/400 1954/2522/400 1950/2523/400 1949/2524/400
f 1695/2251/35 1786/2250/35 1787/2255/35 1696/2254/35
f 1929/2488/434 1948/2516/434 1930/2489/434
f 1816/2329/434 1815/2328/434 1890/2444/434 1893/2447/434
f 1219/1546/447 1221/1548/447 1933/2492/447 1955/2525/447
f 1221/1548/447 1222/1549/447 1934/2493/447 1933/2492/447
f 1956/2526/23 1957/2527/23 1958/2528/23 1959/2529/23
f 1960/2530/35 1961/2531/35 1962/2532/35 1963/2533/35
f 1964/2534/400 1965/2535/400 1966/2536/400 1967/2537/400
f 1965/2538/400 1964/2539/400 1968/2540/400 1969/2541/400
f 1970/2542/37 1971/2543/37 1972/2544/37 1973/2545/37
f 1974/2546/448 1975/2547/448 1976/2548/448 1977/2549/448
f 1978/2550/449 1979/2551/449 1975/2547/449 1974/2546/449
f 1980/2552/450 1981/2553/450 1982/2554/450 1983/2555/450
f 1984/2556/451 1985/2557/451 1981/2553/451 1980/2552/451
f 1986/2558/23 1987/2559/23 1988/2560/23 1989/2561/23
f 1983/2555/452 1982/2554/452 1979/2551/452 1978/2550/452
f 1257/1586/453 1258/1587/453 1985/2557/453 1984/2556/453
f 1912/2469/23 1911/2468/23 1990/2562/23 1991/2563/23
f 1992/2564/23 1993/2565/23 1994/2566/23 1910/2467/23 1909/2466/23
f 1264/1593/36 1265/1594/36 1906/2463/36 1905/2462/36
f 1991/2563/23 1990/2562/23 1957/2527/23 1956/2526/23
f 1959/2529/23 1958/2528/23 1902/2459/23 1901/2458/23
f 1977/2549/454 1976/2548/454 1995/2567/454 1996/2568/454
f 1908/2465/36 1907/2464/36 1904/2461/36 1903/2460/36
f 1900/2457/36 1899/2456/36 1943/2511/36 1942/2510/36
f 1994/2569/23 1993/2570/23 1997/2571/23
f 1989/2561/23 1988/2560/23 1998/2572/23 1999/2573/23
f 1995/2567/455 2000/2574/455 2001/2575/455 1996/2568/455
f 2000/2574/456 2002/2576/456 2003/2577/456 2001/2575/456
f 2004/2578/457 2003/2577/457 2002/2576/457 2005/2579/457
f 2006/2580/36 2007/2581/36 2008/2582/36 2009/2583/36
f 2010/2584/444 2011/2585/444 2012/2586/444 2013/2587/444
f 2014/2588/36 2015/2589/36 1939/2499/36 1938/2498/36
f 2016/2590/37 2017/2591/37 2018/2592/37 2019/2593/37
f 1870/2453/33 1896/2452/33 1762/2594/33 1869/2595/33
f 1869/2595/33 1762/2594/33 1765/2397/33 1857/2396/33
f 1862/2425/34 1849/2424/34 1852/2409/34 1863/2408/34
f 1748/2202/35 1747/2201/35 1876/2427/35 1796/2426/35
f 2020/2596/388 2021/2597/388 2022/2598/388 2023/2599/388
f 2024/2600/405 2025/2601/405 2026/2602/405 2027/2603/405
f 2023/2604/388 2022/2605/388 2028/2606/388 2029/2607/388
f 2030/2608/405 2031/2609/405 2025/2610/405 2024/2611/405
f 2032/2612/37 2033/2613/37 2034/2614/37 2035/2615/37
f 2036/2616/33 2037/2617/33 2038/2618/33 2039/2619/33
f 2040/2620/34 2041/2621/34 2042/2622/34 2043/2623/34
f 2044/2624/35 2045/2625/35 2046/2626/35 2047/2627/35
f 2048/2628/35 2049/2629/35 2045/2625/35 2044/2624/35
f 2050/2630/35 2051/2631/35 2052/2632/35 2053/2633/35
f 2054/2634/35 2055/2635/35 2056/2636/35 2057/2637/35
f 2058/2638/35 2059/2639/35 2060/2640/35 2061/2641/35
f 2062/2642/35 2063/2643/35 2051/2631/35 2050/2630/35
f 2064/2644/402 2065/2645/402 2066/2646/402 2067/2647/402
f 2068/2648/403 2069/2649/403 2070/2650/403 2071/2651/403
f 2054/2634/35 2047/2627/35 2046/2626/35 2055/2635/35
f 2058/2638/35 2057/2637/35 2056/2636/35 2059/2639/35
f 2062/2642/35 2061/2641/35 2060/2640/35 2063/2643/35
f 2072/2652/35 2073/2653/35 2047/2627/35 2054/2634/35
f 2074/2654/35 2075/2655/35 2057/2637/35 2058/2638/35
f 2076/2656/35 2077/2657/35 2061/2641/35 2062/2642/35
f 2078/2658/402 2079/2659/402 2080/2660/402 2081/2661/402
f 2082/2662/37 2083/2663/37 2084/2664/37 2085/2665/37
f 2033/2666/37 2086/2667/37 2087/2668/37 2034/2669/37
f 2088/2670/458 2089/2671/458 2090/2672/458 2091/2673/458
f 2092/2674/37 2093/2675/37 2094/2676/37 2095/2677/37
f 2096/2678/34 2097/2679/34 2098/2680/34 2099/2681/34
f 2083/2682/37 2100/2683/37 2101/2684/37 2102/2685/37
f 2093/2686/37 2084/2687/37 2103/2688/37 2104/2689/37
f 2105/2690/37 2094/2691/37 2106/2692/37 2107/2693/37
f 2082/2662/37 2108/2694/37 2100/2695/37 2083/2663/37
f 2092/2674/37 2085/2665/37 2084/2664/37 2093/2675/37
f 2109/2696/37 2095/2677/37 2094/2676/37 2105/2697/37
f 1973/2545/37 1972/2544/37 2100/2695/37 2108/2694/37
f 1971/2698/37 2110/2699/37 2111/2700/37 1972/2701/37
f 2112/2702/458 2113/2703/458 2114/2704/458 2115/2705/458
f 2109/2696/37 2105/2697/37 2033/2613/37 2032/2612/37
f 2116/2706/37 2117/2707/37 2118/2708/37 2119/2709/37
f 2120/2710/37 2121/2711/37 2122/2712/37 2123/2713/37
f 2124/2714/37 2125/2715/37 2126/2716/37 2127/2717/37
f 2128/2718/37 2129/2719/37 2130/2720/37 2131/2721/37
f 2132/2722/33 2133/2723/33 2134/2724/33 2135/2725/33
f 2136/2726/34 2137/2727/34 2138/2728/34 2139/2729/34
f 2140/2730/458 2141/2731/458 2142/2732/458 2143/2733/458
f 2144/2734/33 2145/2735/33 2146/2736/33 2147/2737/33
f 2148/2738/33 2149/2739/33 2150/2740/33 2151/2741/33
f 2152/2742/34 2153/2743/34 2154/2744/34 2155/2745/34
f 2156/2746/458 2157/2747/458 2158/2748/458 2159/2749/458
f 2160/2750/34 2161/2751/34 1894/2752/34 1895/2753/34
f 2162/2754/33 2163/2755/33 2164/2756/33 2165/2757/33
f 2166/2758/35 2167/2759/35 2168/2760/35 2169/2761/35
f 2170/2762/35 2171/2763/35 2172/2764/35 2173/2765/35
f 2174/2766/35 2175/2767/35 2176/2768/35 2177/2769/35
f 2178/2770/35 2179/2771/35 2180/2772/35 2181/2773/35
f 2182/2774/36 2183/2775/36 2184/2776/36 2185/2777/36
f 2186/2778/403 2187/2779/403 2188/2780/403 2189/2781/403
f 2190/2782/33 2191/2783/33 2192/2784/33 2193/2785/33
f 2194/2786/36 2195/2787/36 2196/2788/36 2197/2789/36
f 2198/2790/34 2199/2791/34 2200/2792/34 2201/2793/34
f 2202/2794/33 2203/2795/33 2204/2796/33 2205/2797/33
f 2206/2798/36 2207/2799/36 2208/2800/36 2209/2801/36
f 2210/2802/34 2211/2803/34 2212/2804/34 2213/2805/34
f 2214/2806/36 2215/2807/36 2216/2808/36 2217/2809/36
f 1891/2810/436 2218/2811/436 2219/2812/436 1885/2813/436
f 2030/2814/405 2314/2815/405 2299/2816/405 2031/2817/405
f 2103/2818/37 2233/2819/37 2311/2820/37 2104/2821/37
f 2198/2822/34 2220/2823/34 2221/2824/34 2199/2825/34
f 2132/2826/33 2275/2827/33 2244/2828/33 2133/2829/33
f 2222/2830/35 2224/2831/35 2223/2832/35 2294/2833/35
f 2072/2834/35 2225/2835/35 2226/2836/35 2073/2837/35
f 2227/2838/33 2230/2839/33 2229/2840/33 2228/2841/33
f 1790/2842/34 2231/2843/34 2282/2844/34 1782/2845/34
f 2138/2846/34 2232/2847/34 2233/2819/34 2139/2848/34
f 2234/2849/35 2237/2850/35 2236/2851/35 2235/2852/35
f 2068/2853/34 2238/2854/34 2286/2855/34 2069/2856/34
f 2239/2857/35 2242/2858/35 2241/2859/35 2240/2860/35
f 2066/2861/33 2243/2862/33 2225/2835/33 2067/2863/33
f 2117/2707/37 2244/2864/37 2245/2865/37 2118/2708/37
f 2106/2866/37 2246/2450/37 2247/2867/37 2107/2868/37
f 2074/2869/35 2248/2870/35 2249/2871/35 2075/2872/35
f 2144/2873/33 2292/2874/33 2268/2875/33 2145/2876/33
f 1962/2877/35 2336/2878/35 2288/2879/35 1963/2880/35
f 2038/2881/33 2250/2882/401 2223/2832/33 2039/2883/33
f 2148/2884/33 2247/2867/33 2251/2885/33 2149/2886/33
f 2252/2887/34 2255/2888/34 2254/2889/34 2253/2890/34
f 2186/2891/34 2226/2836/34 2273/2892/34 2187/2893/34
f 2040/2894/34 2256/2895/34 2257/2896/400 2041/2897/34
f 2237/2850/35 2239/2857/35 2240/2860/35 2236/2851/35
f 2076/2898/35 2310/2899/35 2238/2854/35 2077/2900/35
f 2192/2901/33 2274/2902/33 2258/2903/33 2193/2904/33
f 2154/2905/34 2245/2906/34 2291/2907/34 2155/2908/34
f 2259/2909/33 1533/1940/33 1534/1939/33 2260/2910/33
f 2242/2858/35 2261/2911/35 2298/2912/35 2241/2859/35
f 2210/2913/34 2249/2871/34 2278/2914/34 2211/2915/34
f 2204/2916/33 2287/2917/33 2248/2870/33 2205/2918/33
f 2048/2919/35 2258/2903/35 2250/2882/401 2049/2920/35
f 1951/2921/400 2295/2922/400 2231/2843/400 1952/2923/400
f 2262/2924/34 2263/2925/34 2265/2926/34 2271/2927/34
f 2264/2928/400 2267/2929/400 2266/2930/400 2265/2926/400
f 2121/2711/37 2268/2931/37 2232/2932/37 2122/2712/37
f 2052/2933/35 2257/2896/400 2220/2823/35 2053/2934/35
f 2125/2715/37 2312/2935/37 2269/2936/37 2126/2716/37
f 2129/2719/37 2251/2937/37 2270/2938/37 2130/2720/37
f 2028/2939/388 2271/2927/388 2272/2940/388 2029/2941/388
f 2181/2773/35 2273/2942/35 2274/2943/35 2178/2770/35
f 2110/2944/37 2272/2940/37 2275/2827/37 2111/2945/37
f 1815/2946/434 2276/2947/434 2280/2948/434 1890/2949/434
f 2277/2950/459 2252/2887/459 2253/2890/459 2276/2947/459
f 2169/2761/35 2278/2951/35 2243/2952/35 2166/2758/35
f 2279/2953/439 2281/2954/439 2280/2948/439 2218/2811/439
f 2255/2888/34 2283/2955/34 2282/2844/34 2254/2889/34
f 1885/2813/436 2219/2812/436 2284/2956/436 1886/2957/436
f 2285/2958/35 2234/2849/35 2235/2852/35 2266/2930/35
f 2173/2765/35 2286/2959/35 2287/2960/35 2170/2762/35
f 2098/2961/34 2270/2962/34 2313/2963/34 2099/2964/34
f 1955/2965/447 2288/2879/447 1565/1997/447 1219/1996/447
f 2289/2966/33 2259/2909/33 2260/2910/33 2290/2967/33
f 2101/2968/37 2291/2907/37 2292/2874/37 2102/2969/37
f 2177/2769/35 2221/2970/35 2293/2971/35 2174/2766/35
f 1785/2972/35 2294/2833/35 2295/2922/35 1786/2973/35
f 2296/2974/33 2227/2838/33 2228/2841/33 2304/2975/33
f 2297/2976/33 2300/2977/33 2299/2816/33 2298/2912/33
f 2301/2978/33 2289/2966/33 2290/2967/33 2302/2979/33
f 2303/2980/35 2305/2981/35 2304/2975/35 2256/2895/35
f 2016/2982/37 2284/2956/37 2339/2983/37 2017/2984/37
f 2306/2985/37 2307/2986/37 2308/2987/37 2309/2988/37
f 2230/2839/33 2301/2978/33 2302/2979/33 2229/2840/33
f 2080/2989/33 2293/2990/33 2310/2899/33 2081/2991/33
f 2162/2992/33 2311/2820/33 2312/2993/33 2163/2994/33
f 2086/2995/37 2313/2963/37 2314/2815/37 2087/2996/37
f 1808/2997/33 1868/2413/33 1922/2481/33 1813/2480/33
f 1809/2407/33 1868/2413/33 1808/2997/33
f 2315/2998/444 2316/2999/444 2317/3000/444 2318/3001/444
f 2319/3002/445 2320/3003/445 2316/2999/445 2315/2998/445
f 2321/3004/35 2322/3005/35 2323/3006/35 2324/3007/35
f 2325/3008/460 2326/3009/460 2327/3010/460 2328/3011/460
f 2318/3001/444 2317/3000/444 2329/3012/444 2330/3013/444 2331/3014/444 2332/3015/444
f 2309/2988/37 2308/2987/37 2333/3016/37 2334/3017/37
f 2335/3018/445 2336/3019/445 2337/3020/445 2338/3021/445
f 2330/3013/444 2329/3012/444 2339/3022/444 2306/2985/444
f 2340/3023/444 2307/3024/444 147/3025/444 2341/3026/444
f 2341/3026/445 147/3025/445 2343/3027/445 2342/3028/445
f 2323/3006/35 2322/3005/35 2343/3029/35 2335/3018/35
f 2338/3021/445 2337/3020/445 2320/3003/445 2319/3002/445 2328/3011/445 2327/3010/445
f 2344/3030/36 2345/3031/36 2007/2581/36 2006/2580/36
f 2342/3028/445 2346/3032/445 2347/3033/445 2341/3026/445
f 2348/3034/445 2349/3035/445 2011/2585/445 2010/2584/445
f 2350/3036/37 2351/3037/37 2352/3038/37 2353/3039/37
f 2341/3026/444 2347/3033/444 2354/3040/444 2340/3023/444
f 2355/3041/36 2356/3042/36 2357/3043/36 2358/3044/36
f 2359/3045/35 2360/3046/35 2361/3047/35 2362/3048/35
f 2332/3015/461 2331/3014/461 2326/3009/461 2325/3008/461
f 2363/3049/36 2364/3050/36 2356/3042/36 2355/3041/36
f 2365/3051/23 2366/3052/23 2367/3053/23 2368/3054/23
f 2369/3055/23 2370/3056/23 2366/3052/23 2365/3051/23
f 1992/3057/23 1779/2233/23 1778/2232/462
f 2371/3058/23 2372/3059/23 1645/2092/23 1644/2091/23
f 1912/3060/23 1880/2433/23 1879/2432/23 1909/3061/23
f 1956/3062/23 1881/2434/23 1882/2435/23 1991/3063/23
f 1959/3064/23 1883/2436/23 1881/2434/23 1956/3062/23
f 1163/2099/23 1143/1453/23 1884/2437/23 1901/3065/23
f 1909/3061/23 1879/2432/23 1779/2233/23 1992/3057/23
f 1991/3063/23 1882/2435/23 1880/2433/23 1912/3060/23
f 1901/3065/23 1884/2437/23 1883/2436/23 1959/3064/23
f 2373/3066/463 2374/3067/463 2375/3068/463 2376/3069/463
f 1985/2557/464 2377/3070/464 2378/3071/464 1981/2553/464
f 2002/2576/35 2379/3072/35 2380/3073/35 2005/2579/35
f 1981/2553/465 2378/3071/465 2381/3074/465 1982/2554/465
f 2376/3069/466 2375/3068/466 2382/3075/466 2383/3076/466
f 2384/3077/467 2385/3078/467 2386/3079/467 2387/3080/467
f 2000/2574/468 2388/3081/468 2379/3072/468 2002/2576/468
f 2389/3082/469 2390/3083/469 2391/3084/469 2392/3085/469
f 1995/2567/470 2393/3086/470 2388/3081/470 2000/2574/470
f 1979/2551/471 2394/3087/471 2395/3088/471 1975/2547/471
f 1916/2473/23 1915/2472/23 1987/2559/23 1986/2558/23
f 1999/2573/23 1998/2572/23 2372/3059/23 2371/3058/23
f 2396/3089/23 2397/3090/23 2398/3091/23 2399/3092/23
f 2400/3093/23 2401/3094/23 2397/3090/23 2396/3089/23
f 2402/3095/23 2403/3096/23 2401/3094/23 2400/3093/23
f 2399/3092/23 2398/3091/23 1914/2471/23 1913/2470/23
f 1975/2547/472 2395/3088/472 2404/3097/472 1976/2548/472
f 2405/3098/473 2406/3099/473 2407/3100/473 2408/3101/473
f 2409/3102/474 2410/3103/474 2390/3083/474 2389/3082/474
f 2408/3101/37 2407/3100/37 2374/3067/37 2373/3066/37
f 1976/2548/475 2404/3097/475 2393/3086/475 1995/2567/475
f 2392/3085/476 2391/3084/476 2411/3104/476 2412/3105/476
f 2383/3076/477 2382/3075/477 2410/3103/477 2409/3102/477
f 1258/1587/478 1687/2141/478 2377/3070/478 1985/2557/478
f 2412/3105/479 2411/3104/479 2385/3078/479 2384/3077/479
f 2387/3080/480 2386/3079/480 1689/2143/480 1688/2142/480
f 1982/2554/481 2381/3074/481 2394/3087/481 1979/2551/481
f 2413/3106/33 2414/3107/33 2415/3108/33 2416/3109/33
f 2416/3109/33 2415/3108/33 2417/3110/33 2418/3111/33
f 2418/3111/33 2417/3110/33 2419/3112/33 2420/3113/33
f 2420/3113/33 2419/3112/33 2421/3114/33 2422/3115/33
f 2422/3115/33 2421/3114/33 2423/3116/33 2424/3117/33
f 2425/3118/482 2426/3119/482 2427/3120/482 2428/3121/482
f 2428/3121/483 2427/3120/483 2429/3122/483 2430/3123/483
f 2430/3123/484 2429/3122/484 2431/3124/484 2432/3125/484
f 2432/3125/485 2431/3124/485 2433/3126/485 2434/3127/485
f 2434/3127/486 2433/3126/486 2435/3128/486 2436/3129/486
f 2436/3129/487 2435/3128/487 2437/3130/487 2438/3131/487
f 2438/3131/488 2437/3130/488 2439/3132/488 2440/3133/488
f 2440/3133/489 2439/3132/489 2441/3134/489 2442/3135/489
f 2442/3135/490 2441/3134/490 2443/3136/490 2444/3137/490
f 2444/3137/491 2443/3136/491 2445/3138/491 2446/3139/491
f 2446/3139/492 2445/3138/492 2447/3140/492 2448/3141/492
f 2448/3141/493 2447/3140/493 2449/3142/493 2450/3143/493
f 2450/3143/494 2449/3142/494 2451/3144/494 2452/3145/494
f 2452/3145/495 2451/3144/495 2453/3146/495 2454/3147/495
f 2455/3148/33 2456/3149/33 2457/3150/33 2458/3151/33
f 2458/3151/33 2457/3150/33 2459/3152/33 2460/3153/33
f 2460/3153/33 2459/3152/33 2461/3154/33 2462/3155/33
f 2462/3155/33 2461/3154/33 2463/3156/33 2464/3157/33
f 2464/3157/33 2463/3156/33 2414/3107/33 2413/3106/33
f 2465/3158/33 2466/3159/33 2467/3160/33 2468/3161/33
f 2469/3162/37 2470/3163/37 2471/3164/37 2472/3165/37
f 2473/3166/34 2474/3167/34 2475/3168/34 2476/3169/34
f 2477/3170/33 2478/3171/33 2479/3172/33 2480/3173/33
f 2481/3174/37 2482/3175/37 2483/3176/37 2484/3177/37
f 2485/3178/34 2486/3179/34 2487/3180/34 2488/3181/34
f 2489/3182/34 2490/3183/34 2491/3184/34 2492/3185/34
f 2493/3186/34 2494/3187/34 2495/3188/34 2496/3189/34
f 2497/3190/33 2498/3191/33 2499/3192/33 2500/3193/33
f 2501/3194/33 2502/3195/33 2503/3196/33 2504/3197/33
f 2505/3198/33 2506/3199/33 2507/3200/33 2508/3201/33
f 2509/3202/35 2510/3203/35 2511/3204/35 2512/3205/35
f 2513/3206/34 2514/3207/34 2515/3208/34 2516/3209/34
f 2517/3210/37 2518/3211/37 2519/3212/37 2520/3213/37
f 2521/3214/37 2522/3215/37 2523/3216/37 2524/3217/37
f 2525/3218/496 2526/3219/37 2527/3220/497
f 2528/3221/23 2529/3222/23 2530/3223/23 2531/3224/23
f 2532/3225/35 2533/3226/35 2534/3227/35 2535/3228/35
f 2536/3229/37 2537/3230/37 2538/3231/37 2539/3232/37
f 2540/3233/33 2541/3234/33 2542/3235/33 2543/3236/33
f 2510/3203/383 2544/3237/383 2545/3238/383 2511/3204/383
f 2546/3239/498 2547/3240/498 2548/3241/498 2549/3242/498
f 2473/3243/373 2476/3244/373 2550/3245/373 2551/3246/373
f 2489/3247/34 2492/3248/34 2552/3249/34 2553/3250/34
f 2491/3251/34 2490/3252/34 2514/3207/34 2513/3206/34
f 2554/3253/34 2555/3254/34 2556/3255/34
f 2492/3248/34 2493/3256/34 2552/3249/34
f 2490/3252/34 2487/3257/34 2514/3207/34
f 2557/3258/36 2558/3259/36 2559/3260/36 2560/3261/36 2561/3262/36
f 2469/3263/37 2472/3264/37 2562/3265/37 2563/3266/37
f 2493/3256/34 2496/3267/34 2551/3246/34 2552/3249/34
f 2471/3268/37 2470/3269/37 2517/3210/37 2564/3270/37
f 2495/3271/34 2494/3272/34 2513/3206/34 2565/3273/34
f 2488/3274/34 2489/3247/34 2553/3250/34
f 2566/3275/34 2567/3276/34 2568/3277/34
f 2496/3267/34 2473/3243/34 2551/3246/34
f 2514/3207/34 2569/3278/34 2570/3279/34 2515/3208/34
f 2486/3280/34 2485/3281/34 2571/3282/34 2569/3278/34
f 2564/3270/37 2517/3210/37 2520/3213/37 2572/3283/37
f 2470/3269/37 2469/3263/37 2563/3266/37 2517/3210/37
f 2522/3284/37 2521/3285/37 2573/3286/37 2574/3287/37
f 2521/3285/37 2524/3288/37 2575/3289/37 2573/3286/37
f 2483/3290/37 2482/3291/37 2518/3211/37 2517/3210/37
f 2484/3292/37 2483/3290/37 2517/3210/37 2563/3266/37
f 2481/3293/37 2484/3292/37 2563/3266/37 2576/3294/37
f 2577/3295/36 2578/3296/36 2579/3297/36 2580/3298/36
f 2523/3299/37 2522/3284/37 2574/3287/37 2581/3300/37
f 2578/3296/36 2582/3301/36 2583/3302/36 2579/3297/36
f 2584/3303/33 2585/3304/33 2586/3305/33 2587/3306/33
f 2524/3288/37 2523/3299/37 2581/3300/37 2575/3289/37
f 2582/3301/36 2588/3307/36 2589/3308/36 2583/3302/36
f 2588/3307/36 2590/3309/36 2591/3310/36 2589/3308/36
f 2537/3230/37 2592/3311/37 2593/3312/37 2538/3231/37
f 2482/3291/37 2481/3293/37 2576/3294/37 2518/3211/37
f 2594/3313/33 2595/3314/33 2596/3315/33 2597/3316/33
f 2477/3317/33 2480/3318/33 2598/3319/33 2599/3320/33
f 2478/3321/33 2477/3317/33 2599/3320/33 2600/3322/33
f 2497/3323/33 2500/3324/33 2601/3325/33 2602/3326/33
f 2498/3327/33 2497/3323/33 2602/3326/33 2603/3328/33
f 2499/3329/33 2498/3327/33 2603/3328/33 2604/3330/33
f 2507/3331/33 2506/3332/33 2605/3333/33 2541/3234/33
f 2505/3334/33 2508/3335/33 2606/3336/33 2607/3337/33
f 2500/3324/33 2499/3329/33 2604/3330/33 2601/3325/33
f 2506/3332/33 2505/3334/33 2607/3337/33 2605/3333/33
f 2508/3335/33 2507/3331/33 2541/3234/33 2606/3336/33
f 2479/3338/33 2478/3321/33 2600/3322/33 2608/3339/33
f 2480/3318/33 2479/3338/33 2608/3339/33 2598/3319/33
f 2467/3340/33 2466/3341/33 2541/3234/33 2540/3233/33
f 2468/3342/33 2467/3340/33 2540/3233/33 2609/3343/33
f 2596/3344/33 2595/3345/33 2608/3339/33 2603/3328/33
f 2597/3346/33 2596/3344/33 2603/3328/33 2602/3326/33
f 2503/3347/33 2502/3348/33 2604/3330/33 2605/3333/33
f 2465/3349/33 2468/3342/33 2609/3343/33 2606/3336/33
f 2501/3350/33 2504/3351/33 2607/3337/33 2601/3325/33
f 2502/3348/33 2501/3350/33 2601/3325/33 2604/3330/33
f 2504/3351/33 2503/3347/33 2605/3333/33 2607/3337/33
f 2466/3341/33 2465/3349/33 2606/3336/33 2541/3234/33
f 2594/3352/33 2597/3346/33 2602/3326/33 2598/3319/33
f 2595/3345/33 2594/3352/33 2598/3319/33 2608/3339/33
f 2610/3353/374 2611/3354/374 2612/3355/374
f 2613/3356/34 2614/3357/34 2615/3358/34 2616/3359/34
f 2617/3360/36 2577/3295/36 2580/3298/36 2618/3361/36
f 2592/3311/37 2619/3362/37 2620/3363/37 2593/3312/37
f 2621/3364/37 2622/3365/37 2623/3366/37 2624/3367/37
f 2625/3368/37 2626/3369/37 2627/3370/37 2628/3371/37
f 2629/3372/37 2630/3373/37 2631/3374/37 2632/3375/37
f 2633/3376/37 2634/3377/37 2635/3378/37 2636/3379/37
f 2637/3380/37 2638/3381/37 2639/3382/37 2640/3383/37
f 2640/3384/37 2639/3385/37 2641/3386/37 2642/3387/37
f 2629/3388/37 2632/3389/37 2643/3390/37 2644/3391/37
f 2621/3392/37 2624/3393/37 2645/3394/37 2646/3395/37
f 2623/3396/37 2622/3397/37 2647/3398/37 2619/3362/37
f 2631/3399/37 2630/3400/37 2592/3311/37 2537/3230/37
f 2648/3401/34 2649/3402/34 2650/3403/34 2651/3404/34
f 2622/3397/37 2621/3392/37 2646/3395/37 2647/3398/37
f 2624/3393/37 2623/3396/37 2619/3362/37 2645/3394/37
f 2630/3400/37 2629/3388/37 2644/3391/37 2592/3311/37
f 2632/3389/37 2631/3399/37 2537/3230/37 2643/3390/37
f 2638/3405/37 2637/3406/37 2652/3407/37 2536/3229/37
f 2639/3385/37 2638/3405/37 2536/3229/37 2641/3386/37
f 2633/3408/37 2636/3409/37 2652/3407/37 2643/3390/37
f 2625/3410/37 2628/3411/37 2644/3391/37 2645/3394/37
f 2627/3412/37 2626/3413/37 2619/3362/37 2592/3311/37
f 2635/3414/37 2634/3415/37 2537/3230/37 2536/3229/37
f 2626/3413/37 2625/3410/37 2645/3394/37 2619/3362/37
f 2628/3411/37 2627/3412/37 2592/3311/37 2644/3391/37
f 2634/3415/37 2633/3408/37 2643/3390/37 2537/3230/37
f 2636/3409/37 2635/3414/37 2536/3229/37 2652/3407/37
f 2619/3362/37 2647/3398/37 2653/3416/37 2620/3363/37
f 2654/3417/34 2651/3404/34 2655/3418/34 2656/3419/34
f 2476/3244/375 2657/3420/375 2550/3245/375
f 2641/3386/37 2536/3229/37 2539/3232/37 2658/3421/37
f 2659/3422/36 2660/3423/36 2661/3424/36 2662/3425/36
f 2662/3425/36 2661/3424/36 2577/3295/36 2617/3360/36
f 2663/3426/34 2649/3427/34 2648/3428/34 2664/3429/34
f 2665/3430/34 2666/3431/34 2667/3432/34 2668/3433/34
f 2669/3434/33 2670/3435/33 2671/3436/33 2672/3437/33
f 2673/3438/33 2669/3434/33 2672/3437/33 2674/3439/33
f 2541/3234/33 2605/3333/33 2675/3440/33 2542/3235/33
f 2605/3333/33 2604/3330/33 2676/3441/33 2675/3440/33
f 2649/3402/34 2663/3442/34 2677/3443/34 2650/3403/34
f 2678/3444/36 2679/3445/36 2590/3309/36 2588/3307/36
f 2680/3446/36 2681/3447/36 2678/3444/36 2682/3448/36
f 2682/3448/36 2678/3444/36 2588/3307/36 2582/3301/36
f 2670/3435/33 2683/3449/33 2684/3450/33 2671/3436/33
f 2604/3330/33 2603/3328/33 2685/3451/33 2676/3441/33
f 2686/3452/33 2687/3453/33 2688/3454/33 2689/3455/33
f 2690/3456/33 2691/3457/33 2692/3458/33 2693/3459/33
f 2694/3460/36 2680/3446/36 2682/3448/36 2695/3461/36
f 2695/3461/36 2682/3448/36 2582/3301/36 2578/3296/36
f 2660/3423/36 2694/3460/36 2695/3461/36 2661/3424/36
f 2661/3424/36 2695/3461/36 2578/3296/36 2577/3295/36
f 2616/3462/34 2615/3463/34 2696/3464/34 2697/3465/34
f 2681/3447/36 2698/3466/36 2699/3467/36 2679/3445/36 2678/3444/36
f 2615/3463/34 2614/3468/34 2654/3417/34 2696/3464/34
f 2637/3406/37 2640/3384/37 2642/3387/37 2652/3407/37
f 2613/3469/34 2616/3462/34 2697/3465/34 2700/3470/34
f 2651/3404/34 2650/3403/34 2701/3471/34 2655/3418/34
f 2664/3472/34 2648/3401/34 2651/3404/34 2702/3473/34
f 2614/3468/34 2613/3469/34 2700/3470/34 2654/3417/34
f 2665/3474/34 2668/3475/34 2700/3470/34 2702/3473/34
f 2667/3476/34 2666/3477/34 2651/3404/34 2654/3417/34
f 2666/3477/34 2665/3474/34 2702/3473/34 2651/3404/34
f 2668/3475/34 2667/3476/34 2654/3417/34 2700/3470/34
f 2696/3464/34 2654/3417/34 2656/3419/34 2703/3478/34
f 2581/3300/37 2574/3287/37 2704/3479/37 2705/3480/37
f 2533/3226/35 2509/3202/35 2512/3205/35 2534/3227/35
f 2565/3273/34 2513/3206/34 2516/3209/34 2706/3481/34
f 2487/3257/34 2486/3280/34 2569/3278/34 2514/3207/34
f 2580/3298/36 2579/3297/36 2707/3482/36 2708/3483/36
f 2583/3302/36 2589/3308/36 2709/3484/36 2710/3485/36
f 2618/3361/36 2580/3298/36 2708/3483/36 2711/3486/36
f 2579/3297/36 2583/3302/36 2710/3485/36 2707/3482/36
f 2589/3308/36 2591/3310/36 2712/3487/36 2709/3484/36
f 2710/3485/36 2709/3484/36 2713/3488/36 2714/3489/36
f 2709/3484/36 2712/3487/36 2715/3490/36 2713/3488/36
f 2707/3482/36 2710/3485/36 2714/3489/36 2716/3491/36
f 2708/3483/36 2707/3482/36 2716/3491/36 2717/3492/36
f 2711/3486/36 2708/3483/36 2717/3492/36 2718/3493/36
f 2714/3489/36 2713/3488/36 2719/3494/36 2720/3495/36
f 2713/3488/36 2715/3490/36 2721/3496/36 2719/3494/36
f 2716/3491/36 2714/3489/36 2720/3495/36 2722/3497/36
f 2717/3492/36 2716/3491/36 2722/3497/36 2723/3498/36
f 2718/3493/36 2717/3492/36 2723/3498/36 2724/3499/36
f 2720/3495/36 2719/3494/36 2725/3500/36 2726/3501/36
f 2719/3494/36 2721/3496/36 2727/3502/36 2725/3500/36
f 2722/3497/36 2720/3495/36 2726/3501/36 2728/3503/36
f 2723/3498/36 2722/3497/36 2728/3503/36 2729/3504/36
f 2724/3499/36 2723/3498/36 2729/3504/36 2730/3505/36
f 2715/3490/36 2712/3487/36 2557/3258/36 2731/3506/36
f 2721/3496/36 2715/3490/36 2731/3506/36 2732/3507/36
f 2727/3502/36 2721/3496/36 2732/3507/36 2733/3508/36
f 2712/3487/36 2591/3310/36 2558/3259/36 2557/3258/36
f 2733/3508/36 2732/3507/36 2734/3509/36 2735/3510/36
f 2732/3507/36 2731/3506/36 2736/3511/36 2734/3509/36
f 2731/3506/36 2557/3258/36 2561/3262/36 2736/3511/36
f 2485/3281/34 2488/3274/34 2553/3250/34 2571/3282/34
f 2618/3361/36 2711/3486/36 2737/3512/36 2738/3513/36
f 2711/3486/36 2718/3493/36 2739/3514/36 2737/3512/36
f 2718/3493/36 2724/3499/36 2740/3515/36 2739/3514/36
f 2724/3499/36 2730/3505/36 2741/3516/36 2740/3515/36
f 2741/3516/36 2730/3505/36 2742/3517/36 2743/3518/36
f 2730/3505/36 2729/3504/36 2744/3519/36 2742/3517/36
f 2726/3501/36 2725/3500/36 2745/3520/36 2746/3521/36
f 2728/3503/36 2726/3501/36 2746/3521/36 2747/3522/36
f 2729/3504/36 2728/3503/36 2747/3522/36 2744/3519/36
f 2742/3517/36 2744/3519/36 2748/3523/36 2749/3524/36
f 2746/3521/36 2745/3520/36 2750/3525/36 2751/3526/36
f 2743/3518/36 2742/3517/36 2749/3524/36 2752/3527/36
f 2747/3522/36 2746/3521/36 2751/3526/36 2753/3528/36
f 2744/3519/36 2747/3522/36 2753/3528/36 2748/3523/36
f 2754/3529/23 2546/3239/23 2549/3242/23
f 2755/3530/23 2754/3529/23 2549/3242/23
f 2756/3531/23 2757/3532/23 2755/3530/23 2549/3242/23
f 2758/3533/23 2756/3531/23 2549/3242/23
f 2759/3534/23 2760/3535/23 2758/3533/23 2549/3242/23
f 2745/3520/36 2725/3500/36 2761/3536/36
f 2727/3502/36 2733/3508/36 2761/3536/36
f 2762/3537/376 2763/3538/376 2764/3539/376 2765/3540/376
f 2766/3541/23 2531/3224/23 2549/3242/23
f 2765/3540/385 2764/3539/385 2767/3542/385 2768/3543/385
f 2769/3544/389 2770/3545/389 2771/3546/389 2772/3547/389
f 2475/3548/499 2474/3549/499 2565/3273/499 2773/3550/499
f 2531/3224/23 2530/3223/23 2549/3242/23
f 2774/3551/380 2775/3552/380 2776/3553/380 2777/3554/380
f 2548/3241/23 2766/3541/23 2549/3242/23
f 2735/3510/36 2778/3555/36 2761/3536/36
f 2779/3556/36 2780/3557/36 2781/3558/36 2761/3536/36
f 2733/3508/36 2735/3510/36 2761/3536/36
f 2750/3525/36 2745/3520/36 2761/3536/36
f 2782/3559/36 2779/3556/36 2761/3536/36
f 2783/3560/36 2784/3561/36 2782/3559/36 2761/3536/36
f 2725/3500/36 2727/3502/36 2761/3536/36
f 2778/3555/36 2783/3560/36 2761/3536/36
f 2785/3562/500 2786/3563/500 2787/3564/500
f 2788/3565/501 2789/3566/501 2790/3567/501 2791/3568/501
f 2792/3569/502 2788/3565/502 2791/3568/502 2793/3570/502
f 2794/3571/503 2795/3572/503 2796/3573/503 2797/3574/503
f 2798/3575/504 2794/3571/504 2797/3574/504 2799/3576/504
f 2789/3566/505 2786/3563/505 2785/3562/505 2790/3567/505
f 2800/3577/506 2773/3550/506 2565/3273/506 2706/3481/506
f 2544/3237/383 2801/3578/383 2545/3238/383
f 2800/3577/384 2802/3579/384 2773/3550/384
f 2773/3550/384 2802/3579/384 2803/3580/384
f 2801/3578/383 2544/3237/383 2804/3581/383
f 2805/3582/385 2806/3583/385 2807/3584/385 2808/3585/385
f 2809/3586/374 2810/3587/374 2811/3588/374 2812/3589/374
f 2813/3590/380 2809/3586/380 2812/3589/380 2814/3591/380
f 2815/3592/386 2805/3582/386 2808/3585/386 2816/3593/386
f 2817/3594/376 2813/3590/376 2814/3591/376 2818/3595/376
f 2819/3596/507 2475/3548/507 2773/3550/507 2803/3580/507
f 2767/3597/385 2764/3598/385 2806/3599/385 2805/3600/385
f 2775/3601/374 2612/3602/374 2810/3603/374 2809/3604/374
f 2776/3605/380 2775/3601/380 2809/3604/380 2813/3606/380
f 2770/3607/386 2767/3597/386 2805/3600/386 2815/3608/386
f 2763/3609/376 2776/3605/376 2813/3606/376 2817/3610/376
f 2657/3420/375 2476/3244/375 2475/3548/375 2819/3596/375
f 2764/3539/376 2763/3538/376 2817/3594/376 2806/3583/376
f 2806/3583/376 2817/3594/376 2818/3595/376 2807/3584/376
f 2795/3572/508 2792/3569/508 2793/3570/508 2796/3573/508
f 2777/3554/376 2776/3553/376 2763/3538/376 2762/3537/376
f 2810/3587/374 2612/3355/374 2611/3354/374 2820/3611/374
f 2821/3612/388 2822/3613/388 2823/3614/388 2824/3615/388
f 2825/3616/388 2821/3612/388 2824/3615/388 2826/3617/388
f 2472/3264/37 2471/3268/37 2564/3270/37 2562/3265/37
f 2811/3588/374 2810/3587/374 2820/3611/374
f 2612/3355/374 2775/3552/374 2774/3551/374 2610/3353/374
f 2771/3546/389 2770/3545/389 2815/3592/389 2827/3618/389
f 2827/3618/389 2815/3592/389 2816/3593/389 2828/3619/389
f 2829/3620/509 2798/3575/509 2799/3576/509 2830/3621/509
f 2768/3543/386 2767/3542/386 2770/3545/386 2769/3544/386
f 2831/3622/388 2832/3623/388 2833/3624/388 2834/3625/388
f 2834/3625/388 2835/3626/388 2836/3627/388 2831/3622/388
f 2663/3442/34 2664/3472/34 2702/3473/34 2677/3443/34
f 2688/3628/33 2687/3629/33 2837/3630/33 2838/3631/33
f 2587/3632/33 2586/3633/33 2839/3634/33 2683/3449/33
f 2584/3635/33 2587/3632/33 2683/3449/33 2670/3435/33
f 2687/3629/33 2686/3636/33 2673/3438/33 2837/3630/33
f 2586/3633/33 2585/3637/33 2840/3638/33 2839/3634/33
f 2686/3636/33 2689/3639/33 2669/3434/33 2673/3438/33
f 2689/3639/33 2688/3628/33 2838/3631/33 2669/3434/33
f 2585/3637/33 2584/3635/33 2670/3435/33 2840/3638/33
f 2692/3640/33 2691/3641/33 2838/3631/33 2840/3638/33
f 2690/3642/33 2693/3643/33 2670/3435/33 2669/3434/33
f 2691/3641/33 2690/3642/33 2669/3434/33 2838/3631/33
f 2693/3643/33 2692/3640/33 2840/3638/33 2670/3435/33
f 2841/3644/33 2842/3645/33 2843/3646/33 2844/3647/33
f 2845/3648/33 2846/3649/33 2847/3650/33 2848/3651/33
f 2849/3652/37 2850/3653/37 2851/3654/37 2852/3655/37
f 2853/3656/34 2854/3657/34 2855/3658/34 2856/3659/34
f 2857/3660/33 2858/3661/33 2859/3662/33 2860/3663/33
f 2861/3664/37 2862/3665/37 2863/3666/37 2864/3667/37
f 2865/3668/34 2866/3669/34 2567/3670/34 2867/3671/34
f 2868/3672/34 2566/3673/34 2555/3674/34 2869/3675/34
f 2870/3676/34 2554/3677/34 2871/3678/34 2872/3679/34
f 2873/3680/33 2874/3681/33 2875/3682/33 2876/3683/33
f 2877/3684/33 2878/3685/33 2879/3686/33 2880/3687/33
f 2881/3688/33 2882/3689/33 2883/3690/33 2884/3691/33
f 2885/3692/35 2886/3693/35 2887/3694/35 2888/3695/35
f 2889/3696/35 2890/3697/35 2891/3698/35 2892/3699/35
f 2893/3700/385 2894/3701/385 2895/3702/385 2896/3703/385
f 2897/3704/35 2898/3705/402 2899/3706/35
f 2900/3707/37 2901/3708/37 2902/3709/37 2903/3710/37
f 2904/3711/496 2905/3712/37 2906/3713/497
f 2907/3714/23 2908/3715/23 2909/3716/23 2910/3717/23
f 2911/3718/33 2912/3719/33 2913/3720/33 2914/3721/33
f 2886/3722/510 2915/3723/510 2916/3724/510 2887/3725/510
f 2917/3726/511 2918/3727/511 2919/3728/511 2920/3729/511 2921/3730/511
f 2853/3731/373 2856/3732/373 2800/3733/373 2706/3734/373
f 2868/3735/34 2869/3736/34 2516/3737/34 2515/3738/34
f 2555/3254/34 2566/3275/34 2568/3277/34 2556/3255/34
f 2869/3736/34 2870/3739/34 2516/3737/34
f 2849/3740/37 2852/3741/37 2572/3742/37 2520/3743/37
f 2870/3739/34 2872/3744/34 2706/3734/34 2516/3737/34
f 2851/3745/37 2850/3746/37 2922/3747/37 2923/3748/37
f 2871/3749/34 2554/3253/34 2556/3255/34 2924/3750/34
f 2867/3751/34 2868/3735/34 2515/3738/34
f 2872/3744/34 2853/3731/34 2706/3734/34
f 2925/3752/512 2926/3753/512 2927/3754/512 2928/3755/512
f 2866/3756/34 2865/3757/34 2929/3758/34 2930/3759/34
f 2931/3760/403 2932/3761/37 2933/3762/37 2934/3763/37
f 2935/3764/34 2936/3765/34 2937/3766/34 2938/3767/34
f 2901/3768/37 2939/3769/37 2940/3770/37
f 2900/3771/37 2903/3772/37 2705/3773/37 2704/3774/37
f 2863/3775/37 2862/3776/37 2941/3777/37 2922/3747/37
f 2864/3778/37 2849/3740/37 2520/3743/37
f 2861/3779/37 2864/3778/37 2520/3743/37 2519/3780/37
f 2902/3781/37 2901/3768/37 2940/3770/37 2942/3782/37
f 2843/3783/33 2842/3784/33 2943/3785/33 2944/3786/33
f 2903/3772/37 2945/3787/37 2705/3773/37
f 2862/3776/37 2946/3788/37 2941/3777/37
f 2947/3789/33 2948/3790/33 2949/3791/33 2950/3792/33
f 2857/3793/33 2860/3794/33 2951/3795/33 2952/3796/33
f 2858/3797/33 2857/3798/33 2953/3799/33 2954/3800/33
f 2873/3801/33 2876/3802/33 2676/3803/33 2685/3804/33
f 2948/3805/33 2859/3806/33 2955/3807/33
f 2875/3808/33 2874/3809/33 2956/3810/33 2957/3811/33
f 2883/3812/33 2882/3813/33 2958/3814/33 2912/3719/33
f 2881/3815/33 2884/3816/33 2542/3817/33 2675/3818/33
f 2876/3802/33 2877/3819/33 2676/3803/33
f 2959/3820/37 2960/3821/37 2961/3822/37 2962/3823/37
f 2884/3816/33 2845/3824/33 2542/3817/33
f 2859/3806/33 2858/3797/33 2954/3800/33 2955/3807/33
f 2860/3794/33 2947/3825/33 2951/3795/33
f 2847/3826/33 2846/3827/33 2912/3719/33 2911/3718/33
f 2848/3828/33 2963/3829/33 2543/3830/33
f 2949/3831/33 2948/3805/33 2955/3807/33 2956/3810/33
f 2950/3832/33 2873/3801/33 2685/3804/33
f 2879/3833/33 2878/3834/33 2957/3811/33 2958/3814/33
f 2845/3824/33 2848/3828/33 2543/3830/33 2542/3817/33
f 2877/3819/33 2880/3835/33 2675/3818/33 2676/3803/33
f 2964/3836/388 2965/3837/388 2966/3838/388 2967/3839/388
f 2880/3835/33 2881/3815/33 2675/3818/33
f 2968/3840/34 2969/3841/34 2970/3842/34
f 2947/3825/33 2950/3832/33 2685/3804/33 2951/3795/33
f 2971/3843/34 2972/3844/34 2973/3845/34
f 2974/3846/374 2975/3847/374 2976/3848/374
f 2977/3849/34 2978/3850/34 2937/3851/34 2936/3852/34
f 2979/3853/37 2980/3854/37 2981/3855/37 2982/3856/37
f 2983/3857/37 2984/3858/37 2985/3859/37 2986/3860/37
f 2987/3861/37 2988/3862/37 2989/3863/37 2990/3864/37
f 2991/3865/37 2992/3866/37 2993/3867/37 2994/3868/37
f 2995/3869/37 2996/3870/37 2997/3871/37 2998/3872/37
f 2998/3873/37 2999/3874/37 2658/3875/37
f 2987/3876/37 2990/3877/37 2538/3878/37 2593/3879/37
f 2979/3880/37 2982/3881/37 2620/3882/37 2653/3883/37
f 2981/3884/37 2980/3885/37 3000/3886/37 3001/3887/37
f 2989/3888/37 2988/3889/37 3002/3890/37 3003/3891/37
f 3004/3892/34 3005/3893/34 3006/3894/34 2972/3895/34
f 2980/3885/37 3007/3896/37 3000/3886/37
f 2982/3881/37 2983/3897/37 2620/3882/37
f 2990/3877/37 2991/3898/37 2538/3878/37
f 2997/3899/37 2996/3900/37 3008/3901/37 3009/3902/37
f 2991/3898/37 2994/3903/37 2539/3904/37 2538/3878/37
f 2983/3897/37 2986/3905/37 2593/3879/37 2620/3882/37
f 2985/3906/37 2984/3907/37 3001/3887/37 3002/3890/37
f 2993/3908/37 2992/3909/37 3003/3891/37 3008/3901/37
f 2986/3910/37 2985/3906/37 2988/3889/37 2987/3911/37
f 2994/3912/37 2993/3908/37 2996/3900/37 2995/3913/37
f 2856/3732/375 3010/3914/375 2800/3733/375
f 3011/3915/34 3005/3916/34 3004/3917/34 3012/3918/34
f 3013/3919/34 3014/3920/34 3015/3921/34 3016/3922/34
f 3017/3923/33 3018/3924/33 3019/3925/33 3020/3926/33
f 3021/3927/33 3017/3923/33 3020/3926/33
f 2912/3719/33 2958/3814/33 3022/3928/33 2913/3720/33
f 2958/3814/33 2957/3811/33 3023/3929/33 3022/3928/33
f 3005/3893/34 3011/3930/34 3024/3931/34 3006/3894/34
f 3018/3924/33 3025/3932/33 3026/3933/33 3019/3925/33
f 2957/3811/33 2956/3810/33 3027/3934/33 3023/3929/33
f 3028/3935/33 3029/3936/33 3030/3937/33 3031/3938/33
f 3032/3939/33 3033/3940/33 2841/3941/33 2844/3942/33
f 2936/3943/34 2935/3944/34 2703/3945/34
f 2937/3766/34 2978/3946/34 3034/3947/34 3035/3948/34
f 2995/3949/37 2998/3873/37 2658/3875/37 2539/3904/37
f 2977/3950/34 2936/3943/34 2703/3945/34 2656/3951/34
f 3012/3952/34 3013/3953/34 2655/3954/34
f 3013/3953/34 3016/3955/34 2656/3951/34 2655/3954/34
f 3015/3956/34 3014/3957/34 2972/3895/34 3034/3947/34
f 3036/3958/388 3037/3959/388 2836/3960/388 2835/3961/388
f 3016/3962/34 3015/3956/34 2978/3946/34 2977/3963/34
f 2942/3782/37 2940/3770/37 3038/3964/37 3039/3965/37
f 2890/3697/35 2885/3692/35 2888/3695/35 2891/3698/35
f 3040/3966/33 3041/3967/33 3042/3968/33 3043/3969/33
f 2567/3276/34 2866/3756/34 2930/3759/34 2568/3277/34
f 2865/3970/34 2867/3751/34 2515/3738/34 2570/3971/34
f 3044/3972/36 3045/3973/36 3046/3974/36 3047/3975/36
f 3047/3975/36 3046/3974/36 3048/3976/36 3049/3977/36
f 3050/3978/23 2917/3726/23 2921/3730/23
f 3051/3979/23 3050/3978/23 2921/3730/23
f 3052/3980/23 3053/3981/23 3051/3979/23 2921/3730/23
f 3054/3982/23 3052/3980/23 2921/3730/23
f 3055/3983/23 3056/3984/23 3054/3982/23 2921/3730/23
f 3046/3974/36 3045/3973/36 3057/3985/36
f 3058/3986/36 3059/3987/36 3057/3985/36
f 3060/3988/376 3061/3989/376 3062/3990/376 3063/3991/376
f 3064/3992/23 2910/3717/23 2921/3993/23
f 3063/3991/385 3062/3990/385 3065/3994/385 3066/3995/385
f 3067/3996/389 3068/3997/389 3069/3998/389 3070/3999/389
f 2855/4000/513 2854/4001/513 2924/3750/513 3071/4002/513
f 2910/3717/23 2909/3716/23 2921/3993/23
f 3072/4003/380 3073/4004/380 3074/4005/380 3075/4006/380
f 2920/3729/23 3064/4007/23 2921/3730/23
f 3076/4008/36 3077/4009/36 3057/3985/36
f 3078/4010/36 3079/4011/36 3080/4012/36 3057/3985/36
f 3059/3987/36 3076/4008/36 3057/3985/36
f 3048/3976/36 3046/3974/36 3057/3985/36
f 3081/4013/36 3078/4010/36 3057/3985/36
f 3082/4014/36 3083/4015/36 3081/4013/36 3057/3985/36
f 3045/3973/36 3058/3986/36 3057/3985/36
f 3077/4009/36 3082/4014/36 3057/3985/36
f 3084/4016/385 3085/4017/385 2894/4018/385 2893/4019/385
f 3086/4020/23 3087/4021/23 3088/4022/23
f 3089/4023/23 3090/4024/23 3091/4025/23 3092/4026/23
f 3090/4024/23 3093/4027/23 3094/4028/23 3091/4025/23
f 3095/4029/23 3096/4030/23 3097/4031/23 3098/4032/23
f 3099/4033/389 3100/4034/389 3101/4035/389 3102/4036/389
f 3103/4037/514 3104/4038/514 3105/4039/514 3106/4040/514
f 3107/4041/23 3108/4042/23 3109/4043/23 3110/4044/23
f 3071/4002/384 3111/4045/384 3112/4046/384
f 3113/4047/23 3114/4048/23 3115/4049/23 3116/4050/23
f 3117/4051/385 3118/4052/385 3085/4017/385 3084/4016/385
f 3119/4053/374 3120/4054/374 3121/4055/374 3122/4056/374
f 3123/4057/380 3119/4053/380 3122/4056/380 3124/4058/380
f 3125/4059/386 3117/4051/386 3084/4016/386 3100/4034/386
f 3126/4060/376 3123/4057/376 3124/4058/376 3127/4061/376
f 3128/4062/515 2855/4000/515 3071/4002/515 3112/4046/515
f 3065/4063/385 3062/4064/385 3118/4065/385 3117/4066/385
f 3073/4067/374 2976/4068/374 3120/4069/374 3119/4070/374
f 3074/4071/380 3073/4067/380 3119/4070/380 3123/4072/380
f 3068/4073/386 3065/4063/386 3117/4066/386 3125/4074/386
f 3061/4075/376 3074/4071/376 3123/4072/376 3126/4076/376
f 3010/4077/375 2856/4078/375 2855/4000/375 3128/4062/375
f 3062/4079/376 3061/4080/376 3126/4060/376 3118/4052/376
f 3118/4052/376 3126/4060/376 3127/4061/376 3085/4017/376
f 3122/4056/374 3121/4055/374 3129/4081/374 3130/4082/374
f 3075/4006/376 3074/4005/376 3061/3989/376 3060/3988/376
f 3120/4054/374 2976/4083/374 2975/4084/374 3131/4085/374
f 3132/4086/388 3133/4087/388 3134/4088/388 3135/4089/388
f 2568/4090/34 2930/4091/34 3136/4092/34 3137/4093/34
f 2852/3741/37 3138/4094/37 2572/3742/37
f 3121/4055/374 3120/4054/374 3131/4085/374
f 2976/3848/374 3073/4004/374 3072/4003/374 2974/3846/374
f 3069/4095/389 3068/4096/389 3125/4059/389 3139/4097/389
f 3139/4097/389 3125/4059/389 3100/4034/389 3099/4033/389
f 3127/4061/376 3124/4058/376 3140/4098/376 3141/4099/376
f 3066/3995/386 3065/3994/386 3068/3997/386 3067/3996/386
f 3142/4100/388 3037/4101/388 3036/4102/388 3143/4103/388
f 3011/4104/34 3012/3952/34 2655/3954/34 2701/4105/34
f 3030/4106/33 3029/4107/33 2674/4108/33 2672/4109/33
f 2944/4110/33 3144/4111/33 3025/3932/33
f 2843/3646/33 2944/4110/33 3025/3932/33 3018/3924/33
f 3029/4107/33 3145/4112/33 2674/4108/33
f 2943/4113/33 2842/4114/33 2671/4115/33 2684/4116/33
f 3028/4117/33 3031/4118/33 3017/3923/33 3021/3927/33
f 3146/4119/37 2902/3781/37 2942/3782/37
f 2842/4114/33 2841/4120/33 2671/4115/33
f 2841/4120/33 3033/4121/33 2672/4109/33 2671/4115/33
f 3032/4122/33 2844/3647/33 3018/3924/33 3017/3923/33
f 3033/4121/33 3030/4106/33 2672/4109/33
f 3147/4123/34 3148/4124/34 3149/4125/34 3150/4126/34
f 3151/4127/33 3152/4128/33 3153/4129/33 3154/4130/33
f 3155/4131/34 3156/4132/34 3157/4133/34 3158/4134/34
f 3159/4135/33 3160/4136/33 3161/4137/33 3162/4138/33
f 3163/4139/37 3164/4140/37 2961/4141/37 2960/4142/37
f 2969/4143/34 3165/4144/34 3166/4145/34 3167/4146/34
f 3168/4147/34 3169/4148/34 3170/4149/34 3171/4150/34
f 3172/4151/34 3173/4152/34 3174/4153/34 3175/4154/34
f 3176/4155/33 3177/4156/33 3178/4157/33 3179/4158/33
f 3180/4159/33 3181/4160/33 3182/4161/33 3183/4162/33
f 3184/4163/33 3185/4164/33 3186/4165/33 3187/4166/33
f 3188/4167/35 3189/4168/35 3190/4169/35 3191/4170/35
f 3192/4171/35 3193/4172/35 3194/4173/35 3195/4174/35
f 3196/4175/37 3197/4176/37 3198/4177/37 3199/4178/37
f 3200/4179/516 3201/4180/37 3202/4181/517
f 3203/4182/23 3204/4183/23 3205/4184/23 3206/4185/23
f 3207/4186/33 3208/4187/33 3209/4188/33 3210/4189/33
f 3189/4168/518 3211/4190/518 3212/4191/518 3190/4169/518
f 3213/4192/519 3214/4193/519 3215/4194/519 3216/4195/519
f 3155/4196/373 3158/4197/373 3103/4037/373 3106/4040/373
f 3168/4198/34 3171/4199/34 3217/4200/34 3218/4201/34
f 3170/4202/34 3169/4203/34 3219/4204/34 3220/4205/34
f 3171/4199/34 3172/4206/34 3217/4200/34
f 2960/4207/37 3221/4208/37 3222/4209/37
f 3172/4206/34 3175/4210/34 3106/4040/34 3217/4200/34
f 3174/4211/34 3173/4212/34 3220/4205/34 3223/4213/34
f 3167/4214/34 3166/4215/34 3169/4203/34 3168/4216/34
f 3175/4217/34 3174/4211/34 3156/4218/34 3155/4219/34
f 3165/4220/34 2969/4221/34 2968/4222/34 3224/4223/34
f 3197/4224/37 3196/4225/37 3225/4226/37 3226/4227/37
f 3196/4228/37 3199/4229/37 3039/4230/37 3038/4231/37
f 2961/3822/37 3164/4232/37 3227/4233/37 2962/3823/37
f 3163/4234/37 2960/4207/37 3222/4209/37 3228/4235/37
f 3198/4236/37 3197/4224/37 3226/4227/37 3229/4237/37
f 3230/4238/33 3231/4239/33 3232/4240/33 3233/4241/33
f 3199/4229/37 3234/4242/37 3039/4230/37
f 3164/4232/37 3163/4243/37 3235/4244/37 3227/4233/37
f 3236/4245/33 3237/4246/33 3238/4247/33 3239/4248/33
f 3159/4249/33 3162/4250/33 3240/4251/33 3241/4252/33
f 3160/4253/33 3159/4254/33 3242/4255/33 3243/4256/33
f 3176/4257/33 3179/4258/33 3023/4259/33 3027/4260/33
f 3177/4261/33 3176/4262/33 3244/4263/33
f 3178/4264/33 3177/4261/33 3244/4263/33 3245/4265/33
f 3186/4266/33 3185/4267/33 3246/4268/33 3208/4187/33
f 3184/4269/33 3187/4270/33 2913/4271/33 3022/4272/33
f 3179/4258/33 3180/4273/33 3023/4259/33
f 3187/4270/33 3151/4274/33 2913/4271/33
f 3161/4275/33 3160/4253/33 3243/4256/33 3247/4276/33
f 3162/4250/33 3236/4277/33 3240/4251/33
f 3153/4278/33 3152/4279/33 3208/4187/33 3207/4186/33
f 3154/4280/33 3248/4281/33 2914/4282/33
f 3238/4283/33 3237/4284/33 3247/4276/33 3244/4263/33
f 3239/4285/33 3176/4257/33 3027/4260/33
f 3182/4286/33 3181/4287/33 3245/4265/33 3246/4268/33
f 3151/4274/33 3154/4280/33 2914/4282/33 2913/4271/33
f 3180/4273/33 3183/4288/33 3022/4272/33 3023/4259/33
f 3183/4288/33 3184/4269/33 3022/4272/33
f 3236/4277/33 3239/4285/33 3027/4260/33 3240/4251/33
f 3237/4284/33 3236/4289/33 3247/4276/33
f 3249/4290/374 3250/4291/374 3251/4292/374
f 3252/4293/34 3253/4294/34 3149/4295/34 3148/4296/34
f 3254/4297/37 3255/4298/37 3256/4299/37 3257/4300/37
f 3258/4301/37 3259/4302/37 3260/4303/37 3261/4304/37
f 3262/4305/37 3263/4306/37 3264/4307/37 3265/4308/37
f 3266/4309/37 3267/4310/37 3268/4311/37 3269/4312/37
f 3270/4313/37 3271/4314/37 3272/4315/37 3273/4316/37
f 3273/4317/37 3274/4318/37 3009/4319/37
f 3262/4320/37 3265/4321/37 3003/4322/37 3002/4323/37
f 3254/4324/37 3257/4325/37 3001/4326/37 3000/4327/37
f 3256/4328/37 3255/4329/37 3275/4330/37 3276/4331/37
f 3264/4332/37 3263/4333/37 3277/4334/37 3278/4335/37
f 3279/4336/34 3280/4337/34 3281/4338/34 3282/4339/34
f 3255/4329/37 3254/4340/37 3283/4341/37 3275/4330/37
f 3257/4325/37 3258/4342/37 3001/4326/37
f 3263/4333/37 3262/4343/37 3277/4334/37
f 3265/4321/37 3266/4344/37 3003/4322/37
f 3271/4345/37 3270/4346/37 3284/4347/37
f 3272/4348/37 3271/4345/37 3284/4347/37 3285/4349/37
f 3266/4344/37 3269/4350/37 3008/4351/37 3003/4322/37
f 3258/4342/37 3261/4352/37 3002/4323/37 3001/4326/37
f 3260/4353/37 3259/4354/37 3276/4331/37 3277/4334/37
f 3268/4355/37 3267/4356/37 3278/4335/37 3284/4347/37
f 3259/4354/37 3258/4357/37 3276/4331/37
f 3261/4358/37 3260/4353/37 3277/4334/37 3262/4343/37
f 3267/4356/37 3266/4359/37 3278/4335/37
f 3269/4350/37 3270/4360/37 3008/4351/37
f 3158/4197/375 3286/4361/375 3103/4037/375
f 3287/4362/34 3280/4363/34 3279/4364/34 2973/4365/34
f 2971/4366/34 3288/4367/34 3289/4368/34 3290/4369/34
f 3291/4370/33 3292/4371/33 3293/4372/33 3294/4373/33
f 3295/4374/33 3291/4370/33 3294/4373/33
f 3208/4187/33 3246/4268/33 3296/4375/33 3209/4188/33
f 3246/4268/33 3245/4265/33 3297/4376/33 3296/4375/33
f 3280/4337/34 3287/4377/34 3298/4378/34 3281/4338/34
f 3292/4371/33 3299/4379/33 3300/4380/33 3293/4372/33
f 3245/4265/33 3244/4263/33 3301/4381/33 3297/4376/33
f 3302/4382/33 3303/4383/33 3304/4384/33 3305/4385/33
f 3306/4386/33 3307/4387/33 3308/4388/33 3309/4389/33
f 3148/4390/34 3147/4391/34 3035/4392/34
f 3149/4125/34 3253/4393/34 3310/4394/34 3150/4126/34
f 3270/4360/37 3273/4317/37 3009/4319/37 3008/4351/37
f 3252/4395/34 3148/4390/34 3035/4392/34 3034/4396/34
f 2973/4397/34 3279/4336/34 3282/4339/34 2971/4398/34
f 3253/4393/34 3252/4399/34 3310/4394/34
f 2971/3843/34 3290/4400/34 3034/4396/34 2972/3844/34
f 3289/4401/34 3288/4402/34 3282/4339/34 3310/4394/34
f 3288/4402/34 2971/4398/34 3282/4339/34
f 3290/4403/34 3289/4401/34 3310/4394/34 3252/4399/34
f 3229/4237/37 3226/4227/37 3311/4404/37 3312/4405/37
f 3193/4172/35 3188/4167/35 3191/4170/35 3194/4173/35
f 3169/4203/34 3166/4215/34 3219/4204/34
f 3166/4215/34 3165/4220/34 3224/4223/34 3219/4204/34
f 2969/3841/34 3167/4406/34 3218/4201/34 2970/3842/34
f 3313/4407/36 3314/4408/36 3315/4409/36 3316/4410/36
f 3316/4410/36 3315/4409/36 3317/4411/36 3318/4412/36
f 3319/4413/23 3213/4192/23 3216/4195/23
f 3320/4414/23 3319/4413/23 3216/4195/23
f 3321/4415/23 3322/4416/23 3320/4414/23 3216/4195/23
f 3323/4417/23 3321/4415/23 3216/4195/23
f 3324/4418/23 3325/4419/23 3323/4417/23 3216/4195/23
f 3315/4409/36 3314/4408/36 3326/4420/36
f 3327/4421/36 3328/4422/36 3326/4420/36
f 3329/4423/376 3330/4424/376 3331/4425/376 3332/4426/376
f 3333/4427/23 3206/4185/23 3216/4195/23
f 3332/4426/385 3331/4425/385 3334/4428/385 3335/4429/385
f 3336/4430/389 3337/4431/389 3338/4432/389 3339/4433/389
f 3157/4434/520 3156/4218/520 3223/4213/520 3340/4435/520
f 3206/4185/23 3205/4184/23 3216/4195/23
f 3341/4436/380 3342/4437/380 3343/4438/380 3344/4439/380
f 3215/4194/23 3333/4427/23 3216/4195/23
f 3345/4440/36 3346/4441/36 3326/4420/36
f 3347/4442/36 3348/4443/36 3349/4444/36 3326/4420/36
f 3328/4422/36 3345/4440/36 3326/4420/36
f 3317/4411/36 3315/4409/36 3326/4420/36
f 3350/4445/36 3347/4442/36 3326/4420/36
f 3351/4446/36 3352/4447/36 3350/4445/36 3326/4420/36
f 3314/4408/36 3327/4421/36 3326/4420/36
f 3346/4441/36 3351/4446/36 3326/4420/36
f 3353/4448/500 3354/4449/500 3355/4450/500
f 3356/4451/501 3357/4452/501 3358/4453/501 3359/4454/501
f 3360/4455/502 3356/4451/502 3359/4454/502 3361/4456/502
f 3362/4457/503 3363/4458/503 3364/4459/503 3365/4460/503
f 3366/4461/504 3362/4457/504 3365/4460/504 3367/4462/504
f 3357/4452/505 3354/4449/505 3353/4448/505 3358/4453/505
f 3156/4218/34 3174/4211/34 3223/4213/34
f 3368/4463/375 3157/4434/375 3340/4435/375
f 3212/4191/383 3211/4190/383 3369/4464/383
f 3370/4465/385 3371/4466/385 3372/4467/385 3373/4468/385
f 3374/4469/374 3375/4470/374 3376/4471/374 3377/4472/374
f 3378/4473/380 3374/4469/380 3377/4472/380 3379/4474/380
f 3380/4475/386 3370/4465/386 3373/4468/386 3381/4476/386
f 3382/4477/376 3378/4473/376 3379/4474/376 3383/4478/376
f 3334/4479/385 3331/4480/385 3371/4481/385 3370/4482/385
f 3342/4483/374 3251/4484/374 3375/4485/374 3374/4486/374
f 3343/4487/380 3342/4483/380 3374/4486/380 3378/4488/380
f 3337/4489/386 3334/4479/386 3370/4482/386 3380/4490/386
f 3330/4491/376 3343/4487/376 3378/4488/376 3382/4492/376
f 3286/4493/375 3158/4494/375 3157/4434/375 3368/4463/375
f 3331/4495/376 3330/4496/376 3382/4477/376 3371/4466/376
f 3371/4466/376 3382/4477/376 3383/4478/376 3372/4467/376
f 3363/4458/521 3360/4455/521 3361/4456/521 3364/4459/521
f 3344/4439/376 3343/4438/376 3330/4424/376 3329/4423/376
f 3375/4470/374 3251/4497/374 3250/4498/374 3376/4471/374
f 3384/4499/388 2965/4500/388 2964/4501/388 3385/4502/388
f 3173/4212/34 3170/4202/34 3220/4205/34
f 2960/4207/37 2959/4503/37 3221/4208/37
f 3251/4292/374 3342/4437/374 3341/4436/374 3249/4290/374
f 3338/4504/389 3337/4505/389 3380/4475/389 3386/4506/389
f 3386/4506/522 3380/4475/522 3381/4476/522 3387/4507/522
f 3388/4508/509 3366/4461/509 3367/4462/509 3389/4509/509
f 3335/4429/386 3334/4428/386 3337/4431/386 3336/4430/386
f 3390/4510/388 3391/4511/388 3392/4512/388 3393/4513/388
f 3287/4514/34 2973/3845/34 2972/3844/34 3006/4515/34
f 3304/4516/33 3303/4517/33 3021/4518/33 3020/4519/33
f 3233/4520/33 3232/4521/33 3394/4522/33 3299/4379/33
f 3230/4523/33 3233/4520/33 3299/4379/33 3292/4371/33
f 3303/4517/33 3395/4524/33 3021/4518/33
f 3232/4525/33 3231/4526/33 3019/4527/33 3026/4528/33
f 3302/4529/33 3305/4530/33 3291/4370/33 3295/4374/33
f 3305/4530/33 3304/4531/33 3291/4370/33
f 3231/4526/33 3308/4532/33 3019/4527/33
f 3308/4532/33 3307/4533/33 3020/4519/33 3019/4527/33
f 3306/4534/33 3309/4535/33 3292/4371/33 3291/4370/33
f 3307/4533/33 3304/4516/33 3020/4519/33
f 3309/4535/33 3308/4536/33 3292/4371/33
f 3030/4537/33 3033/4538/33 3032/4122/33 3031/4118/33
f 3396/4539/33 3397/4540/33 3398/4541/33 3399/4542/33
f 3400/4543/34 3401/4544/34 3402/4545/34 3403/4546/34
f 3404/4547/33 3405/4548/33 3406/4549/33 3407/4550/33
f 3408/4551/37 3409/4552/37 3410/4553/37 3411/4554/37
f 3412/4555/34 3413/4556/34 3414/4557/34 3415/4558/34
f 3416/4559/34 3417/4560/34 3418/4561/34 3419/4562/34
f 3420/4563/34 3421/4564/34 3422/4565/34 3423/4566/34
f 3424/4567/33 3425/4568/33 3426/4569/33 3427/4570/33
f 3428/4571/33 3429/4572/33 3430/4573/33 3431/4574/33
f 3432/4575/33 3433/4576/33 3434/4577/33 3435/4578/33
f 3436/4579/35 3437/4580/35 3438/4581/35 3439/4582/35
f 3440/4583/35 3441/4584/35 3442/4585/35 3443/4586/35
f 3444/4587/37 3445/4588/37 3446/4589/37 3447/4590/37
f 3448/4591/516 3449/4592/37 3450/4593/517
f 3451/4594/23 3452/4595/23 3453/4596/23 3454/4597/23
f 3455/4598/37 3456/4599/37 3457/4600/37 3458/4601/37
f 3459/4602/33 3460/4603/33 3461/4604/33 3462/4605/33
f 3437/4580/518 3463/4606/518 3464/4607/518 3438/4581/518
f 3465/4608/519 3466/4609/519 3467/4610/519 3468/4611/519
f 3400/4612/373 3403/4613/373 3340/4614/373 3223/4615/373
f 3416/4616/34 3419/4617/34 3220/4618/34 3219/4619/34
f 3418/4620/34 3417/4621/34 3469/4622/34 3470/4623/34
f 3417/4621/34 3416/4624/34 3469/4622/34
f 3419/4617/34 3420/4625/34 3220/4618/34
f 3401/4626/34 3400/4627/34 3471/4628/34
f 3420/4625/34 3423/4629/34 3223/4615/34 3220/4618/34
f 3422/4630/34 3421/4631/34 3470/4623/34 3471/4628/34
f 3415/4632/34 3416/4616/34 3219/4619/34
f 3421/4631/34 3420/4633/34 3470/4623/34
f 3423/4629/34 3400/4612/34 3223/4615/34
f 3413/4634/34 3412/4635/34 3472/4636/34 3473/4637/34
f 3445/4638/37 3444/4639/37 3474/4640/37 3475/4641/37
f 3444/4642/37 3447/4643/37 3312/4644/37 3311/4645/37
f 3410/4646/37 3409/4647/37 3476/4648/37 3477/4649/37
f 3408/4650/37 3411/4651/37 2962/4652/37 3227/4653/37
f 3446/4654/37 3445/4638/37 3475/4641/37 3478/4655/37
f 3479/4656/33 3480/4657/33 3481/4658/33 3482/4659/33
f 3447/4643/37 3483/4660/37 3312/4644/37
f 3456/4599/37 3484/4661/37 3485/4662/37 3457/4600/37
f 3409/4647/37 3408/4663/37 3486/4664/37 3476/4648/37
f 3487/4665/33 3488/4666/33 3489/4667/33 3490/4668/33
f 3404/4669/33 3407/4670/33 3491/4671/33 3492/4672/33
f 3405/4673/33 3493/4674/33 3494/4675/33
f 3424/4676/33 3427/4677/33 3297/4678/33 3301/4679/33
f 3433/4680/33 3430/4681/33 3495/4682/33
f 3426/4683/33 3425/4684/33 3496/4685/33 3497/4686/33
f 3434/4687/33 3433/4680/33 3495/4682/33 3460/4603/33
f 3432/4688/33 3435/4689/33 3209/4690/33 3296/4691/33
f 3427/4677/33 3428/4692/33 3297/4678/33
f 3435/4689/33 3396/4693/33 3209/4690/33
f 3406/4694/33 3405/4673/33 3494/4675/33 3498/4695/33
f 3407/4670/33 3487/4696/33 3491/4671/33
f 3398/4697/33 3397/4698/33 3460/4603/33 3459/4602/33
f 3399/4699/33 3499/4700/33 3210/4701/33
f 3489/4702/33 3488/4703/33 3498/4695/33 3496/4685/33
f 3490/4704/33 3424/4676/33 3301/4679/33
f 3430/4681/33 3429/4705/33 3497/4686/33 3495/4682/33
f 3396/4693/33 3399/4699/33 3210/4701/33 3209/4690/33
f 3428/4692/33 3431/4706/33 3296/4691/33 3297/4678/33
f 3185/4267/33 3182/4286/33 3246/4268/33
f 3431/4706/33 3432/4688/33 3296/4691/33
f 3487/4696/33 3490/4704/33 3301/4679/33 3491/4671/33
f 3397/4698/33 3434/4687/33 3460/4603/33
f 3500/4707/374 3501/4708/374 3502/4709/374
f 3503/4710/34 3504/4711/34 3505/4712/34 3506/4713/34
f 3484/4661/37 3507/4714/37 3508/4715/37 3485/4662/37
f 3509/4716/37 3510/4717/37 3511/4718/37 3512/4719/37
f 3513/4720/37 3514/4721/37 3515/4722/37 3516/4723/37
f 3517/4724/37 3518/4725/37 3519/4726/37 3520/4727/37
f 3521/4728/37 3522/4729/37 3523/4730/37 3524/4731/37
f 3525/4732/37 3526/4733/37 3527/4734/37 3528/4735/37
f 3528/4736/37 3529/4737/37 3285/4738/37
f 3517/4739/37 3520/4740/37 3278/4741/37 3277/4742/37
f 3509/4743/37 3512/4744/37 3276/4745/37 3275/4746/37
f 3511/4747/37 3510/4748/37 3530/4749/37 3507/4714/37
f 3519/4750/37 3518/4751/37 3484/4661/37 3456/4599/37
f 3531/4752/34 3532/4753/34 3533/4754/34 3534/4755/34
f 3510/4748/37 3509/4756/37 3535/4757/37 3530/4749/37
f 3512/4744/37 3513/4758/37 3276/4745/37
f 3518/4751/37 3517/4759/37 3484/4661/37
f 3520/4740/37 3521/4760/37 3278/4741/37
f 3526/4761/37 3525/4762/37 3455/4598/37
f 3527/4763/37 3526/4761/37 3455/4598/37 3536/4764/37
f 3521/4760/37 3524/4765/37 3284/4766/37 3278/4741/37
f 3513/4758/37 3516/4767/37 3277/4742/37 3276/4745/37
f 3515/4768/37 3514/4769/37 3507/4714/37 3484/4661/37
f 3523/4770/37 3522/4771/37 3456/4599/37 3455/4598/37
f 3514/4769/37 3513/4772/37 3507/4714/37
f 3516/4773/37 3515/4768/37 3484/4661/37 3517/4759/37
f 3522/4771/37 3521/4774/37 3456/4599/37
f 3524/4765/37 3525/4775/37 3284/4766/37
f 3507/4714/37 3530/4749/37 3537/4776/37 3508/4715/37
f 3403/4613/375 3538/4777/375 3340/4614/375
f 3536/4764/37 3455/4598/37 3458/4601/37
f 3539/4778/34 3532/4779/34 3531/4780/34 3540/4781/34
f 3541/4782/34 3542/4783/34 3543/4784/34 3544/4785/34
f 3545/4786/33 3546/4787/33 3547/4788/33 3548/4789/33
f 3549/4790/33 3545/4786/33 3548/4789/33 3550/4791/33
f 3460/4603/33 3495/4682/33 3551/4792/33 3461/4604/33
f 3495/4682/33 3497/4686/33 3552/4793/33 3551/4792/33
f 3532/4753/34 3539/4794/34 3553/4795/34 3533/4754/34
f 3546/4787/33 3554/4796/33 3555/4797/33 3547/4788/33
f 3497/4686/33 3496/4685/33 3556/4798/33 3552/4793/33
f 3557/4799/33 3558/4800/33 3559/4801/33 3560/4802/33
f 3561/4803/33 3562/4804/33 3563/4805/33 3564/4806/33
f 3506/4807/34 3565/4808/34 3150/4809/34
f 3505/4810/34 3504/4811/34 3566/4812/34 3567/4813/34
f 3525/4775/37 3528/4736/37 3285/4738/37 3284/4766/37
f 3503/4814/34 3506/4807/34 3150/4809/34 3310/4815/34
f 3540/4816/34 3531/4752/34 3534/4755/34 3541/4817/34
f 3504/4811/34 3503/4818/34 3566/4812/34
f 3541/4819/34 3544/4820/34 3310/4815/34 3282/4821/34
f 3543/4822/34 3542/4823/34 3534/4755/34 3566/4812/34
f 3542/4823/34 3541/4817/34 3534/4755/34
f 3544/4820/34 3503/4814/34 3310/4815/34
f 3478/4655/37 3475/4641/37 3568/4824/37 3569/4825/37
f 3441/4584/35 3436/4579/35 3439/4582/35 3442/4585/35
f 3414/4826/34 3413/4634/34 3473/4637/34 3469/4622/34
f 3412/4827/34 3415/4632/34 3219/4619/34 3224/4828/34
f 3570/4829/36 3571/4830/36 3572/4831/36 3573/4832/36
f 3573/4832/36 3572/4831/36 3574/4833/36 3575/4834/36
f 3576/4835/23 3465/4608/23 3468/4611/23
f 3577/4836/23 3576/4835/23 3468/4611/23
f 3578/4837/23 3579/4838/23 3577/4836/23 3468/4611/23
f 3580/4839/23 3578/4837/23 3468/4611/23
f 3581/4840/23 3582/4841/23 3580/4839/23 3468/4611/23
f 3572/4831/36 3571/4830/36 3583/4842/36
f 3584/4843/36 3585/4844/36 3583/4842/36
f 3586/4845/376 3587/4846/376 3588/4847/376 3589/4848/376
f 3590/4849/23 3454/4597/23 3468/4611/23
f 3589/4848/385 3588/4847/385 3591/4850/385 3592/4851/385
f 3593/4852/389 3594/4853/389 3595/4854/389 3596/4855/389
f 3402/4856/523 3401/4626/523 3471/4628/523 3597/4857/523
f 3454/4597/23 3453/4596/23 3468/4611/23
f 3598/4858/380 3599/4859/380 3600/4860/380 3601/4861/380
f 3467/4610/23 3590/4849/23 3468/4611/23
f 3602/4862/36 3603/4863/36 3583/4842/36
f 3604/4864/36 3605/4865/36 3606/4866/36 3583/4842/36
f 3585/4844/36 3602/4862/36 3583/4842/36
f 3574/4833/36 3572/4831/36 3583/4842/36
f 3607/4867/36 3604/4864/36 3583/4842/36
f 3608/4868/36 3609/4869/36 3607/4867/36 3583/4842/36
f 3571/4830/36 3584/4843/36 3583/4842/36
f 3603/4863/36 3608/4868/36 3583/4842/36
f 3610/4870/500 3611/4871/500 3612/4872/500
f 3613/4873/524 3614/4874/524 3615/4875/524 3616/4876/524
f 3617/4877/502 3613/4873/502 3616/4876/502 3618/4878/502
f 3619/4879/503 3620/4880/503 3621/4881/503 3622/4882/503
f 3623/4883/504 3619/4879/504 3622/4882/504 3624/4884/504
f 3614/4874/505 3611/4871/505 3610/4870/505 3615/4875/505
f 3625/4885/406 3597/4857/406 3471/4628/406
f 3463/4606/383 3626/4886/383 3464/4607/383
f 3627/4887/385 3628/4888/385 3629/4889/385 3630/4890/385
f 3631/4891/374 3632/4892/374 3633/4893/374 3634/4894/374
f 3635/4895/380 3631/4891/380 3634/4894/380 3636/4896/380
f 3637/4897/386 3627/4887/386 3630/4890/386 3638/4898/386
f 3639/4899/376 3635/4895/376 3636/4896/376 3640/4900/376
f 3591/4901/385 3588/4902/385 3628/4903/385 3627/4904/385
f 3599/4905/374 3502/4906/374 3632/4907/374 3631/4908/374
f 3600/4909/380 3599/4905/380 3631/4908/380 3635/4910/380
f 3594/4911/386 3591/4901/386 3627/4904/386 3637/4912/386
f 3587/4913/376 3600/4909/376 3635/4910/376 3639/4914/376
f 3538/4915/375 3403/4916/375 3402/4856/375 3597/4857/375
f 3588/4917/376 3587/4918/376 3639/4899/376 3628/4888/376
f 3628/4888/376 3639/4899/376 3640/4900/376 3629/4889/376
f 3620/4880/521 3617/4877/521 3618/4878/521 3621/4881/521
f 3601/4861/376 3600/4860/376 3587/4846/376 3586/4845/376
f 3632/4892/374 3502/4919/374 3501/4920/374 3633/4893/374
f 3641/4921/388 3642/4922/388 3643/4923/388 3644/4924/388
f 3411/4651/37 3645/4925/37 2962/4652/37
f 3502/4709/374 3599/4859/374 3598/4858/374 3500/4707/374
f 3595/4926/389 3594/4927/389 3637/4897/389 3646/4928/389
f 3646/4928/389 3637/4897/389 3638/4898/389 3647/4929/389
f 3648/4930/509 3623/4883/509 3624/4884/509 3649/4931/509
f 3592/4851/386 3591/4850/386 3594/4853/386 3593/4852/386
f 3650/4932/388 3651/4933/388 3652/4934/388 3653/4935/388
f 3539/4936/34 3540/4937/34 3282/4821/34 3281/4938/34
f 3559/4939/33 3558/4940/33 3295/4941/33 3294/4942/33
f 3482/4943/33 3481/4944/33 3654/4945/33 3554/4796/33
f 3479/4946/33 3482/4943/33 3554/4796/33 3546/4787/33
f 3558/4940/33 3655/4947/33 3295/4941/33
f 3481/4948/33 3480/4949/33 3293/4950/33 3300/4951/33
f 3557/4952/33 3560/4953/33 3545/4786/33 3549/4790/33
f 3560/4953/33 3559/4954/33 3545/4786/33
f 3480/4949/33 3563/4955/33 3293/4950/33
f 3563/4955/33 3562/4956/33 3294/4942/33 3293/4950/33
f 3561/4957/33 3564/4958/33 3546/4787/33 3545/4786/33
f 3562/4956/33 3559/4939/33 3294/4942/33
f 3564/4958/33 3563/4959/33 3546/4787/33
f 3656/4960/33 3657/4961/33 3658/4962/33 3659/4963/33
f 3660/4964/34 3661/4965/34 3662/4966/34 3663/4967/34
f 3664/4968/33 3665/4969/33 3666/4970/33 3667/4971/33
f 3668/4972/37 3669/4973/37 3670/4974/37 3671/4975/37
f 3672/4976/34 3673/4977/34 3674/4978/34 3675/4979/34
f 3676/4980/34 3677/4981/34 3678/4982/34 3679/4983/34
f 3680/4984/34 3681/4985/34 3682/4986/34 3683/4987/34
f 3684/4988/33 3685/4989/33 3686/4990/33 3687/4991/33
f 3688/4992/33 3689/4993/33 3690/4994/33 3691/4995/33
f 3692/4996/33 3693/4997/33 3694/4998/33 3695/4999/33
f 3696/5000/35 3697/5001/35 3698/5002/35 3699/5003/35
f 3700/5004/35 3701/5005/35 3702/5006/35 3703/5007/35
f 3704/5008/37 3705/5009/37 3706/5010/37 3707/5011/37
f 3708/5012/35 3700/5004/35 3703/5007/35 3709/5013/35
f 3710/5014/35 3708/5012/35 3709/5013/35 3711/5015/35
f 3660/5016/373 3663/5017/373 3625/5018/373 3471/5019/373
f 3676/5020/34 3679/5021/34 3470/5022/34 3469/5023/34
f 3678/5024/34 3677/5025/34 3712/5026/34 3713/5027/34
f 3679/5021/34 3680/5028/34 3470/5022/34
f 3680/5028/34 3683/5029/34 3471/5019/34 3470/5022/34
f 3682/5030/34 3681/5031/34 3713/5027/34 3714/5032/34
f 3675/5033/34 3674/5034/34 3677/5025/34 3676/5035/34
f 3683/5036/34 3682/5030/34 3661/5037/34 3660/5038/34
f 3673/5039/34 3672/5040/34 3715/5041/34 3716/5042/34
f 3661/5037/34 3682/5030/34 3714/5032/34
f 3705/5043/37 3717/5044/37 3718/5045/37
f 3704/5046/37 3707/5047/37 3569/5048/37 3568/5049/37
f 3670/5050/37 3669/5051/37 3719/5052/37 3720/5053/37
f 3668/5054/37 3671/5055/37 3477/5056/37 3476/5057/37
f 3706/5058/37 3705/5043/37 3718/5045/37 3721/5059/37
f 3722/5060/33 3723/5061/33 3724/5062/33 3725/5063/33
f 3707/5047/37 3726/5064/37 3569/5048/37
f 3727/5065/35 3710/5014/35 3711/5015/35 3728/5066/35
f 3669/5051/37 3668/5067/37 3729/5068/37 3719/5052/37
f 3730/5069/33 3731/5070/33 3732/5071/33 3733/5072/33
f 3664/5073/33 3667/5074/33 3734/5075/33 3735/5076/33
f 3665/5077/33 3736/5078/33 3737/5079/33
f 3684/5080/33 3687/5081/33 3552/5082/33 3556/5083/33
f 3731/5084/33 3666/5085/33 3738/5086/33
f 3686/5087/33 3685/5088/33 3739/5089/525 3740/5090/33
f 3694/5091/33 3693/5092/33 3741/5093/33 3742/5094/33
f 3692/5095/33 3695/5096/33 3461/5097/33 3551/5098/33
f 3687/5081/33 3688/5099/33 3552/5082/33
f 3717/5044/37 3705/5043/37 3704/5100/37 3743/5101/37
f 3695/5096/33 3656/5102/33 3461/5097/33
f 3666/5085/33 3665/5077/33 3737/5079/33 3738/5086/33
f 3667/5074/33 3730/5103/33 3734/5075/33
f 3658/5104/33 3657/5105/33 3742/5094/33 3744/5106/33
f 3659/5107/33 3745/5108/33 3462/5109/33
f 3732/5110/33 3731/5084/33 3738/5086/33 3739/5089/526
f 3733/5111/33 3684/5080/33 3556/5083/33
f 3690/5112/33 3689/5113/33 3740/5090/33 3741/5093/33
f 3656/5102/33 3659/5107/33 3462/5109/33 3461/5097/33
f 3688/5099/33 3691/5114/33 3551/5098/33 3552/5082/33
f 3693/5092/33 3690/5112/33 3741/5093/33
f 3691/5114/33 3692/5095/33 3551/5098/33
f 3746/5115/37 3747/5116/37 3748/5117/37
f 3730/5103/33 3733/5111/33 3556/5083/33 3734/5075/33
f 3736/5078/33 3665/5077/33 3664/5118/33 3749/5119/33
f 3750/5120/374 3751/5121/374 3752/5122/374
f 3753/5123/34 3754/5124/34 3755/5125/34 3756/5126/34
f 3739/5089/527 3727/5065/35 3728/5066/35
f 3757/5127/37 3758/5128/37 3759/5129/37 3760/5130/37
f 3761/5131/37 3762/5132/37 3763/5133/37 3764/5134/37
f 3765/5135/37 3766/5136/37 3747/5137/37 3767/5138/37
f 3768/5139/37 3746/5140/37 3769/5141/37 3770/5142/37
f 3771/5143/37 3772/5144/37 3773/5145/37 3774/5146/37
f 3774/5147/37 3775/5148/37 3536/5149/37
f 3765/5150/37 3767/5151/37 3457/5152/37 3485/5153/37
f 3757/5154/37 3760/5155/37 3508/5156/37 3537/5157/37
f 3759/5158/37 3758/5159/37 3776/5160/37 3777/5161/37
f 3747/5116/37 3766/5162/37 3778/5163/37 3748/5117/37
f 3779/5164/34 3780/5165/34 3781/5166/34 3782/5167/34
f 3758/5159/37 3783/5168/37 3776/5160/37
f 3760/5155/37 3761/5169/37 3508/5156/37
f 3784/5170/34 3779/5164/34 3782/5167/34
f 3767/5151/37 3768/5171/37 3457/5152/37
f 3754/5172/34 3785/5173/34 3786/5174/34
f 3773/5175/37 3772/5176/37 3787/5177/37 3788/5178/37
f 3768/5171/37 3770/5179/37 3458/5180/37 3457/5152/37
f 3761/5169/37 3764/5181/37 3485/5153/37 3508/5156/37
f 3763/5182/37 3762/5183/37 3777/5161/37 3778/5163/37
f 3769/5184/37 3746/5115/37 3748/5117/37 3787/5177/37
f 3772/5176/37 3769/5184/37 3787/5177/37
f 3764/5185/37 3763/5182/37 3766/5162/37 3765/5186/37
f 3681/5031/34 3678/5024/34 3713/5027/34
f 3770/5179/37 3771/5187/37 3458/5180/37
f 3663/5017/375 3789/5188/375 3625/5018/375
f 3790/5189/34 3780/5190/34 3779/5191/34 3791/5192/34
f 3792/5193/34 3784/5194/34 3785/5195/34 3793/5196/34
f 3780/5165/34 3790/5197/34 3794/5198/34 3781/5166/34
f 3795/5199/33 3796/5200/33 3797/5201/33 3798/5202/33
f 3799/5203/33 3800/5204/33 3801/5205/33 3802/5206/33
f 3756/5207/34 3803/5208/34 3567/5209/34
f 3755/5210/34 3754/5172/34 3786/5174/34 3804/5211/34
f 3771/5187/37 3774/5147/37 3536/5149/37 3458/5180/37
f 3753/5212/34 3756/5207/34 3567/5209/34 3566/5213/34
f 3791/5214/34 3779/5164/34 3784/5170/34 3792/5215/34
f 3677/5025/34 3674/5034/34 3712/5026/34
f 3792/5216/34 3793/5217/34 3566/5213/34 3534/5218/34
f 3785/5173/34 3784/5170/34 3782/5167/34 3786/5174/34
f 3793/5219/34 3785/5173/34 3754/5172/34 3753/5220/34
f 3701/5005/35 3696/5000/35 3699/5003/35 3702/5006/35
f 3674/5034/34 3673/5039/34 3716/5042/34 3712/5026/34
f 3672/5221/34 3675/5222/34 3469/5023/34 3473/5223/34
f 3805/5224/36 3806/5225/36 3807/5226/36 3808/5227/36
f 3808/5227/36 3807/5226/36 3809/5228/36 3810/5229/36
f 3811/5230/528 3812/5231/528 3813/5232/528
f 3807/5226/36 3806/5225/36 3814/5233/36
f 3815/5234/36 3816/5235/36 3814/5233/36
f 3817/5236/376 3818/5237/376 3819/5238/376 3820/5239/376
f 3820/5239/385 3819/5238/385 3821/5240/385 3822/5241/385
f 3823/5242/389 3824/5243/389 3825/5244/389 3826/5245/389
f 3662/5246/529 3661/5037/529 3714/5032/529 3827/5247/529
f 3828/5248/380 3829/5249/380 3830/5250/380 3831/5251/380
f 3832/5252/36 3833/5253/36 3814/5233/36
f 3834/5254/36 3835/5255/36 3836/5256/36 3814/5233/36
f 3816/5235/36 3832/5252/36 3814/5233/36
f 3809/5228/36 3807/5226/36 3814/5233/36
f 3837/5257/36 3834/5254/36 3814/5233/36
f 3838/5258/36 3839/5259/36 3837/5257/36 3814/5233/36
f 3806/5225/36 3815/5234/36 3814/5233/36
f 3833/5253/36 3838/5258/36 3814/5233/36
f 3840/5260/33 3841/5261/33 3842/5262/33 3843/5263/33
f 3844/5264/33 3845/5265/33 3846/5266/33 3847/5267/33
f 3841/5261/33 3848/5268/33 3849/5269/33 3842/5262/33
f 3850/5270/37 3851/5271/37 3852/5272/37 3853/5273/37
f 3854/5274/388 3855/5275/388 3856/5276/388 3857/5277/388
f 3848/5268/33 3858/5278/33 3859/5279/33 3849/5269/33
f 3851/5271/37 3860/5280/37 3861/5281/37 3852/5272/37
f 3860/5280/37 3862/5282/37 3863/5283/37 3861/5281/37
f 3864/5284/33 3865/5285/33 3866/5286/33 3867/5287/33
f 3858/5278/33 3844/5264/33 3847/5267/33 3859/5279/33
f 3862/5282/37 3868/5288/37 3869/5289/37 3863/5283/37
f 3870/5290/388 3871/5291/388 3872/5292/388 3873/5293/388
f 3874/5294/33 3864/5284/33 3867/5287/33 3875/5295/33
f 3876/5296/383 3877/5297/383 3878/5298/383 3879/5299/383
f 3880/5300/37 3881/5301/37 3882/5302/37 3883/5303/37
f 3884/5304/37 3850/5270/37 3853/5273/37 3885/5305/37
f 3886/5306/34 3887/5307/34 3888/5308/34 3889/5309/34
f 3890/5310/34 3891/5311/34 3892/5312/34 3893/5313/34
f 3894/5314/530 3895/5315/530 3896/5316/530 3897/5317/530
f 3898/5318/384 3899/5319/384 3900/5320/384 3901/5321/384
f 3902/5322/531 3903/5323/531 3904/5324/531 3905/5325/531
f 3906/5326/500 3907/5327/500 3908/5328/500
f 3909/5329/501 3910/5330/501 3911/5331/501 3912/5332/501
f 3913/5333/502 3909/5329/502 3912/5332/502 3914/5334/502
f 3915/5335/503 3916/5336/503 3917/5337/503 3918/5338/503
f 3919/5339/532 3915/5335/532 3918/5338/532 3920/5340/532
f 3910/5330/505 3907/5327/505 3906/5326/505 3911/5331/505
f 3921/5341/383 3922/5342/383 3923/5343/383
f 3924/5344/385 3925/5345/385 3926/5346/385 3927/5347/385
f 3928/5348/374 3929/5349/374 3930/5350/374 3931/5351/374
f 3932/5352/380 3928/5348/380 3931/5351/380 3933/5353/380
f 3934/5354/386 3924/5344/386 3927/5347/386 3935/5355/386
f 3936/5356/376 3932/5352/376 3933/5353/376 3937/5357/376
f 3938/5358/375 3662/5246/375 3939/5359/375
f 3821/5360/385 3819/5361/385 3925/5362/385 3924/5363/385
f 3829/5364/374 3752/5365/374 3929/5366/374 3928/5367/374
f 3830/5368/380 3829/5364/380 3928/5367/380 3932/5369/380
f 3824/5370/386 3821/5360/386 3924/5363/386 3934/5371/386
f 3818/5372/376 3830/5368/376 3932/5369/376 3936/5373/376
f 3789/5374/375 3663/5375/375 3662/5246/375 3938/5358/375
f 3819/5376/376 3818/5377/376 3936/5356/376 3925/5345/376
f 3925/5345/376 3936/5356/376 3937/5357/376 3926/5346/376
f 3916/5336/521 3913/5333/521 3914/5334/521 3917/5337/521
f 3831/5251/376 3830/5250/376 3818/5237/376 3817/5236/376
f 3929/5349/374 3752/5378/374 3751/5379/374 3940/5380/374
f 3941/5381/388 3942/5382/388 3943/5383/388 3944/5384/388
f 3671/5055/37 3945/5385/37 3477/5056/37
f 3930/5350/374 3929/5349/374 3940/5380/374
f 3752/5122/374 3829/5249/374 3828/5248/374 3750/5120/374
f 3825/5386/389 3824/5387/389 3934/5354/389 3946/5388/389
f 3946/5388/389 3934/5354/389 3935/5355/389 3947/5389/389
f 3948/5390/533 3919/5339/533 3920/5340/533
f 3822/5241/386 3821/5240/386 3824/5243/386 3823/5242/386
f 3949/5391/388 3950/5392/388 3951/5393/388 3952/5394/388
f 3790/5395/34 3791/5396/34 3534/5218/34 3533/5397/34
f 3797/5398/33 3796/5399/33 3550/5400/33 3548/5401/33
f 3725/5402/33 3953/5403/33 3954/5404/33
f 3722/5405/33 3725/5402/33 3954/5404/33 3955/5406/33
f 3796/5399/33 3956/5407/33 3550/5400/33
f 3724/5408/33 3723/5409/33 3547/5410/33 3555/5411/33
f 3795/5412/33 3798/5413/33 3957/5414/33 3958/5415/33
f 3762/5183/37 3759/5158/37 3777/5161/37
f 3723/5409/33 3801/5416/33 3547/5410/33
f 3801/5416/33 3800/5417/33 3548/5401/33 3547/5410/33
f 3799/5418/33 3802/5419/33 3955/5406/33 3957/5414/33
f 3800/5417/33 3797/5398/33 3548/5401/33
f 3959/5420/33 3795/5412/33 3958/5415/33
f 3939/5359/375 3662/5246/375 3827/5247/375
f 3960/5421/34 3886/5306/34 3889/5309/34 3961/5422/34
f 3962/5423/534 3963/5424/534 3964/5425/534 3965/5426/534
f 3966/5427/33 3840/5260/33 3843/5263/33 3967/5428/33
f 3865/5285/33 3968/5429/33 3969/5430/33 3866/5286/33
f 3895/5315/535 3970/5431/535 3971/5432/535 3896/5316/535
f 3972/5433/37 3973/5434/37 3974/5435/37 3975/5436/37
f 3970/5431/534 3962/5423/534 3965/5426/534 3971/5432/534
f 3963/5424/536 3902/5322/536 3905/5325/536 3964/5425/536
f 3899/5437/34 3976/5438/34 3977/5439/34 3900/5440/34
f 3978/5441/34 3960/5421/34 3961/5422/34 3979/5442/34
f 3903/5323/537 3980/5443/537 3981/5444/537 3904/5324/537
f 3976/5438/34 3890/5310/34 3893/5313/34 3977/5439/34
f 3982/5445/512 3983/5446/512 3984/5447/512 3985/5448/512
f 3986/5449/33 3987/5450/33 3988/5451/33 3989/5452/33
f 3990/5453/33 3991/5454/33 3992/5455/33 3993/5456/33
f 3983/5446/538 3994/5457/538 3995/5458/538 3984/5447/538
f 3987/5450/33 3990/5453/33 3993/5456/33 3988/5451/33
f 3996/5459/539 3997/5460/539 3998/5461/539 3999/5462/539
f 4000/5463/34 4001/5464/34 4002/5465/34 4003/5466/34
f 4004/5467/401 4005/5468/401 4006/5469/401 4007/5470/401
f 4008/5471/540 4009/5472/540 4010/5473/540 4011/5474/540
f 4001/5464/34 4012/5475/34 4013/5476/34 4002/5465/34
f 4014/5477/34 4015/5478/34 4016/5479/34 4017/5480/34
f 4012/5475/34 4018/5481/34 4019/5482/34 4013/5476/34
f 4020/5483/34 4014/5477/34 4017/5480/34 4021/5484/34
f 4022/5485/34 4023/5486/34 4024/5487/34 4025/5488/34
f 4026/5489/35 4027/5490/35 4028/5491/35 4029/5492/35
f 4030/5493/33 4031/5494/33 4032/5495/33 4033/5496/33
f 4034/5497/541 3986/5449/541 3989/5452/541 4035/5498/541
f 4018/5481/34 4022/5485/34 4025/5488/34 4019/5482/34
f 4036/5499/35 4037/5500/35 4038/5501/35 4039/5502/35
f 4040/5503/34 4000/5463/34 4003/5466/34 4041/5504/34
f 4042/5505/542 4043/5506/542 4044/5507/542 4045/5508/542
f 4037/5500/35 4046/5509/35 4047/5510/35 4038/5501/35
f 4048/5511/543 3982/5445/543 3985/5448/543 4049/5512/543
f 4046/5509/35 4050/5513/35 4051/5514/35 4047/5510/35
f 3994/5457/538 3996/5459/538 3999/5462/538 3995/5458/538
f 4050/5513/35 4052/5515/35 4053/5516/35 4051/5514/35
f 4015/5478/34 4054/5517/34 4055/5518/34 4016/5479/34
f 4056/5519/35 4036/5499/35 4039/5502/35 4057/5520/35
f 3997/5460/544 4008/5471/544 4011/5474/544 3998/5461/544
f 4058/5521/35 4059/5522/35 4060/5523/35 4061/5524/35
f 4031/5494/33 4062/5525/33 4063/5526/33 4032/5495/33
f 4064/5527/33 4030/5493/33 4033/5496/33 4065/5528/33
f 4066/5529/401 4067/5530/401 4068/5531/401 4069/5532/401
f 4070/5533/23 4071/5534/23 4072/5535/23 4073/5536/23
f 4074/5537/538 4075/5538/538 4076/5539/538 4077/5540/538
f 4078/5541/23 4079/5542/23 4080/5543/23 4081/5544/23
f 4082/5545/23 4083/5546/23 4084/5547/23 4085/5548/23
f 4083/5546/23 4086/5549/23 4087/5550/23 4084/5547/23
f 4086/5549/23 4070/5533/23 4073/5536/23 4087/5550/23
f 4088/5551/23 4089/5552/23 4090/5553/23 4091/5554/23
f 4089/5552/23 4092/5555/23 4093/5556/23 4090/5553/23
f 4094/5557/23 4078/5541/23 4081/5544/23 4095/5558/23
f 4071/5534/23 4096/5559/23 4097/5560/23 4072/5535/23
f 4096/5559/23 4098/5561/23 4099/5562/23 4097/5560/23
f 4100/5563/23 4101/5564/23 4102/5565/23 4103/5566/23
f 4101/5564/23 4104/5567/23 4105/5568/23 4102/5565/23
f 4104/5567/23 4106/5569/23 4107/5570/23 4105/5568/23
f 4106/5569/23 4108/5571/23 4109/5572/23 4107/5570/23
f 4110/5573/23 4094/5557/23 4095/5558/23 4111/5574/23
f 4112/5575/23 4100/5563/23 4103/5566/23 4113/5576/23
f 4098/5561/23 4112/5575/23 4113/5576/23 4099/5562/23
f 4079/5542/23 4114/5577/23 4115/5578/23 4080/5543/23
f 4114/5577/23 4088/5551/23 4091/5554/23 4115/5578/23
f 4116/5579/23 4117/5580/23 4118/5581/23 4119/5582/23
f 4117/5580/23 4110/5573/23 4111/5574/23 4118/5581/23
f 4108/5571/23 4116/5579/23 4119/5582/23 4109/5572/23
f 4120/5583/23 4121/5584/23 4122/5585/23 4123/5586/23
f 3904/5324/537 3981/5444/537 4124/5587/537 4125/5588/537
f 4126/5589/544 4127/5590/544 4128/5591/544 4129/5592/544
f 4130/5593/545 4131/5594/545 4132/5595/545 4133/5596/545
f 4134/5597/512 4135/5598/512 4136/5599/512 4137/5600/512
f 3905/5325/531 3904/5324/531 4125/5588/531 4138/5601/531
f 3901/5321/384 3900/5320/384 4139/5602/384 4140/5603/384
f 4075/5538/538 4134/5597/538 4137/5600/538 4076/5539/538
f 3879/5299/383 3878/5298/383 4141/5604/383 4142/5605/383
f 4121/5584/23 4082/5545/23 4085/5548/23 4122/5585/23
f 4143/5606/23 4144/5607/23 4145/5608/23 4146/5609/23 4147/5610/23
f 4148/5611/23 4149/5612/23 4150/5613/23
f 4151/5614/23 4152/5615/23 4153/5616/23
f 4154/5617/23 338/441/23 4153/5616/23 4152/5615/23
f 4155/5618/23 4156/5619/23 4149/5612/23 4148/5611/23
f 4156/5619/23 4157/5620/23 4158/5621/23 4149/5612/23
f 4157/5620/23 4154/5617/23 4152/5615/23 4158/5621/23
f 4159/5622/23 4160/5623/23 4161/5624/23 4162/5625/23
f 4162/5625/23 4161/5624/23 4163/5626/23 4164/5627/23
f 4164/5627/23 4163/5626/23 334/428/23 4165/5628/23
f 4165/5628/23 334/428/23 337/438/23 4166/5629/23
f 4166/5629/23 337/438/23 4167/5630/23 4168/5631/23
f 4168/5631/23 4167/5630/23 4154/5617/23 4157/5620/23
f 4169/5632/23 4159/5622/23 4162/5625/23 4170/5633/23
f 4170/5633/23 4162/5625/23 4164/5627/23 4171/5634/23
f 4171/5634/23 4164/5627/23 4165/5628/23 4172/5635/23
f 4172/5635/23 4165/5628/23 4166/5629/23 4173/5636/23
f 4173/5636/23 4166/5629/23 4168/5631/23 4174/5637/23
f 4174/5637/23 4168/5631/23 4157/5620/23 4156/5619/23
f 4175/5638/23 4169/5632/23 4170/5633/23 4176/5639/23
f 4160/5623/23 4177/5640/23 4178/5641/23 4161/5624/23
f 4161/5624/23 4178/5641/23 335/431/23 4163/5626/23
f 4179/5642/23 4180/5643/23 4181/5644/23 4182/5645/23
f 4180/5643/23 4183/5646/23 4184/5647/23 4181/5644/23
f 4185/5648/23 4186/5649/23 4187/5650/23 4155/5618/23
f 4183/5646/23 4188/5651/23 4176/5639/23 4184/5647/23
f 4186/5649/23 4179/5642/23 4182/5645/23 4187/5650/23
f 4145/5608/23 4189/5652/23 4190/5653/23 4146/5609/23
f 4146/5609/23 4190/5653/23 4179/5642/23 4186/5649/23
f 4191/5654/23 4192/5655/23 4193/5656/23 4194/5657/23
f 4194/5657/23 4193/5656/23 4188/5651/23 4183/5646/23
f 4147/5610/23 4146/5609/23 4186/5649/23 4185/5648/23
f 4195/5658/23 4191/5654/23 4194/5657/23 4196/5659/23
f 4196/5659/23 4194/5657/23 4183/5646/23 4180/5643/23
f 4189/5652/23 4195/5658/23 4196/5659/23 4190/5653/23
f 4190/5653/23 4196/5659/23 4180/5643/23 4179/5642/23
f 4156/5619/23 4155/5618/23 4187/5650/23 4174/5637/23
f 4174/5637/23 4187/5650/23 4182/5645/23 4173/5636/23
f 4173/5636/23 4182/5645/23 4181/5644/23 4172/5635/23
f 4172/5635/23 4181/5644/23 4184/5647/23 4171/5634/23
f 4171/5634/23 4184/5647/23 4176/5639/23 4170/5633/23
f 4177/5640/23 4197/5660/23 4198/5661/23 336/434/23 4178/5641/23
f 4199/5662/23 4153/5616/23 339/444/23
f 4200/5663/23 4199/5662/23 339/444/23
f 4201/5664/23 4200/5663/23 339/444/23
f 4202/5665/23 4203/5666/23 4201/5664/23 339/444/23
f 4204/5667/23 4202/5665/23 339/444/23
f 4205/5668/23 4204/5667/23 339/444/23
f 4153/5616/23 338/441/23 339/444/23
f 4206/5669/536 4138/5670/536 4207/5671/536 4208/5672/536
f 4209/5673/541 4210/5674/541 4211/5675/541 4212/5676/541
f 4136/5677/543 4213/5678/543 4214/5679/543 4215/5680/543
f 4125/5681/537 4124/5682/537 4216/5683/537 4217/5684/537
f 4142/5685/383 4141/5686/383 4218/5687/383 4219/5688/383
f 4077/5689/538 4076/5690/538 4220/5691/538 4221/5692/538
f 4140/5693/384 4139/5694/384 4222/5695/384 4223/5696/384
f 4224/5697/530 4225/5698/530 4226/5699/530 4227/5700/530
f 4129/5701/544 4128/5702/544 4228/5703/544 4229/5704/544
f 4230/5705/541 4231/5706/541 4210/5707/541 4209/5708/541
f 3964/5425/536 3905/5325/536 4138/5601/536 4206/5709/536
f 4135/5598/543 4232/5710/543 4213/5711/543 4136/5599/543
f 3971/5432/534 3965/5426/534 4233/5712/534 4234/5713/534
f 4235/5714/542 4236/5715/542 4237/5716/542 4238/5717/542
f 3965/5426/534 3964/5425/534 4206/5709/534 4233/5712/534
f 4239/5718/540 4126/5589/540 4129/5592/540 4240/5719/540
f 3896/5316/535 3971/5432/535 4234/5713/535 4225/5720/535
f 3897/5317/530 3896/5316/530 4225/5720/530 4224/5721/530
f 4127/5590/539 4074/5537/539 4077/5540/539 4128/5591/539
f 2493/3256/34 2492/3248/34 2491/3251/34 2494/3272/34
f 2494/3272/34 2491/3251/34 2513/3206/34
f 2473/3243/34 2496/3267/34 2495/3271/34 2474/3549/34
f 2489/3247/34 2488/3274/34 2487/3257/34 2490/3252/34
f 2474/3549/34 2495/3271/34 2565/3273/34
f 2868/5722/34 2867/5723/34 2567/3276/34 2566/3275/34
f 2853/5724/34 2872/5725/34 2871/3749/34 2854/4001/34
f 2854/4001/34 2871/3749/34 2924/3750/34
f 2870/5726/34 2869/5727/34 2555/3254/34 2554/3253/34
f 2946/3788/37 2862/3776/37 2861/5728/37 4241/5729/37
f 2929/5730/34 2865/3970/34 2570/3971/34
f 3134/5731/388 3133/5732/388 2825/5733/388 2826/5734/388
f 3138/5735/37 2852/5736/37 2851/3745/37 2923/3748/37
f 4241/5737/37 2861/3779/37 2519/3780/37
f 2849/5738/37 2864/5739/37 2863/3775/37 2850/3746/37
f 2850/3746/37 2863/3775/37 2922/3747/37
f 2938/3767/34 2937/3766/34 3035/3948/34
f 2996/3900/37 2993/3908/37 3008/3901/37
f 2977/3950/34 2656/3951/34 3016/3955/34
f 2995/3949/37 2539/3904/37 2994/3903/37
f 3013/5740/34 3012/5741/34 3004/3892/34 3014/3957/34
f 3024/5742/34 3011/4104/34 2701/4105/34
f 2992/3909/37 2989/3888/37 3003/3891/37
f 3014/3957/34 3004/3892/34 2972/3895/34
f 2978/3946/34 3015/3956/34 3034/3947/34
f 2999/5743/37 2998/5744/37 2997/3899/37 3009/3902/37
f 2991/5745/37 2990/5746/37 2989/3888/37 2992/3909/37
f 2987/3876/37 2593/3879/37 2986/3905/37
f 2983/5747/37 2982/5748/37 2981/3884/37 2984/3907/37
f 2988/3889/37 2985/3906/37 3002/3890/37
f 2984/3907/37 2981/3884/37 3001/3887/37
f 4242/5749/33 2943/4113/33 2684/4116/33
f 4243/5750/37 2979/3880/37 2653/3883/37
f 3145/5751/33 3029/5752/33 3028/4117/33 4244/5753/33
f 3007/3896/37 2980/3885/37 2979/5754/37 4243/5755/37
f 4244/5753/33 3028/4117/33 3021/3927/33
f 2945/5756/37 2903/5757/37 2902/3781/37 3146/4119/37
f 4245/5758/37 2900/3771/37 2704/3774/37
f 2963/5759/33 2848/5760/33 2847/3826/33 4246/5761/33
f 2845/5762/33 2884/5763/33 2883/3812/33 2846/3827/33
f 2881/5764/33 2880/5765/33 2879/3833/33 2882/3813/33
f 2877/5766/33 2876/5767/33 2875/3808/33 2878/3834/33
f 2873/5768/33 2950/5769/33 2949/3831/33 2874/3809/33
f 2947/5770/33 2860/5771/33 2859/3806/33 2948/3805/33
f 2953/5772/33 2857/3793/33 2952/3796/33
f 2844/3647/33 2843/3646/33 3018/3924/33
f 3031/4118/33 3032/4122/33 3017/3923/33
f 3144/4111/33 2944/4110/33 2943/5773/33 4242/5774/33
f 2939/3769/37 2901/3768/37 2900/5775/37 4245/5776/37
f 4246/5761/33 2847/3826/33 2911/3718/33
f 2874/3809/33 2949/3831/33 2956/3810/33
f 2846/3827/33 2883/3812/33 2912/3719/33
f 2882/3813/33 2879/3833/33 2958/3814/33
f 2878/3834/33 2875/3808/33 2957/3811/33
f 3235/5777/37 3163/4234/37 3228/4235/37
f 3298/5778/34 3287/4514/34 3006/4515/34
f 3252/4395/34 3034/4396/34 3290/4400/34
f 3274/5779/37 3273/5780/37 3272/4348/37 3285/4349/37
f 3392/5781/388 3391/5782/388 3142/5783/388 3143/5784/388
f 3270/4346/37 3269/5785/37 3268/4355/37 3284/4347/37
f 3172/5786/34 3171/5787/34 3170/4202/34 3173/4212/34
f 3266/4359/37 3265/5788/37 3264/4332/37 3278/4335/37
f 3262/4320/37 3002/4323/37 3261/4352/37
f 3168/4198/34 3218/4201/34 3167/4406/34
f 3258/4357/37 3257/5789/37 3256/4328/37 3276/4331/37
f 3283/5790/37 3254/4324/37 3000/4327/37
f 3395/5791/33 3303/5792/33 3302/4529/33 3295/4374/33
f 3155/4196/34 3106/4040/34 3175/4210/34
f 3304/4531/33 3307/5793/33 3306/4534/33 3291/4370/33
f 3308/4536/33 3231/5794/33 3230/4523/33 3292/4371/33
f 3394/5795/33 3232/4525/33 3026/4528/33
f 3234/5796/37 3199/5797/37 3198/4236/37 3229/4237/37
f 3248/5798/33 3154/5799/33 3153/4278/33 3207/4186/33
f 3225/5800/37 3196/4228/37 3038/4231/37
f 3151/5801/33 3187/5802/33 3186/4266/33 3152/4279/33
f 3184/5803/33 3183/5804/33 3182/4286/33 3185/4267/33
f 3180/5805/33 3179/5806/33 3178/4264/33 3181/4287/33
f 3176/4262/33 3239/5807/33 3238/4283/33 3244/4263/33
f 3236/4289/33 3162/5808/33 3161/4275/33 3247/4276/33
f 3242/5809/33 3159/4249/33 3241/4252/33
f 3525/4762/37 3524/5810/37 3523/4770/37 3455/4598/37
f 3652/5811/388 3651/5812/388 3390/5813/388 3393/5814/388
f 3400/4627/34 3423/5815/34 3422/4630/34 3471/4628/34
f 3420/4633/34 3419/5816/34 3418/4620/34 3470/4623/34
f 3541/4819/34 3282/4821/34 3540/4937/34
f 3517/4739/37 3277/4742/37 3516/4767/37
f 3416/4624/34 3415/5817/34 3414/4826/34 3469/4622/34
f 3472/5818/34 3412/4827/34 3224/4828/34
f 3645/5819/37 3411/5820/37 3410/4646/37 3477/4649/37
f 3643/5821/388 3642/5822/388 3384/5823/388 3385/5824/388
f 3553/5825/34 3539/4936/34 3281/4938/34
f 3565/5826/34 3506/5827/34 3505/4810/34 3567/4813/34
f 3486/5828/37 3408/4650/37 3227/4653/37
f 3529/5829/37 3528/5830/37 3527/4763/37 3536/4764/37
f 3503/4818/34 3544/5831/34 3543/4822/34 3566/4812/34
f 3499/5832/33 3399/5833/33 3398/4697/33 3459/4602/33
f 3535/5834/37 3509/4743/37 3275/4746/37
f 3521/4774/37 3520/5835/37 3519/4750/37 3456/4599/37
f 3513/4772/37 3512/5836/37 3511/4747/37 3507/4714/37
f 3655/5837/33 3558/5838/33 3557/4952/33 3549/4790/33
f 3428/5839/33 3427/5840/33 3426/4683/33 3429/4705/33
f 3559/4954/33 3562/5841/33 3561/4957/33 3545/4786/33
f 3563/4959/33 3480/5842/33 3479/4946/33 3546/4787/33
f 3474/5843/37 3444/4642/37 3311/4645/37
f 3483/5844/37 3447/5845/37 3446/4654/37 3478/4655/37
f 3654/5846/33 3481/4948/33 3300/4951/33
f 3396/5847/33 3435/5848/33 3434/4687/33 3397/4698/33
f 3487/5849/33 3407/5850/33 3406/4694/33 3488/4703/33
f 3432/5851/33 3431/5852/33 3430/4681/33 3433/4680/33
f 3424/5853/33 3490/5854/33 3489/4702/33 3425/4684/33
f 4247/5855/33 3404/4669/33 3492/4672/33
f 3729/5856/37 3668/5054/37 3476/5057/37
f 3715/5857/34 3672/5221/34 3473/5223/34
f 3660/5016/34 3471/5019/34 3683/5029/34
f 3680/5858/34 3679/5859/34 3678/5024/34 3681/5031/34
f 3676/5020/34 3469/5023/34 3675/5222/34
f 3945/5860/37 3671/5861/37 3670/5050/37 3720/5053/37
f 3943/5862/388 3942/5863/388 3641/5864/388 3644/5865/388
f 3792/5216/34 3534/5218/34 3791/5396/34
f 3803/5866/34 3756/5867/34 3755/5210/34 3804/5211/34
f 3794/5868/34 3790/5395/34 3533/5397/34
f 3753/5212/34 3566/5213/34 3793/5217/34
f 3801/5869/33 3723/5870/33 3722/5405/33 3802/5419/33
f 3951/5871/388 3950/5872/388 3650/5873/388 3653/5874/388
f 3775/5875/37 3774/5876/37 3773/5175/37 3788/5178/37
f 3956/5877/33 3796/5878/33 3795/5412/33 3959/5420/33
f 4248/5879/37 3757/5154/37 3537/5157/37
f 3726/5880/37 3707/5881/37 3706/5058/37 4249/5882/37
f 3771/5883/37 3770/5884/37 3769/5184/37 3772/5176/37
f 3765/5150/37 3485/5153/37 3764/5181/37
f 3768/5885/37 3767/5886/37 3747/5116/37 3746/5115/37
f 3797/5887/33 3800/5888/33 3799/5418/33 3798/5413/33
f 3761/5889/37 3760/5890/37 3759/5158/37 3762/5183/37
f 3688/5891/33 3687/5892/33 3686/5087/33 3689/5113/33
f 4250/5893/33 3724/5408/33 3555/5411/33
f 3743/5894/37 3704/5046/37 3568/5049/37
f 3745/5895/33 3659/5896/33 3658/5104/33 4251/5897/33
f 3656/5898/33 3695/5899/33 3694/5091/33 3657/5105/33
f 3692/5900/33 3691/5901/33 3690/5112/33 3693/5092/33
f 3684/5902/33 3733/5903/33 3732/5110/33 3685/5088/33
f 3730/5904/33 3667/5905/33 3666/5085/33 3731/5084/33
f 3749/5906/33 3664/5073/33 3735/5076/33
f 4252/5907/23 4253/5908/23 4254/5909/23 4255/5910/23
f 4256/5911/23 4257/5912/23 4258/5913/23 4259/5914/23
f 4260/5915/23 4261/5916/23 4262/5917/23 4263/5918/23
f 4264/5919/23 4265/5920/23 4266/5921/23 4267/5922/23
f 4265/5920/23 4268/5923/23 4269/5924/23 4266/5921/23
f 4257/5912/23 4260/5915/23 4263/5918/23 4258/5913/23
f 4261/5916/23 4264/5919/23 4267/5922/23 4262/5917/23
f 4268/5923/23 4270/5925/23 4271/5926/23 4269/5924/23
f 4253/5908/23 4256/5911/23 4259/5914/23 4254/5909/23
f 4238/5927/542 4237/5928/542 4272/5929/542 4273/5930/542
f 4240/5931/540 4129/5701/540 4229/5704/540 4274/5932/540
f 4234/5933/534 4233/5934/534 4275/5935/534 4276/5936/534
f 4133/5937/545 4132/5938/545 4277/5939/545 4278/5940/545
f 4128/5702/539 4077/5689/539 4221/5692/539 4228/5703/539
f 4225/5698/535 4234/5933/535 4276/5936/535 4226/5699/535
f 4076/5690/538 4137/5941/538 4279/5942/538 4220/5691/538
f 4138/5670/531 4125/5681/531 4217/5684/531 4207/5671/531
f 4137/5941/512 4136/5677/512 4215/5680/512 4279/5942/512
f 4233/5934/534 4206/5669/534 4208/5672/534 4275/5935/534
f 4251/5897/33 3658/5104/33 3744/5106/33
f 3685/5088/33 3732/5110/33 3739/5089/546
f 3689/5113/33 3686/5087/33 3740/5090/33
f 3657/5105/33 3694/5091/33 3742/5094/33
f 4249/5882/37 3706/5058/37 3721/5059/37
f 3953/5403/33 3725/5402/33 3724/5943/33 4250/5944/33
f 3802/5419/33 3722/5405/33 3955/5406/33
f 3766/5162/37 3763/5182/37 3778/5163/37
f 3783/5168/37 3758/5159/37 3757/5945/37 4248/5946/37
f 3798/5413/33 3799/5418/33 3957/5414/33
f 4280/5947/33 4281/5948/33 4282/5949/33 4283/5950/33
f 4284/5951/33 4280/5947/33 4283/5950/33 4285/5952/33
f 4286/5953/547 4287/5954/547 4288/5955/547 4289/5956/547
f 4290/5957/547 4286/5953/547 4289/5956/547 4291/5958/547
f 3141/5959/376 3140/5960/376 4292/5961/376 4293/5962/376
f 4287/5954/547 4294/5963/547 4295/5964/547 4288/5955/547
f 4296/5965/538 2925/3752/538 2928/3755/538 4297/5966/538
f 4298/5967/23 3113/4047/23 3116/4050/23 4299/5968/23
f 3102/5969/389 3101/5970/389 4300/5971/389 4301/5972/389
f 3041/3967/33 4284/5951/33 4285/5952/33 3042/3968/33
f 4302/5973/544 4303/5974/544 4304/5975/544 4305/5976/544
f 4306/5977/548 4302/5973/548 4305/5976/548 4307/5978/548
f 2926/3753/549 4308/5979/549 4309/5980/549 2927/3754/549
f 4303/5974/539 4310/5981/539 4311/5982/539 4304/5975/539
f 2894/3701/376 3141/5959/376 4293/5962/376 2895/3702/376
f 3124/4058/380 3122/4056/380 3130/4082/380 3140/4098/380
f 3096/4030/23 4312/5983/23 4313/5984/23 3097/4031/23
f 3085/4017/376 3127/4061/376 3141/4099/376 2894/4018/376
f 3114/4048/23 4314/5985/23 3108/4042/23 3115/4049/23
f 3109/4043/23 3108/4042/23 4314/5985/23
f 4299/5968/23 4315/5986/23 4316/5987/23 4298/5967/23
f 3100/4034/386 3084/4016/386 2893/4019/386 3101/4035/386
f 4315/5986/23 3088/4022/23 3087/4021/23 4316/5987/23
f 4312/5983/23 3087/4021/23 3086/4020/23 4313/5984/23
f 3093/4027/23 3095/4029/23 3098/4032/23 3094/4028/23
f 4317/5988/23 3089/4023/23 3092/4026/23 4318/5989/23
f 4308/5979/550 4319/5990/550 4320/5991/550 4309/5980/550
f 3132/5992/388 3135/5993/388 4321/5994/388 4322/5995/388
f 3111/5996/384 3071/5997/384 4323/5998/384 4324/5999/384
f 3130/6000/374 3129/6001/374 4325/6002/374 4326/6003/374
f 3101/5970/386 2893/3700/386 2896/3703/386 4300/5971/386
f 3071/5997/406 2924/6004/406 4327/6005/406 4323/5998/406
f 4328/6006/401 4329/6007/401 4330/6008/401 4331/6009/401
f 2556/6010/34 2568/4090/34 3137/4093/34 4332/6011/34
f 4333/6012/35 4334/6013/35 4335/6014/35 4336/6015/35 4337/6016/35
f 4281/5948/551 4338/6017/551 4339/6018/551 4282/5949/551
f 4310/5981/538 4296/5965/538 4297/5966/538 4311/5982/538
f 2924/6004/34 2556/6010/34 4332/6011/34 4327/6005/34
f 4340/6019/37 4341/6020/37 4342/6021/37 4343/6022/37
f 3140/5960/380 3130/6000/380 4326/6003/380 4292/5961/380
f 3181/4287/33 3178/4264/33 3245/4265/33
f 3425/4684/33 3489/4702/33 3496/4685/33
f 3488/4703/33 3406/4694/33 3498/4695/33
f 3429/4705/33 3426/4683/33 3497/4686/33
f 3493/4674/33 3405/4673/33 3404/6023/33 4247/6024/33
f 3152/4279/33 3186/4266/33 3208/4187/33
f 3105/4039/552 4344/6025/552 3217/4200/552 3106/4040/552
f 4291/5958/553 2919/3728/553 4345/6026/553 4290/5957/553
f 4346/6027/552 4347/6028/552 2970/3842/552 3218/4201/552
f 4344/6025/552 4346/6027/552 3218/4201/552 3217/4200/552
f 2919/3728/554 2918/3727/554 4345/6026/554
f 3713/5027/34 3712/5026/34 3890/6029/34 3976/6030/34
f 4348/6031/537 4349/6032/537 3980/5443/537 3903/5323/537
f 3804/5211/34 3786/5174/34 3960/6033/34 3978/6034/34
f 3714/5032/34 3713/5027/34 3976/6030/34 3899/6035/34
f 4350/6036/536 4351/6037/536 3902/5322/536 3963/5424/536
f 4352/6038/534 4353/6039/534 3962/5423/534 3970/5431/534
f 3721/5059/37 3718/5045/37 3973/6040/37 3972/6041/37
f 4354/6042/535 4352/6038/535 3970/5431/535 3895/5315/535
f 3955/5406/33 3954/5404/33 3968/6043/33 3865/6044/33
f 3744/5106/33 3742/5094/33 3840/6045/33 3966/6046/33
f 4353/6039/534 4350/6036/534 3963/5424/534 3962/5423/534
f 3786/5174/34 3782/5167/34 3886/6047/34 3960/6033/34
f 4351/6037/531 4348/6031/531 3903/5323/531 3902/5322/531
f 3827/6048/384 3714/6049/384 3899/5319/384 3898/5318/384
f 4355/6050/530 4354/6042/530 3895/5315/530 3894/5314/530
f 3712/5026/34 3716/5042/34 3891/6051/34 3890/6029/34
f 3782/5167/34 3781/5166/34 3887/6052/34 3886/6047/34
f 3788/5178/37 3787/5177/37 3850/6053/37 3884/6054/37
f 3720/5053/37 3719/5052/37 3881/6055/37 3880/6056/37
f 3922/5342/383 3921/5341/383 3877/5297/383 3876/5296/383
f 3958/5415/33 3957/5414/33 3864/6057/33 3874/6058/33
f 3941/5381/388 3944/5384/388 3871/6059/388 3870/6060/388
f 3777/5161/37 3776/5160/37 3868/6061/37 3862/6062/37
f 3739/5089/555 3738/5086/33 3844/6063/33 3858/6064/33
f 3957/5414/33 3955/5406/33 3865/6044/33 3864/6057/33
f 3778/5163/37 3777/5161/37 3862/6062/37 3860/6065/37
f 3748/5117/37 3778/5163/37 3860/6065/37 3851/6066/37
f 3740/5090/33 3739/5089/556 3858/6064/33 3848/6067/33
f 3949/5391/388 3952/5394/388 3855/6068/388 3854/6069/388
f 3787/5177/37 3748/5117/37 3851/6066/37 3850/6053/37
f 3741/5093/33 3740/5090/33 3848/6067/33 3841/6070/33
f 3738/5086/33 3737/5079/33 3845/6071/33 3844/6063/33
f 3742/5094/33 3741/5093/33 3841/6070/33 3840/6045/33
f 4356/6072/401 4357/6073/401 4067/6074/401 4066/6075/401
f 4358/6076/33 4359/6077/33 4030/6078/33 4064/6079/33
f 4360/6080/33 4361/6081/33 4062/6082/33 4031/6083/33
f 4362/6084/35 4363/6085/35 4059/6086/35 4058/6087/35
f 4127/5590/544 4126/5589/544 4008/5471/544 3997/5460/544
f 4364/6088/35 4365/6089/35 4036/6090/35 4056/6091/35
f 4366/6092/34 4367/6093/34 4054/6094/34 4015/6095/34
f 4368/6096/35 4369/6097/35 4052/6098/35 4050/6099/35
f 4075/5538/538 4074/5537/538 3996/5459/538 3994/5457/538
f 4370/6100/35 4368/6096/35 4050/6099/35 4046/6101/35
f 4232/5710/543 4135/5598/543 3982/5445/543 4048/5511/543
f 4371/6102/35 4370/6100/35 4046/6101/35 4037/6103/35
f 4236/5715/542 4235/5714/542 4043/5506/542 4042/5505/542
f 4372/6104/34 4373/6105/34 4000/6106/34 4040/6107/34
f 4365/6089/35 4371/6102/35 4037/6103/35 4036/6090/35
f 4374/6108/34 4375/6109/34 4022/6110/34 4018/6111/34
f 4231/5706/541 4230/5705/541 3986/5449/541 4034/5497/541
f 4359/6077/33 4360/6080/33 4031/6083/33 4030/6078/33
f 4376/6112/35 4377/6113/35 4027/6114/35 4026/6115/35
f 4375/6109/34 4378/6116/34 4023/6117/34 4022/6110/34
f 4379/6118/34 4380/6119/34 4014/6120/34 4020/6121/34
f 4381/6122/34 4374/6108/34 4018/6111/34 4012/6123/34
f 4380/6119/34 4366/6092/34 4015/6095/34 4014/6120/34
f 4382/6124/34 4381/6122/34 4012/6123/34 4001/6125/34
f 4126/5589/540 4239/5718/540 4009/5472/540 4008/5471/540
f 4383/6126/401 4384/6127/401 4005/6128/401 4004/6129/401
f 4373/6105/34 4382/6124/34 4001/6125/34 4000/6106/34
f 4074/5537/539 4127/5590/539 3997/5460/539 3996/5459/539
f 4385/6130/33 4386/6131/33 3990/6132/33 3987/6133/33
f 4134/5597/538 4075/5538/538 3994/5457/538 3983/5446/538
f 4386/6131/33 4387/6134/33 3991/6135/33 3990/6132/33
f 4230/6136/33 4385/6130/33 3987/6133/33 3986/6137/33
f 4135/5598/512 4134/5597/512 3983/5446/512 3982/5445/512
f 334/428/23 307/427/23 309/436/23 337/438/23
f 4163/5626/23 303/6138/23 305/429/23 334/428/23
f 335/431/23 301/430/23 303/6138/23 4163/5626/23
f 4178/5641/23 297/6139/23 299/432/23 335/431/23
f 336/434/23 294/433/23 297/6139/23 4178/5641/23
f 337/438/23 311/437/23 313/6140/23 4167/5630/23
f 4167/5630/23 313/6140/23 315/6141/23 4154/5617/23
f 4154/5617/23 315/6141/23 317/439/23 338/441/23
f 338/441/23 319/440/23 321/442/23 339/444/23
f 4388/6142/33 4389/6143/33 4390/6144/33 4391/6145/33
f 4392/6146/35 4393/6147/35 4394/6148/35 4395/6149/35
f 4396/6150/34 4397/6151/34 4398/6152/34 4399/6153/34
f 4400/6154/33 4401/6155/33 4402/6156/33 4403/6157/33
f 4404/6158/35 4405/6159/35 4406/6160/35 4407/6161/35
f 4408/6162/34 4409/6163/34 4410/6164/34 4411/6165/34
f 4412/6166/34 4413/6167/34 4414/6168/34 4415/6169/34
f 4416/6170/34 4417/6171/34 4418/6172/34 4419/6173/34
f 4420/6174/33 4421/6175/33 4422/6176/33 4423/6177/33
f 4424/6178/33 4425/6179/33 4426/6180/33 4427/6181/33
f 4428/6182/33 4429/6183/33 4430/6184/33 4431/6185/33
f 4432/6186/37 4433/6187/37 4434/6188/37 4435/6189/37
f 4436/6190/34 4437/6191/34 4438/6192/34 4439/6193/34
f 4440/6194/35 4441/6195/35 4442/6196/35 4443/6197/35
f 4444/6198/35 4445/6199/35 4446/6200/35 4447/6201/35
f 4448/6202/37 4449/6203/35 4450/6204/37
f 4451/6205/23 4452/6206/23 2530/3223/23 2529/3222/23
f 4453/6207/37 4454/6208/37 4455/6209/37 4456/6210/37
f 4457/6211/35 4458/6212/35 4459/6213/35 4460/6214/35
f 4461/6215/33 4462/6216/33 4463/6217/33 4464/6218/33
f 4435/6189/442 4434/6188/442 4465/6219/442 4466/6220/442
f 4467/6221/557 2549/3242/557 4468/6222/557 4469/6223/557
f 4396/6224/433 4470/6225/433 4471/6226/433 4397/6227/433
f 4412/6228/34 4472/6229/34 4473/6230/34 4413/6231/34
f 4414/6232/34 4436/6190/34 4439/6193/34 4415/6233/34
f 4474/6234/34 4475/6235/34 4476/6236/34
f 4413/6231/34 4473/6230/34 4416/6237/34
f 4415/6233/34 4439/6193/34 4410/6238/34
f 4477/6239/36 4478/6240/36 4479/6241/36 4480/6242/36 4481/6243/36
f 4392/6244/35 4482/6245/35 4483/6246/35 4393/6247/35
f 4416/6237/34 4473/6230/34 4470/6225/34 4417/6248/34
f 4394/6249/35 4484/6250/35 4440/6194/35 4395/6251/35
f 4418/6252/34 4485/6253/34 4436/6190/34 4419/6254/34
f 4409/6255/34 4472/6229/34 4412/6228/34
f 4486/6256/34 4487/6257/34 4488/6258/34
f 4417/6248/34 4470/6225/34 4396/6224/34
f 4439/6193/34 4438/6192/34 4489/6259/34 4490/6260/34
f 4411/6261/34 4490/6260/34 4491/6262/34 4408/6263/34
f 4484/6250/35 4492/6264/35 4441/6195/35 4440/6194/35
f 4395/6251/35 4440/6194/35 4482/6245/35 4392/6244/35
f 4447/6265/35 4493/6266/35 4494/6267/35 4444/6268/35
f 4444/6268/35 4494/6267/35 4495/6269/35 4445/6270/35
f 4406/6271/35 4440/6194/35 4443/6197/35 4407/6272/35
f 4405/6273/35 4482/6245/35 4440/6194/35 4406/6271/35
f 4404/6274/35 4496/6275/35 4482/6245/35 4405/6273/35
f 4497/6276/36 4498/6277/36 4499/6278/36 4500/6279/36
f 4446/6280/35 4501/6281/35 4493/6266/35 4447/6265/35
f 4500/6279/36 4499/6278/36 4502/6282/36 4503/6283/36
f 4504/6284/33 4505/6285/33 4506/6286/33 4507/6287/33
f 4445/6270/35 4495/6269/35 4501/6281/35 4446/6280/35
f 4503/6283/36 4502/6282/36 4508/6288/36 4509/6289/36
f 4509/6289/36 4508/6288/36 4510/6290/36 4511/6291/36
f 4460/6214/35 4459/6213/35 4512/6292/35 4513/6293/35
f 4407/6272/35 4443/6197/35 4496/6275/35 4404/6274/35
f 4514/6294/33 4515/6295/33 4516/6296/33 4517/6297/33
f 4400/6298/33 2599/3320/33 4518/6299/33 4401/6300/33
f 4403/6301/33 2600/3322/33 2599/3320/33 4400/6298/33
f 4420/6302/33 4519/6303/33 4520/6304/33 4421/6305/33
f 4423/6306/33 4521/6307/33 4519/6303/33 4420/6302/33
f 4422/6308/33 4522/6309/33 4521/6307/33 4423/6306/33
f 4430/6310/33 4464/6218/33 4523/6311/33 4431/6312/33
f 4428/6313/33 4524/6314/33 4525/6315/33 4429/6316/33
f 4421/6305/33 4520/6304/33 4522/6309/33 4422/6308/33
f 4431/6312/33 4523/6311/33 4524/6314/33 4428/6313/33
f 4429/6316/33 4525/6315/33 4464/6218/33 4430/6310/33
f 4402/6317/33 4526/6318/33 2600/3322/33 4403/6301/33
f 4401/6300/33 4518/6299/33 4526/6318/33 4402/6317/33
f 4390/6319/33 4461/6215/33 4464/6218/33 4391/6320/33
f 4389/6321/33 4527/6322/33 4461/6215/33 4390/6319/33
f 4516/6323/33 4521/6307/33 4526/6318/33 4517/6324/33
f 4515/6325/33 4519/6303/33 4521/6307/33 4516/6323/33
f 4426/6326/33 4523/6311/33 4522/6309/33 4427/6327/33
f 4388/6328/33 4525/6315/33 4527/6322/33 4389/6321/33
f 4424/6329/33 4520/6304/33 4524/6314/33 4425/6330/33
f 4427/6327/33 4522/6309/33 4520/6304/33 4424/6329/33
f 4425/6330/33 4524/6314/33 4523/6311/33 4426/6326/33
f 4391/6320/33 4464/6218/33 4525/6315/33 4388/6328/33
f 4514/6331/33 4518/6299/33 4519/6303/33 4515/6325/33
f 4517/6324/33 4526/6318/33 4518/6299/33 4514/6331/33
f 4528/6332/434 4529/6333/434 4530/6334/434
f 4531/6335/34 4532/6336/34 4533/6337/34 4534/6338/34
f 4535/6339/36 4536/6340/36 4498/6277/36 4497/6276/36
f 4513/6293/35 4512/6292/35 4537/6341/35 4538/6342/35
f 4539/6343/35 4540/6344/35 4541/6345/35 4542/6346/35
f 4543/6347/35 4544/6348/35 4545/6349/35 4546/6350/35
f 4547/6351/35 4548/6352/35 4549/6353/35 4550/6354/35
f 4551/6355/35 4552/6356/35 4553/6357/35 4554/6358/35
f 4555/6359/35 4556/6360/35 4557/6361/35 4558/6362/35
f 4556/6363/35 4559/6364/35 4560/6365/35 4557/6366/35
f 4547/6367/35 4561/6368/35 4562/6369/35 4548/6370/35
f 4539/6371/35 4563/6372/35 4564/6373/35 4540/6374/35
f 4541/6375/35 4538/6342/35 4565/6376/35 4542/6377/35
f 4549/6378/35 4460/6214/35 4513/6293/35 4550/6379/35
f 4566/6380/34 4567/6381/34 4568/6382/34 4569/6383/34
f 4542/6377/35 4565/6376/35 4563/6372/35 4539/6371/35
f 4540/6374/35 4564/6373/35 4538/6342/35 4541/6375/35
f 4550/6379/35 4513/6293/35 4561/6368/35 4547/6367/35
f 4548/6370/35 4562/6369/35 4460/6214/35 4549/6378/35
f 4558/6384/35 4457/6211/35 4570/6385/35 4555/6386/35
f 4557/6366/35 4560/6365/35 4457/6211/35 4558/6384/35
f 4551/6387/35 4562/6369/35 4570/6385/35 4552/6388/35
f 4543/6389/35 4564/6373/35 4561/6368/35 4544/6390/35
f 4545/6391/35 4513/6293/35 4538/6342/35 4546/6392/35
f 4553/6393/35 4457/6211/35 4460/6214/35 4554/6394/35
f 4546/6392/35 4538/6342/35 4564/6373/35 4543/6389/35
f 4544/6390/35 4561/6368/35 4513/6293/35 4545/6391/35
f 4554/6394/35 4460/6214/35 4562/6369/35 4551/6387/35
f 4552/6388/35 4570/6385/35 4457/6211/35 4553/6393/35
f 4538/6342/35 4537/6341/35 4571/6395/35 4565/6376/35
f 4572/6396/34 4573/6397/34 4574/6398/34 4567/6381/34
f 4397/6227/435 4471/6226/435 4575/6399/435
f 4560/6365/35 4576/6400/35 4458/6212/35 4457/6211/35
f 4577/6401/36 4578/6402/36 4579/6403/36 4580/6404/36
f 4578/6402/36 4535/6339/36 4497/6276/36 4579/6403/36
f 4581/6405/34 4582/6406/34 4566/6407/34 4569/6408/34
f 4583/6409/34 4584/6410/34 4585/6411/34 4586/6412/34
f 4587/6413/33 4588/6414/33 4589/6415/33 4590/6416/33
f 4591/6417/33 4592/6418/33 4588/6414/33 4587/6413/33
f 4464/6218/33 4463/6217/33 4593/6419/33 4523/6311/33
f 4523/6311/33 4593/6419/33 4594/6420/33 4522/6309/33
f 4569/6383/34 4568/6382/34 4595/6421/34 4581/6422/34
f 4596/6423/36 4509/6289/36 4511/6291/36 4597/6424/36
f 4598/6425/36 4599/6426/36 4596/6423/36 4600/6427/36
f 4599/6426/36 4503/6283/36 4509/6289/36 4596/6423/36
f 4590/6416/33 4589/6415/33 4601/6428/33 4602/6429/33
f 4522/6309/33 4594/6420/33 4603/6430/33 4521/6307/33
f 4604/6431/33 4605/6432/33 4606/6433/33 4607/6434/33
f 4608/6435/33 4609/6436/33 4610/6437/33 4611/6438/33
f 4612/6439/36 4613/6440/36 4599/6426/36 4598/6425/36
f 4613/6440/36 4500/6279/36 4503/6283/36 4599/6426/36
f 4580/6404/36 4579/6403/36 4613/6440/36 4612/6439/36
f 4579/6403/36 4497/6276/36 4500/6279/36 4613/6440/36
f 4532/6441/34 4614/6442/34 4615/6443/34 4533/6444/34
f 4600/6427/36 4596/6423/36 4597/6424/36 4616/6445/36 4617/6446/36
f 4533/6444/34 4615/6443/34 4572/6396/34 4534/6447/34
f 4555/6386/35 4570/6385/35 4559/6364/35 4556/6363/35
f 4531/6448/34 4618/6449/34 4614/6442/34 4532/6441/34
f 4567/6381/34 4574/6398/34 4619/6450/34 4568/6382/34
f 4582/6451/34 4620/6452/34 4567/6381/34 4566/6380/34
f 4534/6447/34 4572/6396/34 4618/6449/34 4531/6448/34
f 4583/6453/34 4620/6452/34 4618/6449/34 4584/6454/34
f 4585/6455/34 4572/6396/34 4567/6381/34 4586/6456/34
f 4586/6456/34 4567/6381/34 4620/6452/34 4583/6453/34
f 4584/6454/34 4618/6449/34 4572/6396/34 4585/6455/34
f 4615/6443/34 4621/6457/34 4573/6397/34 4572/6396/34
f 4501/6281/35 4622/6458/35 4623/6459/35 4493/6266/35
f 4456/6210/37 4455/6209/37 4433/6187/37 4432/6186/37
f 4485/6253/34 4624/6460/34 4437/6191/34 4436/6190/34
f 4410/6238/34 4439/6193/34 4490/6260/34 4411/6261/34
f 4498/6277/36 4625/6461/36 4626/6462/36 4499/6278/36
f 4502/6282/36 4627/6463/36 4628/6464/36 4508/6288/36
f 4536/6340/36 4629/6465/36 4625/6461/36 4498/6277/36
f 4499/6278/36 4626/6462/36 4627/6463/36 4502/6282/36
f 4508/6288/36 4628/6464/36 4630/6466/36 4510/6290/36
f 4627/6463/36 4631/6467/36 4632/6468/36 4628/6464/36
f 4628/6464/36 4632/6468/36 4633/6469/36 4630/6466/36
f 4626/6462/36 4634/6470/36 4631/6467/36 4627/6463/36
f 4625/6461/36 4635/6471/36 4634/6470/36 4626/6462/36
f 4629/6465/36 4636/6472/36 4635/6471/36 4625/6461/36
f 4631/6467/36 4637/6473/36 4638/6474/36 4632/6468/36
f 4632/6468/36 4638/6474/36 4639/6475/36 4633/6469/36
f 4634/6470/36 4640/6476/36 4637/6473/36 4631/6467/36
f 4635/6471/36 4641/6477/36 4640/6476/36 4634/6470/36
f 4636/6472/36 4642/6478/36 4641/6477/36 4635/6471/36
f 4637/6473/36 4643/6479/36 4644/6480/36 4638/6474/36
f 4638/6474/36 4644/6480/36 4645/6481/36 4639/6475/36
f 4640/6476/36 4646/6482/36 4643/6479/36 4637/6473/36
f 4641/6477/36 4647/6483/36 4646/6482/36 4640/6476/36
f 4642/6478/36 4648/6484/36 4647/6483/36 4641/6477/36
f 4633/6469/36 4649/6485/36 4477/6239/36 4630/6466/36
f 4639/6475/36 4650/6486/36 4649/6485/36 4633/6469/36
f 4645/6481/36 4651/6487/36 4650/6486/36 4639/6475/36
f 4630/6466/36 4477/6239/36 4481/6243/36 4510/6290/36
f 4651/6487/36 4652/6488/36 4653/6489/36 4650/6486/36
f 4650/6486/36 4653/6489/36 4654/6490/36 4649/6485/36
f 4649/6485/36 4654/6490/36 4478/6240/36 4477/6239/36
f 4408/6263/34 4491/6262/34 4472/6229/34 4409/6255/34
f 4536/6340/36 4655/6491/36 4656/6492/36 4629/6465/36
f 4629/6465/36 4656/6492/36 4657/6493/36 4636/6472/36
f 4636/6472/36 4657/6493/36 4658/6494/36 4642/6478/36
f 4642/6478/36 4658/6494/36 4659/6495/36 4648/6484/36
f 4659/6495/36 4660/6496/36 4661/6497/36 4648/6484/36
f 4648/6484/36 4661/6497/36 4662/6498/36 4647/6483/36
f 4643/6479/36 4663/6499/36 4664/6500/36 4644/6480/36
f 4646/6482/36 4665/6501/36 4663/6499/36 4643/6479/36
f 4647/6483/36 4662/6498/36 4665/6501/36 4646/6482/36
f 4661/6497/36 2749/3524/36 2748/3523/36 4662/6498/36
f 4663/6499/36 2751/3526/36 2750/3525/36 4664/6500/36
f 4660/6496/36 2752/3527/36 2749/3524/36 4661/6497/36
f 4665/6501/36 2753/3528/36 2751/3526/36 4663/6499/36
f 4662/6498/36 2748/3523/36 2753/3528/36 4665/6501/36
f 4666/6502/23 2549/3242/23 4467/6221/23
f 4667/6503/23 2549/3242/23 4666/6502/23
f 4668/6504/23 2549/3242/23 4667/6503/23 4669/6505/23
f 4670/6506/23 2549/3242/23 4668/6504/23
f 2759/3534/23 2549/3242/23 4670/6506/23 4671/6507/23
f 4664/6500/36 2761/3536/36 4644/6480/36
f 4645/6481/36 2761/3536/36 4651/6487/36
f 4672/6508/436 4673/6509/436 4674/6510/436 4675/6511/436
f 4676/6512/23 2549/3242/23 4452/6206/23
f 4673/6509/444 4677/6513/444 4678/6514/444 4674/6510/444
f 4679/6515/447 2772/3547/447 2771/3546/447 4680/6516/447
f 4398/6517/558 4681/6518/558 4485/6253/558 4399/6519/558
f 4452/6206/23 2549/3242/23 2530/3223/23
f 4682/6520/439 4683/6521/439 4684/6522/439 4685/6523/439
f 4468/6222/23 2549/3242/23 4676/6512/23
f 4652/6488/36 2761/3536/36 4686/6524/36
f 4687/6525/36 2761/3536/36 2781/3558/36 4688/6526/36
f 4651/6487/36 2761/3536/36 4652/6488/36
f 2750/3525/36 2761/3536/36 4664/6500/36
f 4689/6527/36 2761/3536/36 4687/6525/36
f 4690/6528/36 2761/3536/36 4689/6527/36 4691/6529/36
f 4644/6480/36 2761/3536/36 4645/6481/36
f 4686/6524/36 2761/3536/36 4690/6528/36
f 4692/6530/559 4693/6531/559 4694/6532/559
f 4695/6533/560 4696/6534/560 4697/6535/560 4698/6536/560
f 4699/6537/561 4700/6538/561 4696/6534/561 4695/6533/561
f 4701/6539/562 4702/6540/562 4703/6541/562 4704/6542/562
f 4705/6543/563 4706/6544/563 4702/6540/563 4701/6539/563
f 4698/6536/564 4697/6535/564 4692/6530/564 4694/6532/564
f 4707/6545/565 4624/6460/565 4485/6253/565 4681/6518/565
f 4466/6220/442 4465/6219/442 4708/6546/442
f 4707/6545/443 4681/6518/443 4709/6547/443
f 4681/6518/443 4710/6548/443 4709/6547/443
f 4708/6546/442 4711/6549/442 4466/6220/442
f 4712/6550/444 4713/6551/444 4714/6552/444 4715/6553/444
f 4716/6554/434 4717/6555/434 4718/6556/434 4719/6557/434
f 4720/6558/439 4721/6559/439 4717/6555/439 4716/6554/439
f 4722/6560/445 4723/6561/445 4713/6551/445 4712/6550/445
f 4724/6562/436 4725/6563/436 4721/6559/436 4720/6558/436
f 4726/6564/566 4710/6548/566 4681/6518/566 4398/6517/566
f 4678/6565/444 4712/6566/444 4715/6567/444 4674/6568/444
f 4685/6569/434 4716/6570/434 4719/6571/434 4529/6572/434
f 4684/6573/439 4720/6574/439 4716/6570/439 4685/6569/439
f 4680/6575/445 4722/6576/445 4712/6566/445 4678/6565/445
f 4675/6577/436 4724/6578/436 4720/6574/436 4684/6573/436
f 4575/6399/435 4726/6564/435 4398/6517/435 4397/6227/435
f 4674/6510/436 4715/6553/436 4724/6562/436 4675/6511/436
f 4715/6553/436 4714/6552/436 4725/6563/436 4724/6562/436
f 4704/6542/567 4703/6541/567 4700/6538/567 4699/6537/567
f 4683/6521/436 4672/6508/436 4675/6511/436 4684/6522/436
f 4719/6557/434 4727/6579/434 4530/6334/434 4529/6333/434
f 4728/6580/400 4729/6581/400 4730/6582/400 4731/6583/400
f 4732/6584/400 4733/6585/400 4729/6581/400 4728/6580/400
f 4393/6247/35 4483/6246/35 4484/6250/35 4394/6249/35
f 4718/6556/434 4727/6579/434 4719/6557/434
f 4529/6333/434 4528/6332/434 4682/6520/434 4685/6523/434
f 2771/3546/447 2827/3618/447 4722/6560/447 4680/6516/447
f 2827/3618/447 2828/3619/447 4723/6561/447 4722/6560/447
f 2829/3620/568 2830/3621/568 4706/6544/568 4705/6543/568
f 4677/6513/445 4679/6515/445 4680/6516/445 4678/6514/445
f 4734/6586/400 4735/6587/400 4736/6588/400 4737/6589/400
f 4735/6587/400 4734/6586/400 4738/6590/400 4739/6591/400
f 4581/6422/34 4595/6421/34 4620/6452/34 4582/6451/34
f 4606/6592/33 4740/6593/33 4741/6594/33 4607/6595/33
f 4505/6596/33 4602/6429/33 4742/6597/33 4506/6598/33
f 4504/6599/33 4590/6416/33 4602/6429/33 4505/6596/33
f 4607/6595/33 4741/6594/33 4591/6417/33 4604/6600/33
f 4506/6598/33 4742/6597/33 4743/6601/33 4507/6602/33
f 4604/6600/33 4591/6417/33 4587/6413/33 4605/6603/33
f 4605/6603/33 4587/6413/33 4740/6593/33 4606/6592/33
f 4507/6602/33 4743/6601/33 4590/6416/33 4504/6599/33
f 4610/6604/33 4743/6601/33 4740/6593/33 4611/6605/33
f 4608/6606/33 4587/6413/33 4590/6416/33 4609/6607/33
f 4611/6605/33 4740/6593/33 4587/6413/33 4608/6606/33
f 4609/6607/33 4590/6416/33 4743/6601/33 4610/6604/33
f 4744/6608/33 4745/6609/33 4746/6610/33 4747/6611/33
f 4748/6612/33 4749/6613/33 4750/6614/33 4751/6615/33
f 4752/6616/35 4753/6617/35 4754/6618/35 4755/6619/35
f 4756/6620/34 4757/6621/34 4758/6622/34 4759/6623/34
f 4760/6624/33 4761/6625/33 4762/6626/33 4763/6627/33
f 4764/6628/35 4765/6629/35 4766/6630/35 4767/6631/35
f 4768/6632/34 4769/6633/34 4488/6634/34 4770/6635/34
f 4771/6636/34 4772/6637/34 4476/6638/34 4486/6639/34
f 4773/6640/34 4774/6641/34 4775/6642/34 4474/6643/34
f 4776/6644/33 4777/6645/33 4778/6646/33 4779/6647/33
f 4780/6648/33 4781/6649/33 4782/6650/33 4783/6651/33
f 4784/6652/33 4785/6653/33 4786/6654/33 4787/6655/33
f 4788/6656/37 4789/6657/37 4790/6658/37 4791/6659/37
f 4792/6660/37 4793/6661/37 4794/6662/37 4795/6663/37
f 4796/6664/444 4797/6665/444 4798/6666/444 4799/6667/444
f 4800/6668/35 4801/6669/35 4802/6670/402
f 4803/6671/35 4804/6672/35 4805/6673/35 4806/6674/35
f 4807/6675/37 4808/6676/35 4809/6677/37
f 4810/6678/23 4811/6679/23 2909/3716/23 2908/3715/23
f 4812/6680/33 4813/6681/33 4814/6682/33 4815/6683/33
f 4791/6684/569 4790/6685/569 4816/6686/569 4817/6687/569
f 4818/6688/570 2921/3730/570 4819/6689/570 4820/6690/570 4821/6691/570
f 4756/6692/433 4624/6693/433 4707/6694/433 4757/6695/433
f 4771/6696/34 4438/6697/34 4437/6698/34 4772/6699/34
f 4476/6236/34 4475/6235/34 4487/6257/34 4486/6256/34
f 4772/6699/34 4437/6698/34 4773/6700/34
f 4752/6701/35 4441/6702/35 4492/6703/35 4753/6704/35
f 4773/6700/34 4437/6698/34 4624/6693/34 4774/6705/34
f 4754/6706/35 4822/6707/35 4823/6708/35 4755/6709/35
f 4775/6710/34 4824/6711/34 4475/6235/34 4474/6234/34
f 4769/6712/34 4438/6697/34 4771/6696/34
f 4774/6705/34 4624/6693/34 4756/6692/34
f 4825/6713/571 4826/6714/571 4827/6715/571 4828/6716/571
f 4770/6717/34 4829/6718/34 4830/6719/34 4768/6720/34
f 4831/6721/572 4832/6722/35 4833/6723/35 4834/6724/35
f 4835/6725/34 4836/6726/34 4837/6727/34 4838/6728/34
f 4806/6729/35 4839/6730/35 4840/6731/35
f 4803/6732/35 4623/6733/35 4622/6734/35 4804/6735/35
f 4766/6736/35 4823/6708/35 4841/6737/35 4767/6738/35
f 4765/6739/35 4441/6702/35 4752/6701/35
f 4764/6740/35 4442/6741/35 4441/6702/35 4765/6739/35
f 4805/6742/35 4842/6743/35 4839/6730/35 4806/6729/35
f 4746/6744/33 4843/6745/33 4844/6746/33 4747/6747/33
f 4804/6735/35 4622/6734/35 4845/6748/35
f 4767/6738/35 4841/6737/35 4846/6749/35
f 4847/6750/33 4848/6751/33 4849/6752/33 4850/6753/33
f 4760/6754/33 2952/3796/33 4851/6755/33 4761/6756/33
f 4763/6757/33 2954/3800/33 2953/3799/33 4760/6758/33
f 4776/6759/33 4603/6760/33 4594/6761/33 4777/6762/33
f 4850/6763/33 4852/6764/33 4762/6765/33
f 4778/6766/33 4853/6767/33 4854/6768/33 4779/6769/33
f 4786/6770/33 4815/6683/33 4855/6771/33 4787/6772/33
f 4784/6773/33 4593/6774/33 4463/6775/33 4785/6776/33
f 4777/6762/33 4594/6761/33 4780/6777/33
f 4856/6778/35 4857/6779/35 4858/6780/35 4859/6781/35
f 4785/6776/33 4463/6775/33 4748/6782/33
f 4762/6765/33 4852/6764/33 2954/3800/33 4763/6757/33
f 4761/6756/33 4851/6755/33 4847/6783/33
f 4750/6784/33 4812/6680/33 4815/6683/33 4751/6785/33
f 4749/6786/33 4462/6787/33 4860/6788/33
f 4849/6789/33 4854/6768/33 4852/6764/33 4850/6763/33
f 4848/6790/33 4603/6760/33 4776/6759/33
f 4782/6791/33 4855/6771/33 4853/6767/33 4783/6792/33
f 4748/6782/33 4463/6775/33 4462/6787/33 4749/6786/33
f 4780/6777/33 4594/6761/33 4593/6774/33 4781/6793/33
f 4861/6794/400 4862/6795/400 4863/6796/400 4864/6797/400
f 4781/6793/33 4593/6774/33 4784/6773/33
f 4865/6798/34 4866/6799/34 4867/6800/34
f 4847/6783/33 4851/6755/33 4603/6760/33 4848/6790/33
f 4868/6801/34 4869/6802/34 4870/6803/34
f 4871/6804/434 4872/6805/434 4873/6806/434
f 4874/6807/34 4838/6808/34 4837/6809/34 4875/6810/34
f 4876/6811/35 4877/6812/35 4878/6813/35 4879/6814/35
f 4880/6815/35 4881/6816/35 4882/6817/35 4883/6818/35
f 4884/6819/35 4885/6820/35 4886/6821/35 4887/6822/35
f 4888/6823/35 4889/6824/35 4890/6825/35 4891/6826/35
f 4892/6827/35 4893/6828/35 4894/6829/35 4895/6830/35
f 4893/6831/35 4576/6832/35 4896/6833/35
f 4884/6834/35 4512/6835/35 4459/6836/35 4885/6837/35
f 4876/6838/35 4571/6839/35 4537/6840/35 4877/6841/35
f 4878/6842/35 4897/6843/35 4898/6844/35 4879/6845/35
f 4886/6846/35 4899/6847/35 4900/6848/35 4887/6849/35
f 4901/6850/34 4870/6851/34 4902/6852/34 4903/6853/34
f 4879/6845/35 4898/6844/35 4904/6854/35
f 4877/6841/35 4537/6840/35 4880/6855/35
f 4885/6837/35 4459/6836/35 4888/6856/35
f 4894/6857/35 4905/6858/35 4906/6859/35 4895/6860/35
f 4888/6856/35 4459/6836/35 4458/6861/35 4889/6862/35
f 4880/6855/35 4537/6840/35 4512/6835/35 4881/6863/35
f 4882/6864/35 4900/6848/35 4897/6843/35 4883/6865/35
f 4890/6866/35 4906/6859/35 4899/6847/35 4891/6867/35
f 4881/6868/35 4884/6869/35 4887/6849/35 4882/6864/35
f 4889/6870/35 4892/6871/35 4895/6860/35 4890/6866/35
f 4757/6695/435 4707/6694/435 4907/6872/435
f 4908/6873/34 4909/6874/34 4901/6875/34 4903/6876/34
f 4910/6877/34 4911/6878/34 4912/6879/34 4913/6880/34
f 4914/6881/33 4915/6882/33 4916/6883/33 4917/6884/33
f 4918/6885/33 4915/6882/33 4914/6881/33
f 4815/6683/33 4814/6682/33 4919/6886/33 4855/6771/33
f 4855/6771/33 4919/6886/33 4920/6887/33 4853/6767/33
f 4903/6853/34 4902/6852/34 4921/6888/34 4908/6889/34
f 4917/6884/33 4916/6883/33 4922/6890/33 4923/6891/33
f 4853/6767/33 4920/6887/33 4924/6892/33 4854/6768/33
f 4925/6893/33 4926/6894/33 4927/6895/33 4928/6896/33
f 4929/6897/33 4745/6898/33 4744/6899/33 4930/6900/33
f 4838/6901/34 4621/6902/34 4835/6903/34
f 4837/6727/34 4931/6904/34 4932/6905/34 4875/6906/34
f 4892/6907/35 4458/6861/35 4576/6832/35 4893/6831/35
f 4874/6908/34 4573/6909/34 4621/6902/34 4838/6901/34
f 4909/6910/34 4574/6911/34 4910/6912/34
f 4910/6912/34 4574/6911/34 4573/6909/34 4911/6913/34
f 4912/6914/34 4932/6905/34 4870/6851/34 4913/6915/34
f 4933/6916/400 4739/6917/400 4738/6918/400 4934/6919/400
f 4911/6920/34 4874/6921/34 4875/6906/34 4912/6914/34
f 4842/6743/35 4935/6922/35 4936/6923/35 4839/6730/35
f 4795/6663/37 4794/6662/37 4789/6657/37 4788/6656/37
f 4937/6924/33 4938/6925/33 4939/6926/33 4940/6927/33
f 4488/6258/34 4487/6257/34 4829/6718/34 4770/6717/34
f 4768/6928/34 4489/6929/34 4438/6697/34 4769/6712/34
f 4941/6930/36 4942/6931/36 4943/6932/36 4944/6933/36
f 4942/6931/36 3049/3977/36 3048/3976/36 4943/6932/36
f 4945/6934/23 2921/3730/23 4818/6688/23
f 4946/6935/23 2921/3730/23 4945/6934/23
f 4947/6936/23 2921/3730/23 4946/6935/23 4948/6937/23
f 4949/6938/23 2921/3730/23 4947/6936/23
f 3055/3983/23 2921/3730/23 4949/6938/23 4950/6939/23
f 4943/6932/36 3057/3985/36 4944/6933/36
f 4951/6940/36 3057/3985/36 4952/6941/36
f 4953/6942/436 4954/6943/436 4955/6944/436 4956/6945/436
f 4957/6946/23 2921/3993/23 4811/6679/23
f 4954/6943/444 4958/6947/444 4959/6948/444 4955/6944/444
f 4960/6949/447 3070/3999/447 3069/3998/447 4961/6950/447
f 4758/6951/573 4962/6952/573 4824/6711/573 4759/6953/573
f 4811/6679/23 2921/3993/23 2909/3716/23
f 4963/6954/439 4964/6955/439 4965/6956/439 4966/6957/439
f 4819/6689/23 2921/3730/23 4957/6958/23
f 4967/6959/36 3057/3985/36 4968/6960/36
f 4969/6961/36 3057/3985/36 3080/4012/36 4970/6962/36
f 4952/6941/36 3057/3985/36 4967/6959/36
f 3048/3976/36 3057/3985/36 4943/6932/36
f 4971/6963/36 3057/3985/36 4969/6961/36
f 4972/6964/36 3057/3985/36 4971/6963/36 4973/6965/36
f 4944/6933/36 3057/3985/36 4951/6940/36
f 4968/6960/36 3057/3985/36 4972/6964/36
f 4974/6966/444 4796/6967/444 4799/6968/444 4975/6969/444
f 4976/6970/23 4977/6971/23 4978/6972/23
f 4979/6973/23 4980/6974/23 4981/6975/23 4982/6976/23
f 4982/6976/23 4981/6975/23 4983/6977/23 4984/6978/23
f 4985/6979/23 4986/6980/23 4987/6981/23 4988/6982/23
f 3099/4033/447 3102/4036/447 4989/6983/447 4990/6984/447
f 4991/6985/574 4992/6986/574 4993/6987/574 4994/6988/574
f 4995/6989/23 4996/6990/23 4997/6991/23 4998/6992/23
f 4962/6952/443 4999/6993/443 5000/6994/443
f 5001/6995/23 5002/6996/23 5003/6997/23 5004/6998/23
f 5005/6999/444 4974/6966/444 4975/6969/444 5006/7000/444
f 5007/7001/434 5008/7002/434 5009/7003/434 5010/7004/434
f 5011/7005/439 5012/7006/439 5008/7002/439 5007/7001/439
f 5013/7007/445 4990/6984/445 4974/6966/445 5005/6999/445
f 5014/7008/436 5015/7009/436 5012/7006/436 5011/7005/436
f 5016/7010/575 4999/6993/575 4962/6952/575 4758/6951/575
f 4959/7011/444 5005/7012/444 5006/7013/444 4955/7014/444
f 4966/7015/434 5007/7016/434 5010/7017/434 4872/7018/434
f 4965/7019/439 5011/7020/439 5007/7016/439 4966/7015/439
f 4961/7021/445 5013/7022/445 5005/7012/445 4959/7011/445
f 4956/7023/436 5014/7024/436 5011/7020/436 4965/7019/436
f 4907/7025/435 5016/7010/435 4758/6951/435 4757/7026/435
f 4955/7027/436 5006/7000/436 5014/7008/436 4956/7028/436
f 5006/7000/436 4975/6969/436 5015/7009/436 5014/7008/436
f 5008/7002/434 5017/7029/434 5018/7030/434 5009/7003/434
f 4964/6955/436 4953/6942/436 4956/6945/436 4965/6956/436
f 5010/7004/434 5019/7031/434 4873/7032/434 4872/7033/434
f 5020/7034/400 5021/7035/400 5022/7036/400 5023/7037/400
f 4487/7038/34 5024/7039/34 5025/7040/34 4829/7041/34
f 4753/6704/35 4492/6703/35 5026/7042/35
f 5009/7003/434 5019/7031/434 5010/7004/434
f 4872/6805/434 4871/6804/434 4963/6954/434 4966/6957/434
f 3069/4095/447 3139/4097/447 5013/7007/447 4961/7043/447
f 3139/4097/447 3099/4033/447 4990/6984/447 5013/7007/447
f 5015/7009/436 5027/7044/436 5028/7045/436 5012/7006/436
f 4958/6947/445 4960/6949/445 4961/6950/445 4959/6948/445
f 5029/7046/400 5030/7047/400 4933/7048/400 4934/7049/400
f 4908/7050/34 4619/7051/34 4574/6911/34 4909/6910/34
f 4927/7052/33 4588/7053/33 4592/7054/33 4928/7055/33
f 4843/7056/33 4923/6891/33 5031/7057/33
f 4746/6610/33 4917/6884/33 4923/6891/33 4843/7056/33
f 4928/7055/33 4592/7054/33 5032/7058/33
f 4844/7059/33 4601/7060/33 4589/7061/33 4747/7062/33
f 4925/7063/33 4918/6885/33 4914/6881/33 4926/7064/33
f 5033/7065/35 4842/6743/35 4805/6742/35
f 4747/7062/33 4589/7061/33 4744/7066/33
f 4744/7066/33 4589/7061/33 4588/7053/33 4930/7067/33
f 4929/7068/33 4914/6881/33 4917/6884/33 4745/6609/33
f 4930/7067/33 4588/7053/33 4927/7052/33
f 5034/7069/34 5035/7070/34 5036/7071/34 5037/7072/34
f 5038/7073/33 5039/7074/33 5040/7075/33 5041/7076/33
f 5042/7077/34 5043/7078/34 5044/7079/34 5045/7080/34
f 5046/7081/33 5047/7082/33 5048/7083/33 5049/7084/33
f 5050/7085/35 4859/7086/35 4858/7087/35 5051/7088/35
f 4867/7089/34 5052/7090/34 5053/7091/34 5054/7092/34
f 5055/7093/34 5056/7094/34 5057/7095/34 5058/7096/34
f 5059/7097/34 5060/7098/34 5061/7099/34 5062/7100/34
f 5063/7101/33 5064/7102/33 5065/7103/33 5066/7104/33
f 5067/7105/33 5068/7106/33 5069/7107/33 5070/7108/33
f 5071/7109/33 5072/7110/33 5073/7111/33 5074/7112/33
f 5075/7113/37 5076/7114/37 5077/7115/37 5078/7116/37
f 5079/7117/37 5080/7118/37 5081/7119/37 5082/7120/37
f 5083/7121/35 5084/7122/35 5085/7123/35 5086/7124/35
f 5087/7125/37 5088/7126/35 5089/7127/37
f 5090/7128/23 5091/7129/23 3205/4184/23 3204/4183/23
f 5092/7130/33 5093/7131/33 5094/7132/33 5095/7133/33
f 5078/7116/576 5077/7115/576 5096/7134/576 5097/7135/576
f 5098/7136/577 3216/4195/577 5099/7137/577 5100/7138/577
f 5042/7139/433 4992/6986/433 4991/6985/433 5043/7140/433
f 5055/7141/34 5101/7142/34 5102/7143/34 5056/7144/34
f 5057/7145/34 5103/7146/34 5104/7147/34 5058/7148/34
f 5056/7144/34 5102/7143/34 5059/7149/34
f 4859/7150/35 5105/7151/35 5106/7152/35
f 5059/7149/34 5102/7143/34 4992/6986/34 5060/7153/34
f 5061/7154/34 5107/7155/34 5103/7146/34 5062/7156/34
f 5052/7157/34 5055/7158/34 5058/7148/34 5053/7159/34
f 5060/7160/34 5042/7161/34 5045/7162/34 5061/7154/34
f 5054/7163/34 5108/7164/34 4865/7165/34 4867/7166/34
f 5086/7167/35 5109/7168/35 5110/7169/35 5083/7170/35
f 5083/7171/35 4936/7172/35 4935/7173/35 5084/7174/35
f 4858/6780/35 4857/6779/35 5111/7175/35 5051/7176/35
f 5050/7177/35 5112/7178/35 5105/7151/35 4859/7150/35
f 5085/7179/35 5113/7180/35 5109/7168/35 5086/7167/35
f 5114/7181/33 5115/7182/33 5116/7183/33 5117/7184/33
f 5084/7174/35 4935/7173/35 5118/7185/35
f 5051/7176/35 5111/7175/35 5119/7186/35 5050/7187/35
f 5120/7188/33 5121/7189/33 5122/7190/33 5123/7191/33
f 5046/7192/33 3241/4252/33 5124/7193/33 5047/7194/33
f 5049/7195/33 3243/4256/33 3242/4255/33 5046/7196/33
f 5063/7197/33 4924/7198/33 4920/7199/33 5064/7200/33
f 5066/7201/33 5125/7202/33 5063/7203/33
f 5065/7204/33 5126/7205/33 5125/7202/33 5066/7201/33
f 5073/7206/33 5095/7133/33 5127/7207/33 5074/7208/33
f 5071/7209/33 4919/7210/33 4814/7211/33 5072/7212/33
f 5064/7200/33 4920/7199/33 5067/7213/33
f 5072/7212/33 4814/7211/33 5038/7214/33
f 5048/7215/33 5128/7216/33 3243/4256/33 5049/7195/33
f 5047/7194/33 5124/7193/33 5120/7217/33
f 5040/7218/33 5092/7130/33 5095/7133/33 5041/7219/33
f 5039/7220/33 4813/7221/33 5129/7222/33
f 5122/7223/33 5125/7202/33 5128/7216/33 5123/7224/33
f 5121/7225/33 4924/7198/33 5063/7197/33
f 5069/7226/33 5127/7207/33 5126/7205/33 5070/7227/33
f 5038/7214/33 4814/7211/33 4813/7221/33 5039/7220/33
f 5067/7213/33 4920/7199/33 4919/7210/33 5068/7228/33
f 5068/7228/33 4919/7210/33 5071/7209/33
f 5120/7217/33 5124/7193/33 4924/7198/33 5121/7225/33
f 5123/7224/33 5128/7216/33 5120/7229/33
f 5130/7230/434 5131/7231/434 5132/7232/434
f 5133/7233/34 5037/7234/34 5036/7235/34 5134/7236/34
f 5135/7237/35 5136/7238/35 5137/7239/35 5138/7240/35
f 5139/7241/35 5140/7242/35 5141/7243/35 5142/7244/35
f 5143/7245/35 5144/7246/35 5145/7247/35 5146/7248/35
f 5147/7249/35 5148/7250/35 5149/7251/35 5150/7252/35
f 5151/7253/35 5152/7254/35 5153/7255/35 5154/7256/35
f 5152/7257/35 4905/7258/35 5155/7259/35
f 5143/7260/35 4900/7261/35 4899/7262/35 5144/7263/35
f 5135/7264/35 4898/7265/35 4897/7266/35 5136/7267/35
f 5137/7268/35 5156/7269/35 5157/7270/35 5138/7271/35
f 5145/7272/35 5158/7273/35 5159/7274/35 5146/7275/35
f 5160/7276/34 5161/7277/34 5162/7278/34 5163/7279/34
f 5138/7271/35 5157/7270/35 5164/7280/35 5135/7281/35
f 5136/7267/35 4897/7266/35 5139/7282/35
f 5146/7275/35 5159/7274/35 5143/7283/35
f 5144/7263/35 4899/7262/35 5147/7284/35
f 5154/7285/35 5165/7286/35 5151/7287/35
f 5153/7288/35 5166/7289/35 5165/7286/35 5154/7285/35
f 5147/7284/35 4899/7262/35 4906/7290/35 5148/7291/35
f 5139/7282/35 4897/7266/35 4900/7261/35 5140/7292/35
f 5141/7293/35 5159/7274/35 5156/7269/35 5142/7294/35
f 5149/7295/35 5165/7286/35 5158/7273/35 5150/7296/35
f 5142/7294/35 5156/7269/35 5139/7297/35
f 5140/7298/35 5143/7283/35 5159/7274/35 5141/7293/35
f 5150/7296/35 5158/7273/35 5147/7299/35
f 5148/7291/35 4906/7290/35 5151/7300/35
f 5043/7140/435 4991/6985/435 5167/7301/435
f 5168/7302/34 4869/7303/34 5160/7304/34 5163/7305/34
f 4868/7306/34 5169/7307/34 5170/7308/34 5171/7309/34
f 5172/7310/33 5173/7311/33 5174/7312/33 5175/7313/33
f 5176/7314/33 5173/7311/33 5172/7310/33
f 5095/7133/33 5094/7132/33 5177/7315/33 5127/7207/33
f 5127/7207/33 5177/7315/33 5178/7316/33 5126/7205/33
f 5163/7279/34 5162/7278/34 5179/7317/34 5168/7318/34
f 5175/7313/33 5174/7312/33 5180/7319/33 5181/7320/33
f 5126/7205/33 5178/7316/33 5182/7321/33 5125/7202/33
f 5183/7322/33 5184/7323/33 5185/7324/33 5186/7325/33
f 5187/7326/33 5188/7327/33 5189/7328/33 5190/7329/33
f 5037/7330/34 4931/7331/34 5034/7332/34
f 5036/7071/34 5035/7070/34 5191/7333/34 5134/7334/34
f 5151/7300/35 4906/7290/35 4905/7258/35 5152/7257/35
f 5133/7335/34 4932/7336/34 4931/7331/34 5037/7330/34
f 4869/7337/34 4868/7338/34 5161/7277/34 5160/7276/34
f 5134/7334/34 5191/7333/34 5133/7339/34
f 4868/6801/34 4870/6803/34 4932/7336/34 5169/7340/34
f 5170/7341/34 5191/7333/34 5161/7277/34 5171/7342/34
f 5171/7342/34 5161/7277/34 4868/7338/34
f 5169/7343/34 5133/7339/34 5191/7333/34 5170/7341/34
f 5113/7180/35 5192/7344/35 5193/7345/35 5109/7168/35
f 5082/7120/37 5081/7119/37 5076/7114/37 5075/7113/37
f 5058/7148/34 5104/7147/34 5053/7159/34
f 5053/7159/34 5104/7147/34 5108/7164/34 5054/7163/34
f 4867/6800/34 4866/6799/34 5101/7142/34 5052/7346/34
f 5194/7347/36 5195/7348/36 5196/7349/36 5197/7350/36
f 5195/7348/36 3318/4412/36 3317/4411/36 5196/7349/36
f 5198/7351/23 3216/4195/23 5098/7136/23
f 5199/7352/23 3216/4195/23 5198/7351/23
f 5200/7353/23 3216/4195/23 5199/7352/23 5201/7354/23
f 5202/7355/23 3216/4195/23 5200/7353/23
f 3324/4418/23 3216/4195/23 5202/7355/23 5203/7356/23
f 5196/7349/36 3326/4420/36 5197/7350/36
f 5204/7357/36 3326/4420/36 5205/7358/36
f 5206/7359/436 5207/7360/436 5208/7361/436 5209/7362/436
f 5210/7363/23 3216/4195/23 5091/7129/23
f 5207/7360/444 5211/7364/444 5212/7365/444 5208/7361/444
f 5213/7366/447 3339/4433/447 3338/4432/447 5214/7367/447
f 5044/7368/578 5215/7369/578 5107/7155/578 5045/7162/578
f 5091/7129/23 3216/4195/23 3205/4184/23
f 5216/7370/439 5217/7371/439 5218/7372/439 5219/7373/439
f 5099/7137/23 3216/4195/23 5210/7363/23
f 5220/7374/36 3326/4420/36 5221/7375/36
f 5222/7376/36 3326/4420/36 3349/4444/36 5223/7377/36
f 5205/7358/36 3326/4420/36 5220/7374/36
f 3317/4411/36 3326/4420/36 5196/7349/36
f 5224/7378/36 3326/4420/36 5222/7376/36
f 5225/7379/36 3326/4420/36 5224/7378/36 5226/7380/36
f 5197/7350/36 3326/4420/36 5204/7357/36
f 5221/7375/36 3326/4420/36 5225/7379/36
f 5227/7381/559 5228/7382/559 5229/7383/559
f 5230/7384/560 5231/7385/560 5232/7386/560 5233/7387/560
f 5234/7388/561 5235/7389/561 5231/7385/561 5230/7384/561
f 5236/7390/562 5237/7391/562 5238/7392/562 5239/7393/562
f 5240/7394/563 5241/7395/563 5237/7391/563 5236/7390/563
f 5233/7387/564 5232/7386/564 5227/7381/564 5229/7383/564
f 5045/7162/34 5107/7155/34 5061/7154/34
f 5242/7396/435 5215/7369/435 5044/7368/435
f 5096/7134/442 5243/7397/442 5097/7135/442
f 5244/7398/444 5245/7399/444 5246/7400/444 5247/7401/444
f 5248/7402/434 5249/7403/434 5250/7404/434 5251/7405/434
f 5252/7406/439 5253/7407/439 5249/7403/439 5248/7402/439
f 5254/7408/445 5255/7409/445 5245/7399/445 5244/7398/445
f 5256/7410/436 5257/7411/436 5253/7407/436 5252/7406/436
f 5212/7412/444 5244/7413/444 5247/7414/444 5208/7415/444
f 5219/7416/434 5248/7417/434 5251/7418/434 5131/7419/434
f 5218/7420/439 5252/7421/439 5248/7417/439 5219/7416/439
f 5214/7422/445 5254/7423/445 5244/7413/445 5212/7412/445
f 5209/7424/436 5256/7425/436 5252/7421/436 5218/7420/436
f 5167/7426/435 5242/7396/435 5044/7368/435 5043/7427/435
f 5208/7428/436 5247/7401/436 5256/7410/436 5209/7429/436
f 5247/7401/436 5246/7400/436 5257/7411/436 5256/7410/436
f 5239/7393/579 5238/7392/579 5235/7389/579 5234/7388/579
f 5217/7371/436 5206/7359/436 5209/7362/436 5218/7372/436
f 5251/7405/434 5250/7404/434 5132/7430/434 5131/7431/434
f 5258/7432/400 5259/7433/400 4861/7434/400 4864/7435/400
f 5062/7156/34 5103/7146/34 5057/7145/34
f 4859/7150/35 5106/7152/35 4856/7436/35
f 5131/7231/434 5130/7230/434 5216/7370/434 5219/7373/434
f 3338/4504/447 3386/4506/447 5254/7408/447 5214/7437/447
f 3386/4506/447 3387/4507/447 5255/7409/447 5254/7408/447
f 3388/4508/568 3389/4509/568 5241/7395/568 5240/7394/568
f 5211/7364/445 5213/7366/445 5214/7367/445 5212/7365/445
f 5260/7438/400 5261/7439/400 5262/7440/400 5263/7441/400
f 5168/7442/34 4902/7443/34 4870/6803/34 4869/6802/34
f 5185/7444/33 4915/7445/33 4918/7446/33 5186/7447/33
f 5115/7448/33 5181/7320/33 5264/7449/33 5116/7450/33
f 5114/7451/33 5175/7313/33 5181/7320/33 5115/7448/33
f 5186/7447/33 4918/7446/33 5265/7452/33
f 5116/7453/33 4922/7454/33 4916/7455/33 5117/7456/33
f 5183/7457/33 5176/7314/33 5172/7310/33 5184/7458/33
f 5184/7458/33 5172/7310/33 5185/7459/33
f 5117/7456/33 4916/7455/33 5189/7460/33
f 5189/7460/33 4916/7455/33 4915/7445/33 5190/7461/33
f 5187/7462/33 5172/7310/33 5175/7313/33 5188/7463/33
f 5190/7461/33 4915/7445/33 5185/7444/33
f 5188/7463/33 5175/7313/33 5189/7464/33
f 4927/7465/33 4926/7064/33 4929/7068/33 4930/7466/33
f 5266/7467/33 5267/7468/33 5268/7469/33 5269/7470/33
f 5270/7471/34 5271/7472/34 5272/7473/34 5273/7474/34
f 5274/7475/33 5275/7476/33 5276/7477/33 5277/7478/33
f 5278/7479/35 5279/7480/35 5280/7481/35 5281/7482/35
f 5282/7483/34 5283/7484/34 5284/7485/34 5285/7486/34
f 5286/7487/34 5287/7488/34 5288/7489/34 5289/7490/34
f 5290/7491/34 5291/7492/34 5292/7493/34 5293/7494/34
f 5294/7495/33 5295/7496/33 5296/7497/33 5297/7498/33
f 5298/7499/33 5299/7500/33 5300/7501/33 5301/7502/33
f 5302/7503/33 5303/7504/33 5304/7505/33 5305/7506/33
f 5306/7507/37 5307/7508/37 5308/7509/37 5309/7510/37
f 5310/7511/37 5311/7512/37 5312/7513/37 5313/7514/37
f 5314/7515/35 5315/7516/35 5316/7517/35 5317/7518/35
f 5318/7519/37 5319/7520/35 5320/7521/37
f 5321/7522/23 5322/7523/23 3453/4596/23 3452/4595/23
f 5323/7524/35 5324/7525/35 5325/7526/35 5326/7527/35
f 5327/7528/33 5328/7529/33 5329/7530/33 5330/7531/33
f 5309/7510/576 5308/7509/576 5331/7532/576 5332/7533/576
f 5333/7534/577 3468/4611/577 5334/7535/577 5335/7536/577
f 5270/7537/433 5107/7538/433 5215/7539/433 5271/7540/433
f 5286/7541/34 5104/7542/34 5103/7543/34 5287/7544/34
f 5288/7545/34 5336/7546/34 5337/7547/34 5289/7548/34
f 5289/7548/34 5337/7547/34 5286/7549/34
f 5287/7544/34 5103/7543/34 5290/7550/34
f 5273/7551/34 5338/7552/34 5270/7553/34
f 5290/7550/34 5103/7543/34 5107/7538/34 5291/7554/34
f 5292/7555/34 5338/7552/34 5336/7546/34 5293/7556/34
f 5283/7557/34 5104/7542/34 5286/7541/34
f 5293/7556/34 5336/7546/34 5290/7558/34
f 5291/7554/34 5107/7538/34 5270/7537/34
f 5285/7559/34 5339/7560/34 5340/7561/34 5282/7562/34
f 5317/7563/35 5341/7564/35 5342/7565/35 5314/7566/35
f 5314/7567/35 5193/7568/35 5192/7569/35 5315/7570/35
f 5280/7571/35 5343/7572/35 5344/7573/35 5281/7574/35
f 5278/7575/35 5111/7576/35 4857/7577/35 5279/7578/35
f 5316/7579/35 5345/7580/35 5341/7564/35 5317/7563/35
f 5346/7581/33 5347/7582/33 5348/7583/33 5349/7584/33
f 5315/7570/35 5192/7569/35 5350/7585/35
f 5326/7527/35 5325/7526/35 5351/7586/35 5352/7587/35
f 5281/7574/35 5344/7573/35 5353/7588/35 5278/7589/35
f 5354/7590/33 5355/7591/33 5356/7592/33 5357/7593/33
f 5274/7594/33 3492/4672/33 5358/7595/33 5275/7596/33
f 5277/7597/33 3494/4675/33 3493/4674/33
f 5294/7598/33 5182/7599/33 5178/7600/33 5295/7601/33
f 5305/7602/33 5359/7603/33 5300/7604/33
f 5296/7605/33 5360/7606/33 5361/7607/33 5297/7608/33
f 5304/7609/33 5330/7531/33 5359/7603/33 5305/7602/33
f 5302/7610/33 5177/7611/33 5094/7612/33 5303/7613/33
f 5295/7601/33 5178/7600/33 5298/7614/33
f 5303/7613/33 5094/7612/33 5266/7615/33
f 5276/7616/33 5362/7617/33 3494/4675/33 5277/7597/33
f 5275/7596/33 5358/7595/33 5354/7618/33
f 5268/7619/33 5327/7528/33 5330/7531/33 5269/7620/33
f 5267/7621/33 5093/7622/33 5363/7623/33
f 5356/7624/33 5361/7607/33 5362/7617/33 5357/7625/33
f 5355/7626/33 5182/7599/33 5294/7598/33
f 5300/7604/33 5359/7603/33 5360/7606/33 5301/7627/33
f 5266/7615/33 5094/7612/33 5093/7622/33 5267/7621/33
f 5298/7614/33 5178/7600/33 5177/7611/33 5299/7628/33
f 5074/7208/33 5127/7207/33 5069/7226/33
f 5299/7628/33 5177/7611/33 5302/7610/33
f 5354/7618/33 5358/7595/33 5182/7599/33 5355/7626/33
f 5269/7620/33 5330/7531/33 5304/7609/33
f 5364/7629/434 5365/7630/434 5366/7631/434
f 5367/7632/34 5368/7633/34 5369/7634/34 5370/7635/34
f 5352/7587/35 5351/7586/35 5371/7636/35 5372/7637/35
f 5373/7638/35 5374/7639/35 5375/7640/35 5376/7641/35
f 5377/7642/35 5378/7643/35 5379/7644/35 5380/7645/35
f 5381/7646/35 5382/7647/35 5383/7648/35 5384/7649/35
f 5385/7650/35 5386/7651/35 5387/7652/35 5388/7653/35
f 5389/7654/35 5390/7655/35 5391/7656/35 5392/7657/35
f 5390/7658/35 5166/7659/35 5393/7660/35
f 5381/7661/35 5159/7662/35 5158/7663/35 5382/7664/35
f 5373/7665/35 5157/7666/35 5156/7667/35 5374/7668/35
f 5375/7669/35 5372/7637/35 5394/7670/35 5376/7671/35
f 5383/7672/35 5326/7527/35 5352/7587/35 5384/7673/35
f 5395/7674/34 5396/7675/34 5397/7676/34 5398/7677/34
f 5376/7671/35 5394/7670/35 5399/7678/35 5373/7679/35
f 5374/7668/35 5156/7667/35 5377/7680/35
f 5384/7673/35 5352/7587/35 5381/7681/35
f 5382/7664/35 5158/7663/35 5385/7682/35
f 5392/7683/35 5323/7524/35 5389/7684/35
f 5391/7685/35 5400/7686/35 5323/7524/35 5392/7683/35
f 5385/7682/35 5158/7663/35 5165/7687/35 5386/7688/35
f 5377/7680/35 5156/7667/35 5159/7662/35 5378/7689/35
f 5379/7690/35 5352/7587/35 5372/7637/35 5380/7691/35
f 5387/7692/35 5323/7524/35 5326/7527/35 5388/7693/35
f 5380/7691/35 5372/7637/35 5377/7694/35
f 5378/7695/35 5381/7681/35 5352/7587/35 5379/7690/35
f 5388/7693/35 5326/7527/35 5385/7696/35
f 5386/7688/35 5165/7687/35 5389/7697/35
f 5372/7637/35 5371/7636/35 5401/7698/35 5394/7670/35
f 5271/7540/435 5215/7539/435 5402/7699/435
f 5400/7686/35 5324/7525/35 5323/7524/35
f 5403/7700/34 5404/7701/34 5395/7702/34 5398/7703/34
f 5405/7704/34 5406/7705/34 5407/7706/34 5408/7707/34
f 5409/7708/33 5410/7709/33 5411/7710/33 5412/7711/33
f 5413/7712/33 5414/7713/33 5410/7709/33 5409/7708/33
f 5330/7531/33 5329/7530/33 5415/7714/33 5359/7603/33
f 5359/7603/33 5415/7714/33 5416/7715/33 5360/7606/33
f 5398/7677/34 5397/7676/34 5417/7716/34 5403/7717/34
f 5412/7711/33 5411/7710/33 5418/7718/33 5419/7719/33
f 5360/7606/33 5416/7715/33 5420/7720/33 5361/7607/33
f 5421/7721/33 5422/7722/33 5423/7723/33 5424/7724/33
f 5425/7725/33 5426/7726/33 5427/7727/33 5428/7728/33
f 5368/7729/34 5035/7730/34 5429/7731/34
f 5369/7732/34 5430/7733/34 5431/7734/34 5370/7735/34
f 5389/7697/35 5165/7687/35 5166/7659/35 5390/7658/35
f 5367/7736/34 5191/7737/34 5035/7730/34 5368/7729/34
f 5404/7738/34 5405/7739/34 5396/7675/34 5395/7674/34
f 5370/7735/34 5431/7734/34 5367/7740/34
f 5405/7741/34 5161/7742/34 5191/7737/34 5406/7743/34
f 5407/7744/34 5431/7734/34 5396/7675/34 5408/7745/34
f 5408/7745/34 5396/7675/34 5405/7739/34
f 5406/7743/34 5191/7737/34 5367/7736/34
f 5345/7580/35 5432/7746/35 5433/7747/35 5341/7564/35
f 5313/7514/37 5312/7513/37 5307/7508/37 5306/7507/37
f 5284/7748/34 5337/7547/34 5339/7560/34 5285/7559/34
f 5282/7749/34 5108/7750/34 5104/7542/34 5283/7557/34
f 5434/7751/36 5435/7752/36 5436/7753/36 5437/7754/36
f 5435/7752/36 3575/4834/36 3574/4833/36 5436/7753/36
f 5438/7755/23 3468/4611/23 5333/7534/23
f 5439/7756/23 3468/4611/23 5438/7755/23
f 5440/7757/23 3468/4611/23 5439/7756/23 5441/7758/23
f 5442/7759/23 3468/4611/23 5440/7757/23
f 3581/4840/23 3468/4611/23 5442/7759/23 5443/7760/23
f 5436/7753/36 3583/4842/36 5437/7754/36
f 5444/7761/36 3583/4842/36 5445/7762/36
f 5446/7763/436 5447/7764/436 5448/7765/436 5449/7766/436
f 5450/7767/23 3468/4611/23 5322/7523/23
f 5447/7764/444 5451/7768/444 5452/7769/444 5448/7765/444
f 5453/7770/447 3596/4855/447 3595/4854/447 5454/7771/447
f 5272/7772/580 5455/7773/580 5338/7552/580 5273/7551/580
f 5322/7523/23 3468/4611/23 3453/4596/23
f 5456/7774/439 5457/7775/439 5458/7776/439 5459/7777/439
f 5334/7535/23 3468/4611/23 5450/7767/23
f 5460/7778/36 3583/4842/36 5461/7779/36
f 5462/7780/36 3583/4842/36 3606/4866/36 5463/7781/36
f 5445/7762/36 3583/4842/36 5460/7778/36
f 3574/4833/36 3583/4842/36 5436/7753/36
f 5464/7782/36 3583/4842/36 5462/7780/36
f 5465/7783/36 3583/4842/36 5464/7782/36 5466/7784/36
f 5437/7754/36 3583/4842/36 5444/7761/36
f 5461/7779/36 3583/4842/36 5465/7783/36
f 5467/7785/559 5468/7786/559 5469/7787/559
f 5470/7788/581 5471/7789/581 5472/7790/581 5473/7791/581
f 5474/7792/561 5475/7793/561 5471/7789/561 5470/7788/561
f 5476/7794/562 5477/7795/562 5478/7796/562 5479/7797/562
f 5480/7798/563 5481/7799/563 5477/7795/563 5476/7794/563
f 5473/7791/564 5472/7790/564 5467/7785/564 5469/7787/564
f 5482/7800/459 5338/7552/459 5455/7773/459
f 5332/7533/442 5331/7532/442 5483/7801/442
f 5484/7802/444 5485/7803/444 5486/7804/444 5487/7805/444
f 5488/7806/434 5489/7807/434 5490/7808/434 5491/7809/434
f 5492/7810/439 5493/7811/439 5489/7807/439 5488/7806/439
f 5494/7812/445 5495/7813/445 5485/7803/445 5484/7802/445
f 5496/7814/436 5497/7815/436 5493/7811/436 5492/7810/436
f 5452/7816/444 5484/7817/444 5487/7818/444 5448/7819/444
f 5459/7820/434 5488/7821/434 5491/7822/434 5365/7823/434
f 5458/7824/439 5492/7825/439 5488/7821/439 5459/7820/439
f 5454/7826/445 5494/7827/445 5484/7817/445 5452/7816/445
f 5449/7828/436 5496/7829/436 5492/7825/436 5458/7824/436
f 5402/7830/435 5455/7773/435 5272/7772/435 5271/7831/435
f 5448/7832/436 5487/7805/436 5496/7814/436 5449/7833/436
f 5487/7805/436 5486/7804/436 5497/7815/436 5496/7814/436
f 5479/7797/579 5478/7796/579 5475/7793/579 5474/7792/579
f 5457/7775/436 5446/7763/436 5449/7766/436 5458/7776/436
f 5491/7809/434 5490/7808/434 5366/7834/434 5365/7835/434
f 5498/7836/400 5499/7837/400 5500/7838/400 5501/7839/400
f 5279/7578/35 4857/7577/35 5502/7840/35
f 5365/7630/434 5364/7629/434 5456/7774/434 5459/7777/434
f 3595/4926/447 3646/4928/447 5494/7812/447 5454/7841/447
f 3646/4928/447 3647/4929/447 5495/7813/447 5494/7812/447
f 3648/4930/568 3649/4931/568 5481/7799/568 5480/7798/568
f 5451/7768/445 5453/7770/445 5454/7771/445 5452/7769/445
f 5503/7842/400 5504/7843/400 5505/7844/400 5506/7845/400
f 5403/7846/34 5162/7847/34 5161/7742/34 5404/7848/34
f 5423/7849/33 5173/7850/33 5176/7851/33 5424/7852/33
f 5347/7853/33 5419/7719/33 5507/7854/33 5348/7855/33
f 5346/7856/33 5412/7711/33 5419/7719/33 5347/7853/33
f 5424/7852/33 5176/7851/33 5508/7857/33
f 5348/7858/33 5180/7859/33 5174/7860/33 5349/7861/33
f 5421/7862/33 5413/7712/33 5409/7708/33 5422/7863/33
f 5422/7863/33 5409/7708/33 5423/7864/33
f 5349/7861/33 5174/7860/33 5427/7865/33
f 5427/7865/33 5174/7860/33 5173/7850/33 5428/7866/33
f 5425/7867/33 5409/7708/33 5412/7711/33 5426/7868/33
f 5428/7866/33 5173/7850/33 5423/7849/33
f 5426/7868/33 5412/7711/33 5427/7869/33
f 5509/7870/33 5510/7871/33 5511/7872/33 5512/7873/33
f 5513/7874/34 5514/7875/34 5515/7876/34 5516/7877/34
f 5517/7878/33 5518/7879/33 5519/7880/33 5520/7881/33
f 5521/7882/35 5522/7883/35 5523/7884/35 5524/7885/35
f 5525/7886/34 5526/7887/34 5527/7888/34 5528/7889/34
f 5529/7890/34 5530/7891/34 5531/7892/34 5532/7893/34
f 5533/7894/34 5534/7895/34 5535/7896/34 5536/7897/34
f 5537/7898/33 5538/7899/33 5539/7900/33 5540/7901/33
f 5541/7902/33 5542/7903/33 5543/7904/33 5544/7905/33
f 5545/7906/33 5546/7907/33 5547/7908/33 5548/7909/33
f 5549/7910/37 5550/7911/37 5551/7912/37 5552/7913/37
f 5553/7914/37 5554/7915/37 5555/7916/37 5556/7917/37
f 5557/7918/35 5558/7919/35 5559/7920/35 5560/7921/35
f 5561/7922/37 5562/7923/37 5554/7915/37 5553/7914/37
f 5563/7924/37 5564/7925/37 5562/7923/37 5561/7922/37
f 5513/7926/433 5338/7927/433 5482/7928/433 5514/7929/433
f 5529/7930/34 5337/7931/34 5336/7932/34 5530/7933/34
f 5531/7934/34 5565/7935/34 5566/7936/34 5532/7937/34
f 5530/7933/34 5336/7932/34 5533/7938/34
f 5533/7938/34 5336/7932/34 5338/7927/34 5534/7939/34
f 5535/7940/34 5567/7941/34 5565/7935/34 5536/7942/34
f 5526/7943/34 5529/7944/34 5532/7937/34 5527/7945/34
f 5534/7946/34 5513/7947/34 5516/7948/34 5535/7940/34
f 5528/7949/34 5568/7950/34 5569/7951/34 5525/7952/34
f 5516/7948/34 5567/7941/34 5535/7940/34
f 5560/7953/35 5570/7954/35 5571/7955/35
f 5557/7956/35 5433/7957/35 5432/7958/35 5558/7959/35
f 5523/7960/35 5572/7961/35 5573/7962/35 5524/7963/35
f 5521/7964/35 5344/7965/35 5343/7966/35 5522/7967/35
f 5559/7968/35 5574/7969/35 5570/7954/35 5560/7953/35
f 5575/7970/33 5576/7971/33 5577/7972/33 5578/7973/33
f 5558/7959/35 5432/7958/35 5579/7974/35
f 5580/7975/37 5581/7976/37 5564/7925/37 5563/7924/37
f 5524/7963/35 5573/7962/35 5582/7977/35 5521/7978/35
f 5583/7979/33 5584/7980/33 5585/7981/33 5586/7982/33
f 5517/7983/33 3735/5076/33 5587/7984/33 5518/7985/33
f 5520/7986/33 3737/5079/33 3736/5078/33
f 5537/7987/33 5420/7988/33 5416/7989/33 5538/7990/33
f 5586/7991/33 5588/7992/33 5519/7993/33
f 5539/7994/33 5589/7995/33 5590/7996/582 5540/7997/33
f 5547/7998/33 5591/7999/33 5592/8000/33 5548/8001/33
f 5545/8002/33 5415/8003/33 5329/8004/33 5546/8005/33
f 5538/7990/33 5416/7989/33 5541/8006/33
f 5571/7955/35 5593/8007/35 5557/8008/35 5560/7953/35
f 5546/8005/33 5329/8004/33 5509/8009/33
f 5519/7993/33 5588/7992/33 3737/5079/33 5520/7986/33
f 5518/7985/33 5587/7984/33 5583/8010/33
f 5511/8011/33 5594/8012/33 5591/7999/33 5512/8013/33
f 5510/8014/33 5328/8015/33 5595/8016/33
f 5585/8017/33 5590/7996/583 5588/7992/33 5586/7991/33
f 5584/8018/33 5420/7988/33 5537/7987/33
f 5543/8019/33 5592/8000/33 5589/7995/33 5544/8020/33
f 5509/8009/33 5329/8004/33 5328/8015/33 5510/8014/33
f 5541/8006/33 5416/7989/33 5415/8003/33 5542/8021/33
f 5548/8001/33 5592/8000/33 5543/8019/33
f 5542/8021/33 5415/8003/33 5545/8002/33
f 5596/8022/35 5597/8023/35 5598/8024/35
f 5583/8010/33 5587/7984/33 5420/7988/33 5584/8018/33
f 3736/5078/33 3749/5119/33 5517/8025/33 5520/7986/33
f 5599/8026/434 5600/8027/434 5601/8028/434
f 5602/8029/34 5603/8030/34 5604/8031/34 5605/8032/34
f 5590/7996/584 5581/7976/37 5580/7975/37
f 5606/8033/35 5607/8034/35 5608/8035/35 5609/8036/35
f 5610/8037/35 5611/8038/35 5612/8039/35 5613/8040/35
f 5614/8041/35 5615/8042/35 5598/8043/35 5616/8044/35
f 5617/8045/35 5618/8046/35 5619/8047/35 5596/8048/35
f 5620/8049/35 5621/8050/35 5622/8051/35 5623/8052/35
f 5621/8053/35 5400/8054/35 5624/8055/35
f 5614/8056/35 5351/8057/35 5325/8058/35 5615/8059/35
f 5606/8060/35 5401/8061/35 5371/8062/35 5607/8063/35
f 5608/8064/35 5625/8065/35 5626/8066/35 5609/8067/35
f 5598/8024/35 5597/8023/35 5627/8068/35 5616/8069/35
f 5628/8070/34 5629/8071/34 5630/8072/34 5631/8073/34
f 5609/8067/35 5626/8066/35 5632/8074/35
f 5607/8063/35 5371/8062/35 5610/8075/35
f 5633/8076/34 5629/8071/34 5628/8070/34
f 5615/8059/35 5325/8058/35 5617/8077/35
f 5605/8078/34 5634/8079/34 5635/8080/34
f 5622/8081/35 5636/8082/35 5637/8083/35 5623/8084/35
f 5617/8077/35 5325/8058/35 5324/8085/35 5618/8086/35
f 5610/8075/35 5371/8062/35 5351/8057/35 5611/8087/35
f 5612/8088/35 5627/8068/35 5625/8065/35 5613/8089/35
f 5619/8090/35 5637/8083/35 5597/8023/35 5596/8022/35
f 5623/8084/35 5637/8083/35 5619/8090/35
f 5611/8091/35 5614/8092/35 5616/8069/35 5612/8088/35
f 5536/7942/34 5565/7935/34 5531/7934/34
f 5618/8086/35 5324/8085/35 5620/8093/35
f 5514/7929/435 5482/7928/435 5638/8094/435
f 5639/8095/34 5640/8096/34 5628/8097/34 5631/8098/34
f 5641/8099/34 5642/8100/34 5635/8101/34 5633/8102/34
f 5631/8073/34 5630/8072/34 5643/8103/34 5639/8104/34
f 5644/8105/33 5645/8106/33 5646/8107/33 5647/8108/33
f 5648/8109/33 5649/8110/33 5650/8111/33 5651/8112/33
f 5603/8113/34 5430/8114/34 5652/8115/34
f 5604/8116/34 5653/8117/34 5634/8079/34 5605/8078/34
f 5620/8093/35 5324/8085/35 5400/8054/35 5621/8053/35
f 5602/8118/34 5431/8119/34 5430/8114/34 5603/8113/34
f 5640/8120/34 5641/8121/34 5633/8076/34 5628/8070/34
f 5532/7937/34 5566/7936/34 5527/7945/34
f 5641/8122/34 5396/8123/34 5431/8119/34 5642/8124/34
f 5635/8080/34 5634/8079/34 5629/8071/34 5633/8076/34
f 5642/8125/34 5602/8126/34 5605/8078/34 5635/8080/34
f 5556/7917/37 5555/7916/37 5550/7911/37 5549/7910/37
f 5527/7945/34 5566/7936/34 5568/7950/34 5528/7949/34
f 5525/8127/34 5339/8128/34 5337/7931/34 5526/8129/34
f 5654/8130/36 5655/8131/36 5656/8132/36 5657/8133/36
f 5655/8131/36 3810/5229/36 3809/5228/36 5656/8132/36
f 5658/8134/585 5659/8135/585 5660/8136/585
f 5656/8132/36 3814/5233/36 5657/8133/36
f 5661/8137/36 3814/5233/36 5662/8138/36
f 5663/8139/436 5664/8140/436 5665/8141/436 5666/8142/436
f 5664/8140/444 5667/8143/444 5668/8144/444 5665/8141/444
f 5669/8145/447 3826/5245/447 3825/5244/447 5670/8146/447
f 5515/8147/586 5671/8148/586 5567/7941/586 5516/7948/586
f 5672/8149/439 5673/8150/439 5674/8151/439 5675/8152/439
f 5676/8153/36 3814/5233/36 5677/8154/36
f 5678/8155/36 3814/5233/36 3836/5256/36 5679/8156/36
f 5662/8138/36 3814/5233/36 5676/8153/36
f 3809/5228/36 3814/5233/36 5656/8132/36
f 5680/8157/36 3814/5233/36 5678/8155/36
f 5681/8158/36 3814/5233/36 5680/8157/36 5682/8159/36
f 5657/8133/36 3814/5233/36 5661/8137/36
f 5677/8154/36 3814/5233/36 5681/8158/36
f 5683/8160/33 5684/8161/33 5685/8162/33 5686/8163/33
f 5687/8164/33 5688/8165/33 3846/5266/33 3845/5265/33
f 5686/8163/33 5685/8162/33 5689/8166/33 5690/8167/33
f 5691/8168/35 5692/8169/35 5693/8170/35 5694/8171/35
f 5695/8172/400 5696/8173/400 5697/8174/400 5698/8175/400
f 5690/8167/33 5689/8166/33 5699/8176/33 5700/8177/33
f 5694/8171/35 5693/8170/35 5701/8178/35 5702/8179/35
f 5702/8179/35 5701/8178/35 5703/8180/35 5704/8181/35
f 5705/8182/33 5706/8183/33 5707/8184/33 5708/8185/33
f 5700/8177/33 5699/8176/33 5688/8165/33 5687/8164/33
f 5704/8181/35 5703/8180/35 5709/8186/35 5710/8187/35
f 5711/8188/400 5712/8189/400 5713/8190/400 5714/8191/400
f 5715/8192/33 5716/8193/33 5706/8183/33 5705/8182/33
f 5717/8194/442 5718/8195/442 5719/8196/442 5720/8197/442
f 5721/8198/35 5722/8199/35 5723/8200/35 5724/8201/35
f 5725/8202/35 5726/8203/35 5692/8169/35 5691/8168/35
f 5727/8204/34 5728/8205/34 5729/8206/34 5730/8207/34
f 5731/8208/34 5732/8209/34 5733/8210/34 5734/8211/34
f 3894/5314/587 3897/5317/587 5735/8212/587 5736/8213/587
f 5737/8214/443 5738/8215/443 5739/8216/443 5740/8217/443
f 5741/8218/588 5742/8219/588 5743/8220/588 5744/8221/588
f 5745/8222/559 5746/8223/559 5747/8224/559
f 5748/8225/581 5749/8226/581 5750/8227/581 5751/8228/581
f 5752/8229/561 5753/8230/561 5749/8226/561 5748/8225/561
f 5754/8231/562 5755/8232/562 5756/8233/562 5757/8234/562
f 5758/8235/589 3920/5340/589 5755/8232/589 5754/8231/589
f 5751/8228/564 5750/8227/564 5745/8222/564 5747/8224/564
f 5759/8236/442 5760/8237/442 5761/8238/442
f 5762/8239/444 5763/8240/444 5764/8241/444 5765/8242/444
f 5766/8243/434 5767/8244/434 5768/8245/434 5769/8246/434
f 5770/8247/439 5771/8248/439 5767/8244/439 5766/8243/439
f 5772/8249/445 5773/8250/445 5763/8240/445 5762/8239/445
f 5774/8251/436 5775/8252/436 5771/8248/436 5770/8247/436
f 5776/8253/435 5777/8254/435 5515/8147/435
f 5668/8255/444 5762/8256/444 5765/8257/444 5665/8258/444
f 5675/8259/434 5766/8260/434 5769/8261/434 5600/8262/434
f 5674/8263/439 5770/8264/439 5766/8260/439 5675/8259/439
f 5670/8265/445 5772/8266/445 5762/8256/445 5668/8255/445
f 5666/8267/436 5774/8268/436 5770/8264/436 5674/8263/436
f 5638/8269/435 5776/8253/435 5515/8147/435 5514/8270/435
f 5665/8271/436 5765/8242/436 5774/8251/436 5666/8272/436
f 5765/8242/436 5764/8241/436 5775/8252/436 5774/8251/436
f 5757/8234/579 5756/8233/579 5753/8230/579 5752/8229/579
f 5673/8150/436 5663/8139/436 5666/8142/436 5674/8151/436
f 5769/8246/434 5778/8273/434 5601/8274/434 5600/8275/434
f 5779/8276/400 5780/8277/400 5781/8278/400 5782/8279/400
f 5522/7967/35 5343/7966/35 5783/8280/35
f 5768/8245/434 5778/8273/434 5769/8246/434
f 5600/8027/434 5599/8026/434 5672/8149/434 5675/8152/434
f 3825/5386/447 3946/5388/447 5772/8249/447 5670/8281/447
f 3946/5388/447 3947/5389/447 5773/8250/447 5772/8249/447
f 3948/5390/590 3920/5340/590 5758/8235/590
f 5667/8143/445 5669/8145/445 5670/8146/445 5668/8144/445
f 5784/8282/400 5785/8283/400 5786/8284/400 5787/8285/400
f 5639/8286/34 5397/8287/34 5396/8123/34 5640/8288/34
f 5646/8289/33 5410/8290/33 5414/8291/33 5647/8292/33
f 5576/8293/33 5788/8294/33 5789/8295/33
f 5575/8296/33 5790/8297/33 5788/8294/33 5576/8293/33
f 5647/8292/33 5414/8291/33 5791/8298/33
f 5577/8299/33 5418/8300/33 5411/8301/33 5578/8302/33
f 5644/8303/33 5792/8304/33 5793/8305/33 5645/8306/33
f 5613/8089/35 5625/8065/35 5608/8064/35
f 5578/8302/33 5411/8301/33 5650/8307/33
f 5650/8307/33 5411/8301/33 5410/8290/33 5651/8308/33
f 5648/8309/33 5793/8305/33 5790/8297/33 5649/8310/33
f 5651/8308/33 5410/8290/33 5646/8289/33
f 5794/8311/33 5792/8304/33 5644/8303/33
f 5777/8254/435 5671/8148/435 5515/8147/435
f 5795/8312/34 5796/8313/34 5728/8205/34 5727/8204/34
f 5797/8314/591 5798/8315/591 5799/8316/591 5800/8317/591
f 5801/8318/33 5802/8319/33 5684/8161/33 5683/8160/33
f 5708/8185/33 5707/8184/33 5803/8320/33 5804/8321/33
f 5736/8213/592 5735/8212/592 5805/8322/592 5806/8323/592
f 5807/8324/35 5808/8325/35 5809/8326/35 5810/8327/35
f 5806/8323/591 5805/8322/591 5798/8315/591 5797/8314/591
f 5800/8317/593 5799/8316/593 5742/8219/593 5741/8218/593
f 5740/8328/34 5739/8329/34 5811/8330/34 5812/8331/34
f 5813/8332/34 5814/8333/34 5796/8313/34 5795/8312/34
f 5744/8221/594 5743/8220/594 5815/8334/594 5816/8335/594
f 5812/8331/34 5811/8330/34 5732/8209/34 5731/8208/34
f 5817/8336/571 5818/8337/571 5819/8338/571 5820/8339/571
f 5821/8340/33 5822/8341/33 5823/8342/33 5824/8343/33
f 5825/8344/33 5826/8345/33 5827/8346/33 5828/8347/33
f 5820/8339/595 5819/8338/595 5829/8348/595 5830/8349/595
f 5824/8343/33 5823/8342/33 5826/8345/33 5825/8344/33
f 5831/8350/596 5832/8351/596 5833/8352/596 5834/8353/596
f 5835/8354/34 5836/8355/34 5837/8356/34 5838/8357/34
f 5839/8358/405 5840/8359/405 5841/8360/405 5842/8361/405
f 5843/8362/597 5844/8363/597 5845/8364/597 5846/8365/597
f 5838/8357/34 5837/8356/34 5847/8366/34 5848/8367/34
f 5849/8368/34 5850/8369/34 5851/8370/34 5852/8371/34
f 5848/8367/34 5847/8366/34 5853/8372/34 5854/8373/34
f 5855/8374/34 5856/8375/34 5850/8369/34 5849/8368/34
f 5857/8376/34 5858/8377/34 4024/5487/34 4023/5486/34
f 5859/8378/37 5860/8379/37 5861/8380/37 5862/8381/37
f 5863/8382/33 5864/8383/33 5865/8384/33 5866/8385/33
f 5867/8386/598 5868/8387/598 5822/8341/598 5821/8340/598
f 5854/8373/34 5853/8372/34 5858/8377/34 5857/8376/34
f 5869/8388/37 5870/8389/37 5871/8390/37 5872/8391/37
f 5873/8392/34 5874/8393/34 5836/8355/34 5835/8354/34
f 5875/8394/599 5876/8395/599 5877/8396/599 5878/8397/599
f 5872/8391/37 5871/8390/37 5879/8398/37 5880/8399/37
f 4048/5511/600 4049/5512/600 5818/8337/600 5817/8336/600
f 5880/8399/37 5879/8398/37 5881/8400/37 5882/8401/37
f 5830/8349/595 5829/8348/595 5832/8351/595 5831/8350/595
f 5882/8401/37 5881/8400/37 5883/8402/37 5884/8403/37
f 5852/8371/34 5851/8370/34 5885/8404/34 5886/8405/34
f 5887/8406/37 5888/8407/37 5870/8389/37 5869/8388/37
f 5834/8353/601 5833/8352/601 5844/8363/601 5843/8362/601
f 5889/8408/37 5890/8409/37 5891/8410/37 5892/8411/37
f 5866/8385/33 5865/8384/33 5893/8412/33 5894/8413/33
f 5895/8414/33 5896/8415/33 5864/8383/33 5863/8382/33
f 5897/8416/405 5898/8417/405 5899/8418/405 5900/8419/405
f 5901/8420/23 5902/8421/23 5903/8422/23 5904/8423/23
f 5905/8424/595 5906/8425/595 5907/8426/595 5908/8427/595
f 5909/8428/23 5910/8429/23 5911/8430/23 5912/8431/23
f 5913/8432/23 5914/8433/23 5915/8434/23 5916/8435/23
f 5916/8435/23 5915/8434/23 5917/8436/23 5918/8437/23
f 5918/8437/23 5917/8436/23 5902/8421/23 5901/8420/23
f 5919/8438/23 5920/8439/23 5921/8440/23 5922/8441/23
f 5922/8441/23 5921/8440/23 5923/8442/23 5924/8443/23
f 5925/8444/23 5926/8445/23 5910/8429/23 5909/8428/23
f 5904/8423/23 5903/8422/23 5927/8446/23 5928/8447/23
f 5928/8447/23 5927/8446/23 5929/8448/23 5930/8449/23
f 5931/8450/23 5932/8451/23 5933/8452/23 5934/8453/23
f 5934/8453/23 5933/8452/23 5935/8454/23 5936/8455/23
f 5936/8455/23 5935/8454/23 5937/8456/23 5938/8457/23
f 5938/8457/23 5937/8456/23 5939/8458/23 5940/8459/23
f 5941/8460/23 5942/8461/23 5926/8445/23 5925/8444/23
f 5943/8462/23 5944/8463/23 5932/8451/23 5931/8450/23
f 5930/8449/23 5929/8448/23 5944/8463/23 5943/8462/23
f 5912/8431/23 5911/8430/23 5945/8464/23 5946/8465/23
f 5946/8465/23 5945/8464/23 5920/8439/23 5919/8438/23
f 5947/8466/23 5948/8467/23 5949/8468/23 5950/8469/23
f 5950/8469/23 5949/8468/23 5942/8461/23 5941/8460/23
f 5940/8459/23 5939/8458/23 5948/8467/23 5947/8466/23
f 4120/5583/23 4123/5586/23 5951/8470/23 5952/8471/23
f 5743/8220/594 5953/8472/594 5954/8473/594 5815/8334/594
f 5955/8474/601 5956/8475/601 5957/8476/601 5958/8477/601
f 5959/8478/602 5960/8479/602 5961/8480/602 5962/8481/602
f 5963/8482/571 5964/8483/571 5965/8484/571 5966/8485/571
f 5742/8219/588 5967/8486/588 5953/8472/588 5743/8220/588
f 5738/8215/443 5968/8487/443 5969/8488/443 5739/8216/443
f 5908/8427/595 5907/8426/595 5964/8483/595 5963/8482/595
f 5718/8195/442 5970/8489/442 5971/8490/442 5719/8196/442
f 5952/8471/23 5951/8470/23 5914/8433/23 5913/8432/23
f 5972/8491/23 5973/8492/23 5974/8493/23 5975/8494/23 5976/8495/23
f 5977/8496/23 5978/8497/23 5979/8498/23
f 5980/8499/23 5981/8500/23 5982/8501/23
f 5983/8502/23 5982/8501/23 5981/8500/23 381/520/23
f 5984/8503/23 5977/8496/23 5979/8498/23 5985/8504/23
f 5985/8504/23 5979/8498/23 5986/8505/23 5987/8506/23
f 5987/8506/23 5986/8505/23 5982/8501/23 5983/8502/23
f 5988/8507/23 5989/8508/23 5990/8509/23 5991/8510/23
f 5989/8508/23 5992/8511/23 5993/8512/23 5990/8509/23
f 5992/8511/23 5994/8513/23 378/511/23 5993/8512/23
f 5994/8513/23 5995/8514/23 380/517/23 378/511/23
f 5995/8514/23 5996/8515/23 5997/8516/23 380/517/23
f 5996/8515/23 5987/8506/23 5983/8502/23 5997/8516/23
f 5998/8517/23 5999/8518/23 5989/8508/23 5988/8507/23
f 5999/8518/23 6000/8519/23 5992/8511/23 5989/8508/23
f 6000/8519/23 6001/8520/23 5994/8513/23 5992/8511/23
f 6001/8520/23 6002/8521/23 5995/8514/23 5994/8513/23
f 6002/8521/23 6003/8522/23 5996/8515/23 5995/8514/23
f 6003/8522/23 5985/8504/23 5987/8506/23 5996/8515/23
f 6004/8523/23 6005/8524/23 5999/8518/23 5998/8517/23
f 5991/8510/23 5990/8509/23 6006/8525/23 6007/8526/23
f 5990/8509/23 5993/8512/23 379/514/23 6006/8525/23
f 6008/8527/23 6009/8528/23 6010/8529/23 6011/8530/23
f 6011/8530/23 6010/8529/23 6012/8531/23 6013/8532/23
f 6014/8533/23 5984/8503/23 6015/8534/23 6016/8535/23
f 6013/8532/23 6012/8531/23 6005/8524/23 6017/8536/23
f 6016/8535/23 6015/8534/23 6009/8528/23 6008/8527/23
f 5975/8494/23 5974/8493/23 6018/8537/23 6019/8538/23
f 5974/8493/23 6016/8535/23 6008/8527/23 6018/8537/23
f 6020/8539/23 6021/8540/23 6022/8541/23 6023/8542/23
f 6021/8540/23 6013/8532/23 6017/8536/23 6022/8541/23
f 5973/8492/23 6014/8533/23 6016/8535/23 5974/8493/23
f 6024/8543/23 6025/8544/23 6021/8540/23 6020/8539/23
f 6025/8544/23 6011/8530/23 6013/8532/23 6021/8540/23
f 6019/8538/23 6018/8537/23 6025/8544/23 6024/8543/23
f 6018/8537/23 6008/8527/23 6011/8530/23 6025/8544/23
f 5985/8504/23 6003/8522/23 6015/8534/23 5984/8503/23
f 6003/8522/23 6002/8521/23 6009/8528/23 6015/8534/23
f 6002/8521/23 6001/8520/23 6010/8529/23 6009/8528/23
f 6001/8520/23 6000/8519/23 6012/8531/23 6010/8529/23
f 6000/8519/23 5999/8518/23 6005/8524/23 6012/8531/23
f 6007/8526/23 6006/8525/23 336/434/23 4198/5661/23 6026/8545/23
f 6027/8546/23 339/444/23 5981/8500/23
f 6028/8547/23 339/444/23 6027/8546/23
f 6029/8548/23 339/444/23 6028/8547/23
f 6030/8549/23 339/444/23 6029/8548/23 6031/8550/23
f 6032/8551/23 339/444/23 6030/8549/23
f 4205/5668/23 339/444/23 6032/8551/23
f 5981/8500/23 339/444/23 381/520/23
f 6033/8552/593 6034/8553/593 6035/8554/593 5967/8555/593
f 6036/8556/598 6037/8557/598 6038/8558/598 6039/8559/598
f 5965/8560/600 6040/8561/600 4214/5679/600 4213/5678/600
f 5953/8562/594 6041/8563/594 6042/8564/594 5954/8565/594
f 5970/8566/442 6043/8567/442 6044/8568/442 5971/8569/442
f 5906/8570/595 6045/8571/595 6046/8572/595 5907/8573/595
f 5968/8574/443 6047/8575/443 6048/8576/443 5969/8577/443
f 4224/5697/587 4227/5700/587 6049/8578/587 6050/8579/587
f 5956/8580/601 6051/8581/601 6052/8582/601 5957/8583/601
f 6053/8584/598 6036/8585/598 6039/8586/598 6054/8587/598
f 5799/8316/593 6033/8588/593 5967/8486/593 5742/8219/593
f 5966/8485/600 5965/8484/600 4213/5711/600 4232/5710/600
f 5805/8322/591 6055/8589/591 6056/8590/591 5798/8315/591
f 6057/8591/599 6058/8592/599 6059/8593/599 6060/8594/599
f 5798/8315/591 6056/8590/591 6033/8588/591 5799/8316/591
f 6061/8595/597 6062/8596/597 5956/8475/597 5955/8474/597
f 5735/8212/592 6050/8597/592 6055/8589/592 5805/8322/592
f 3897/5317/587 4224/5721/587 6050/8597/587 5735/8212/587
f 5958/8477/596 5957/8476/596 5906/8425/596 5905/8424/596
f 4416/6237/34 4419/6254/34 4414/6232/34 4413/6231/34
f 4419/6254/34 4436/6190/34 4414/6232/34
f 4396/6224/34 4399/6519/34 4418/6252/34 4417/6248/34
f 4412/6228/34 4415/6233/34 4410/6238/34 4409/6255/34
f 4399/6519/34 4485/6253/34 4418/6252/34
f 4771/8598/34 4486/6256/34 4488/6258/34 4769/8599/34
f 4756/8600/34 4759/6953/34 4775/6710/34 4774/8601/34
f 4759/6953/34 4824/6711/34 4775/6710/34
f 4773/8602/34 4474/6234/34 4476/6236/34 4772/8603/34
f 4846/6749/35 6063/8604/35 4764/8605/35 4767/6738/35
f 4830/8606/34 4489/6929/34 4768/6928/34
f 5022/8607/400 4733/8608/400 4732/8609/400 5023/8610/400
f 5026/8611/35 4822/6707/35 4754/6706/35 4753/8612/35
f 6063/8613/35 4442/6741/35 4764/6740/35
f 4752/8614/35 4755/6709/35 4766/6736/35 4765/8615/35
f 4755/6709/35 4823/6708/35 4766/6736/35
f 4836/6726/34 4931/6904/34 4837/6727/34
f 4895/6860/35 4906/6859/35 4890/6866/35
f 4874/6908/34 4911/6913/34 4573/6909/34
f 4892/6907/35 4889/6862/35 4458/6861/35
f 4910/8616/34 4913/6915/34 4901/6850/34 4909/8617/34
f 4921/8618/34 4619/7051/34 4908/7050/34
f 4891/6867/35 4899/6847/35 4886/6846/35
f 4913/6915/34 4870/6851/34 4901/6850/34
f 4875/6906/34 4932/6905/34 4912/6914/34
f 4896/8619/35 4905/6858/35 4894/6857/35 4893/8620/35
f 4888/8621/35 4891/6867/35 4886/6846/35 4885/8622/35
f 4884/6834/35 4881/6863/35 4512/6835/35
f 4880/8623/35 4883/6865/35 4878/6842/35 4877/8624/35
f 4887/6849/35 4900/6848/35 4882/6864/35
f 4883/6865/35 4897/6843/35 4878/6842/35
f 6064/8625/33 4601/7060/33 4844/7059/33
f 6065/8626/35 4571/6839/35 4876/6838/35
f 5032/8627/33 6066/8628/33 4925/7063/33 4928/8629/33
f 4904/6854/35 6065/8630/35 4876/8631/35 4879/6845/35
f 6066/8628/33 4918/6885/33 4925/7063/33
f 4845/8632/35 5033/7065/35 4805/6742/35 4804/8633/35
f 6067/8634/35 4623/6733/35 4803/6732/35
f 4860/8635/33 6068/8636/33 4750/6784/33 4749/8637/33
f 4748/8638/33 4751/6785/33 4786/6770/33 4785/8639/33
f 4784/8640/33 4787/6772/33 4782/6791/33 4781/8641/33
f 4780/8642/33 4783/6792/33 4778/6766/33 4777/8643/33
f 4776/8644/33 4779/6769/33 4849/6789/33 4848/8645/33
f 4847/8646/33 4850/6763/33 4762/6765/33 4761/8647/33
f 2953/5772/33 2952/3796/33 4760/6754/33
f 4745/6609/33 4917/6884/33 4746/6610/33
f 4926/7064/33 4914/6881/33 4929/7068/33
f 5031/7057/33 6064/8648/33 4844/8649/33 4843/7056/33
f 4840/6731/35 6067/8650/35 4803/8651/35 4806/6729/35
f 6068/8636/33 4812/6680/33 4750/6784/33
f 4779/6769/33 4854/6768/33 4849/6789/33
f 4751/6785/33 4815/6683/33 4786/6770/33
f 4787/6772/33 4855/6771/33 4782/6791/33
f 4783/6792/33 4853/6767/33 4778/6766/33
f 5119/8652/35 5112/7178/35 5050/7177/35
f 5179/8653/34 4902/7443/34 5168/7442/34
f 5133/7335/34 5169/7340/34 4932/7336/34
f 5155/8654/35 5166/7289/35 5153/7288/35 5152/8655/35
f 5262/8656/400 5030/8657/400 5029/8658/400 5263/8659/400
f 5151/7287/35 5165/7286/35 5149/7295/35 5148/8660/35
f 5059/8661/34 5062/7156/34 5057/7145/34 5056/8662/34
f 5147/7299/35 5158/7273/35 5145/7272/35 5144/8663/35
f 5143/7260/35 5140/7292/35 4900/7261/35
f 5055/7141/34 5052/7346/34 5101/7142/34
f 5139/7297/35 5156/7269/35 5137/7268/35 5136/8664/35
f 5164/8665/35 4898/7265/35 5135/7264/35
f 5265/8666/33 5176/7314/33 5183/7457/33 5186/8667/33
f 5042/7139/34 5060/7153/34 4992/6986/34
f 5185/7459/33 5172/7310/33 5187/7462/33 5190/8668/33
f 5189/7464/33 5175/7313/33 5114/7451/33 5117/8669/33
f 5264/8670/33 4922/7454/33 5116/7453/33
f 5118/8671/35 5113/7180/35 5085/7179/35 5084/8672/35
f 5129/8673/33 5092/7130/33 5040/7218/33 5039/8674/33
f 5110/8675/35 4936/7172/35 5083/7171/35
f 5038/8676/33 5041/7219/33 5073/7206/33 5072/8677/33
f 5071/8678/33 5074/7208/33 5069/7226/33 5068/8679/33
f 5067/8680/33 5070/7227/33 5065/7204/33 5064/8681/33
f 5063/7203/33 5125/7202/33 5122/7223/33 5121/8682/33
f 5120/7229/33 5128/7216/33 5048/7215/33 5047/8683/33
f 3242/5809/33 3241/4252/33 5046/7192/33
f 5389/7684/35 5323/7524/35 5387/7692/35 5386/8684/35
f 5505/8685/400 5261/8686/400 5260/8687/400 5506/8688/400
f 5270/7553/34 5338/7552/34 5292/7555/34 5291/8689/34
f 5290/7558/34 5336/7546/34 5288/7545/34 5287/8690/34
f 5405/7741/34 5404/7848/34 5161/7742/34
f 5381/7661/35 5378/7689/35 5159/7662/35
f 5286/7549/34 5337/7547/34 5284/7748/34 5283/8691/34
f 5340/8692/34 5108/7750/34 5282/7749/34
f 5502/8693/35 5343/7572/35 5280/7571/35 5279/8694/35
f 5500/8695/400 5259/8696/400 5258/8697/400 5501/8698/400
f 5417/8699/34 5162/7847/34 5403/7846/34
f 5429/8700/34 5430/7733/34 5369/7732/34 5368/8701/34
f 5353/8702/35 5111/7576/35 5278/7575/35
f 5393/8703/35 5400/7686/35 5391/7685/35 5390/8704/35
f 5367/7740/34 5431/7734/34 5407/7744/34 5406/8705/34
f 5363/8706/33 5327/7528/33 5268/7619/33 5267/8707/33
f 5399/8708/35 5157/7666/35 5373/7665/35
f 5385/7696/35 5326/7527/35 5383/7672/35 5382/8709/35
f 5377/7694/35 5372/7637/35 5375/7669/35 5374/8710/35
f 5508/8711/33 5413/7712/33 5421/7862/33 5424/8712/33
f 5298/8713/33 5301/7627/33 5296/7605/33 5295/8714/33
f 5423/7864/33 5409/7708/33 5425/7867/33 5428/8715/33
f 5427/7869/33 5412/7711/33 5346/7856/33 5349/8716/33
f 5342/8717/35 5193/7568/35 5314/7567/35
f 5350/8718/35 5345/7580/35 5316/7579/35 5315/8719/35
f 5507/8720/33 5180/7859/33 5348/7858/33
f 5266/8721/33 5269/7620/33 5304/7609/33 5303/8722/33
f 5354/8723/33 5357/7625/33 5276/7616/33 5275/8724/33
f 5302/8725/33 5305/7602/33 5300/7604/33 5299/8726/33
f 5294/8727/33 5297/7608/33 5356/7624/33 5355/8728/33
f 4247/5855/33 3492/4672/33 5274/7594/33
f 5582/8729/35 5344/7965/35 5521/7964/35
f 5569/8730/34 5339/8128/34 5525/8127/34
f 5513/7926/34 5534/7939/34 5338/7927/34
f 5533/8731/34 5536/7942/34 5531/7934/34 5530/8732/34
f 5529/7930/34 5526/8129/34 5337/7931/34
f 5783/8733/35 5572/7961/35 5523/7960/35 5522/8734/35
f 5781/8735/400 5499/8736/400 5498/8737/400 5782/8738/400
f 5641/8122/34 5640/8288/34 5396/8123/34
f 5652/8739/34 5653/8117/34 5604/8116/34 5603/8740/34
f 5643/8741/34 5397/8287/34 5639/8286/34
f 5602/8118/34 5642/8124/34 5431/8119/34
f 5650/8742/33 5649/8310/33 5575/8296/33 5578/8743/33
f 5786/8744/400 5504/8745/400 5503/8746/400 5787/8747/400
f 5624/8748/35 5636/8082/35 5622/8081/35 5621/8749/35
f 5791/8750/33 5794/8311/33 5644/8303/33 5647/8751/33
f 6069/8752/35 5401/8061/35 5606/8060/35
f 5579/8753/35 6070/8754/35 5559/7968/35 5558/8755/35
f 5620/8756/35 5623/8084/35 5619/8090/35 5618/8757/35
f 5614/8056/35 5611/8087/35 5351/8057/35
f 5617/8758/35 5596/8022/35 5598/8024/35 5615/8759/35
f 5646/8760/33 5645/8306/33 5648/8309/33 5651/8761/33
f 5610/8762/35 5613/8089/35 5608/8064/35 5607/8763/35
f 5541/8764/33 5544/8020/33 5539/7994/33 5538/8765/33
f 6071/8766/33 5418/8300/33 5577/8299/33
f 5593/8767/35 5433/7957/35 5557/7956/35
f 5595/8768/33 6072/8769/33 5511/8011/33 5510/8770/33
f 5509/8771/33 5512/8013/33 5547/7998/33 5546/8772/33
f 5545/8773/33 5548/8001/33 5543/8019/33 5542/8774/33
f 5537/8775/33 5540/7997/33 5585/8017/33 5584/8776/33
f 5583/8777/33 5586/7991/33 5519/7993/33 5518/8778/33
f 3749/5906/33 3735/5076/33 5517/7983/33
f 6073/8779/23 6074/8780/23 6075/8781/23 6076/8782/23
f 6077/8783/23 6078/8784/23 6079/8785/23 6080/8786/23
f 6081/8787/23 6082/8788/23 6083/8789/23 6084/8790/23
f 6085/8791/23 6086/8792/23 6087/8793/23 6088/8794/23
f 6088/8794/23 6087/8793/23 6089/8795/23 6090/8796/23
f 6080/8786/23 6079/8785/23 6082/8788/23 6081/8787/23
f 6084/8790/23 6083/8789/23 6086/8792/23 6085/8791/23
f 6090/8796/23 6089/8795/23 4271/5926/23 4270/5925/23
f 6076/8782/23 6075/8781/23 6078/8784/23 6077/8783/23
f 6058/8797/599 6091/8798/599 6092/8799/599 6059/8800/599
f 6062/8801/597 6093/8802/597 6051/8581/597 5956/8580/597
f 6055/8803/591 6094/8804/591 6095/8805/591 6056/8806/591
f 5960/8807/602 6096/8808/602 6097/8809/602 5961/8810/602
f 5957/8583/596 6052/8582/596 6045/8571/596 5906/8570/596
f 6050/8579/592 6049/8578/592 6094/8804/592 6055/8803/592
f 5907/8573/595 6046/8572/595 6098/8811/595 5964/8812/595
f 5967/8555/588 6035/8554/588 6041/8563/588 5953/8562/588
f 5964/8812/571 6098/8811/571 6040/8561/571 5965/8560/571
f 6056/8806/591 6095/8805/591 6034/8553/591 6033/8552/591
f 6072/8769/33 5594/8012/33 5511/8011/33
f 5540/7997/33 5590/7996/603 5585/8017/33
f 5544/8020/33 5589/7995/33 5539/7994/33
f 5512/8013/33 5591/7999/33 5547/7998/33
f 6070/8754/35 5574/7969/35 5559/7968/35
f 5789/8295/33 6071/8813/33 5577/8814/33 5576/8293/33
f 5649/8310/33 5790/8297/33 5575/8296/33
f 5616/8069/35 5627/8068/35 5612/8088/35
f 5632/8074/35 6069/8815/35 5606/8816/35 5609/8067/35
f 5645/8306/33 5793/8305/33 5648/8309/33
f 6099/8817/33 6100/8818/33 6101/8819/33 6102/8820/33
f 6103/8821/33 6104/8822/33 6100/8818/33 6099/8817/33
f 6105/8823/547 6106/8824/547 6107/8825/547 6108/8826/547
f 6109/8827/547 6110/8828/547 6106/8824/547 6105/8823/547
f 5027/8829/436 6111/8830/436 6112/8831/436 5028/8832/436
f 6108/8826/547 6107/8825/547 6113/8833/547 6114/8834/547
f 6115/8835/595 6116/8836/595 4826/6714/595 4825/6713/595
f 6117/8837/23 6118/8838/23 5002/6996/23 5001/6995/23
f 3102/5969/447 4301/5972/447 6119/8839/447 4989/8840/447
f 4940/6927/33 4939/6926/33 6104/8822/33 6103/8821/33
f 6120/8841/601 6121/8842/601 6122/8843/601 6123/8844/601
f 6124/8845/604 6125/8846/604 6121/8842/604 6120/8841/604
f 4828/6716/605 4827/6715/605 6126/8847/605 6127/8848/605
f 6123/8844/596 6122/8843/596 6128/8849/596 6129/8850/596
f 4799/6667/436 4798/6666/436 6111/8830/436 5027/8829/436
f 5012/7006/439 5028/7045/439 5017/7029/439 5008/7002/439
f 4988/6982/23 4987/6981/23 6130/8851/23 6131/8852/23
f 4975/6969/436 4799/6968/436 5027/7044/436 5015/7009/436
f 5004/6998/23 5003/6997/23 4998/6992/23 6132/8853/23
f 4997/6991/23 6132/8853/23 4998/6992/23
f 6118/8838/23 6117/8837/23 6133/8854/23 6134/8855/23
f 4990/6984/445 4989/6983/445 4796/6967/445 4974/6966/445
f 6134/8855/23 6133/8854/23 4978/6972/23 4977/6971/23
f 6131/8852/23 6130/8851/23 4976/6970/23 4978/6972/23
f 4984/6978/23 4983/6977/23 4986/6980/23 4985/6979/23
f 4317/5988/23 4318/5989/23 4980/6974/23 4979/6973/23
f 6127/8848/606 6126/8847/606 4320/5991/606 4319/5990/606
f 5020/8856/400 6135/8857/400 6136/8858/400 5021/8859/400
f 5000/8860/443 6137/8861/443 6138/8862/443 4962/8863/443
f 5017/8864/434 6139/8865/434 6140/8866/434 5018/8867/434
f 4989/8840/445 6119/8839/445 4797/6665/445 4796/6664/445
f 4962/8863/459 6138/8862/459 6141/8868/459 4824/8869/459
f 6142/8870/405 6143/8871/405 6144/8872/405 6145/8873/405
f 4475/8874/34 6146/8875/34 5024/7039/34 4487/7038/34
f 6147/8876/37 6148/8877/37 6149/8878/37 6150/8879/37 6151/8880/37
f 6102/8820/607 6101/8819/607 6152/8881/607 6153/8882/607
f 6129/8850/595 6128/8849/595 6116/8836/595 6115/8835/595
f 4824/8869/34 6141/8868/34 6146/8875/34 4475/8874/34
f 6154/8883/35 6155/8884/35 6156/8885/35 6157/8886/35
f 5028/8832/439 6112/8831/439 6139/8865/439 5017/8864/439
f 5070/7227/33 5126/7205/33 5065/7204/33
f 5297/7608/33 5361/7607/33 5356/7624/33
f 5357/7625/33 5362/7617/33 5276/7616/33
f 5301/7627/33 5360/7606/33 5296/7605/33
f 3493/4674/33 4247/6024/33 5274/8887/33 5277/7597/33
f 5041/7219/33 5095/7133/33 5073/7206/33
f 4993/6987/552 4992/6986/552 5102/7143/552 6158/8888/552
f 6110/8828/608 6109/8827/608 6159/8889/608 4820/6690/608
f 6160/8890/552 5101/7142/552 4866/6799/552 6161/8891/552
f 6158/8888/552 5102/7143/552 5101/7142/552 6160/8890/552
f 4820/6690/554 6159/8889/554 4821/6691/554
f 5565/7935/34 5812/8892/34 5731/8893/34 5566/7936/34
f 6162/8894/594 5744/8221/594 5816/8335/594 6163/8895/594
f 5653/8117/34 5813/8896/34 5795/8897/34 5634/8079/34
f 5567/7941/34 5740/8898/34 5812/8892/34 5565/7935/34
f 6164/8899/593 5800/8317/593 5741/8218/593 6165/8900/593
f 6166/8901/591 5806/8323/591 5797/8314/591 6167/8902/591
f 5574/7969/35 5807/8903/35 5810/8904/35 5570/7954/35
f 6168/8905/592 5736/8213/592 5806/8323/592 6166/8901/592
f 5790/8297/33 5708/8906/33 5804/8907/33 5788/8294/33
f 5594/8012/33 5801/8908/33 5683/8909/33 5591/7999/33
f 6167/8902/591 5797/8314/591 5800/8317/591 6164/8899/591
f 5634/8079/34 5795/8897/34 5727/8910/34 5629/8071/34
f 6165/8900/588 5741/8218/588 5744/8221/588 6162/8894/588
f 5671/8911/443 5737/8214/443 5740/8217/443 5567/8912/443
f 4355/6050/587 3894/5314/587 5736/8213/587 6168/8905/587
f 5566/7936/34 5731/8893/34 5734/8913/34 5568/7950/34
f 5629/8071/34 5727/8910/34 5730/8914/34 5630/8072/34
f 5636/8082/35 5725/8915/35 5691/8916/35 5637/8083/35
f 5572/7961/35 5721/8917/35 5724/8918/35 5573/7962/35
f 5761/8238/442 5717/8194/442 5720/8197/442 5759/8236/442
f 5792/8304/33 5715/8919/33 5705/8920/33 5793/8305/33
f 5779/8276/400 5711/8921/400 5714/8922/400 5780/8277/400
f 5625/8065/35 5704/8923/35 5710/8924/35 5626/8066/35
f 5590/7996/609 5700/8925/33 5687/8926/33 5588/7992/33
f 5793/8305/33 5705/8920/33 5708/8906/33 5790/8297/33
f 5627/8068/35 5702/8927/35 5704/8923/35 5625/8065/35
f 5597/8023/35 5694/8928/35 5702/8927/35 5627/8068/35
f 5589/7995/33 5690/8929/33 5700/8925/33 5590/7996/610
f 5784/8282/400 5695/8930/400 5698/8931/400 5785/8283/400
f 5637/8083/35 5691/8916/35 5694/8928/35 5597/8023/35
f 5592/8000/33 5686/8932/33 5690/8929/33 5589/7995/33
f 5588/7992/33 5687/8926/33 3845/6071/33 3737/5079/33
f 5591/7999/33 5683/8909/33 5686/8932/33 5592/8000/33
f 6169/8933/405 5897/8934/405 5900/8935/405 6170/8936/405
f 6171/8937/33 5895/8938/33 5863/8939/33 6172/8940/33
f 6173/8941/33 5866/8942/33 5894/8943/33 6174/8944/33
f 6175/8945/37 5889/8946/37 5892/8947/37 6176/8948/37
f 5958/8477/601 5834/8353/601 5843/8362/601 5955/8474/601
f 6177/8949/37 5887/8950/37 5869/8951/37 6178/8952/37
f 6179/8953/34 5852/8954/34 5886/8955/34 6180/8956/34
f 6181/8957/37 5882/8958/37 5884/8959/37 6182/8960/37
f 5908/8427/595 5830/8349/595 5831/8350/595 5905/8424/595
f 6183/8961/37 5880/8962/37 5882/8958/37 6181/8957/37
f 4232/5710/600 4048/5511/600 5817/8336/600 5966/8485/600
f 6184/8963/37 5872/8964/37 5880/8962/37 6183/8961/37
f 6060/8594/599 5875/8394/599 5878/8397/599 6057/8591/599
f 6185/8965/34 5873/8966/34 5835/8967/34 6186/8968/34
f 6178/8952/37 5869/8951/37 5872/8964/37 6184/8963/37
f 6187/8969/34 5854/8970/34 5857/8971/34 6188/8972/34
f 6054/8587/598 5867/8386/598 5821/8340/598 6053/8584/598
f 6172/8940/33 5863/8939/33 5866/8942/33 6173/8941/33
f 6189/8973/37 5859/8974/37 5862/8975/37 6190/8976/37
f 6188/8972/34 5857/8971/34 4023/6117/34 4378/6116/34
f 6191/8977/34 5855/8978/34 5849/8979/34 6192/8980/34
f 6193/8981/34 5848/8982/34 5854/8970/34 6187/8969/34
f 6192/8980/34 5849/8979/34 5852/8954/34 6179/8953/34
f 6194/8983/34 5838/8984/34 5848/8982/34 6193/8981/34
f 5955/8474/597 5843/8362/597 5846/8365/597 6061/8595/597
f 6195/8985/405 5839/8986/405 5842/8987/405 6196/8988/405
f 6186/8968/34 5835/8967/34 5838/8984/34 6194/8983/34
f 5905/8424/596 5831/8350/596 5834/8353/596 5958/8477/596
f 6197/8989/33 5824/8990/33 5825/8991/33 6198/8992/33
f 5963/8482/595 5820/8339/595 5830/8349/595 5908/8427/595
f 6198/8992/33 5825/8991/33 5828/8993/33 6199/8994/33
f 6053/8995/33 5821/8996/33 5824/8990/33 6197/8989/33
f 5966/8485/571 5817/8336/571 5820/8339/571 5963/8482/571
f 378/511/23 380/517/23 356/516/23 354/509/23
f 5993/8512/23 378/511/23 352/510/23 350/8997/23
f 379/514/23 5993/8512/23 350/8997/23 348/512/23
f 6006/8525/23 379/514/23 346/513/23 344/8998/23
f 336/434/23 6006/8525/23 344/8998/23 342/515/23
f 380/517/23 5997/8516/23 360/8999/23 358/518/23
f 5997/8516/23 5983/8502/23 362/9000/23 360/8999/23
f 5983/8502/23 381/520/23 364/519/23 362/9000/23
f 381/520/23 339/444/23 368/522/23 366/521/23
f 1156/9001/36 1549/9002/36 1516/9003/36
f 1512/9004/36 1561/9005/36 1519/9006/36
f 1561/9005/36 1547/9007/36 1519/9006/36
f 1547/9007/36 1544/9008/36 1519/9006/36
f 1544/9008/36 1552/9009/36 1519/9006/36
f 1552/9009/36 1551/9010/36 1519/9006/36
f 1531/9011/36 1570/9012/36 1569/9013/36
f 1531/9011/36 1569/9013/36 1548/9014/36
f 1519/9006/36 1531/9011/36 1512/9004/36
f 1511/9015/36 1512/9004/36 1548/9014/36
f 1548/9014/36 1512/9004/36 1531/9011/36
f 1537/9016/36 1516/9003/36 1564/9017/36
f 1516/9003/36 1517/9018/36 1156/9001/36
f 1585/9019/36 1517/9018/36 1508/9020/36
f 1517/9018/36 1511/9015/36 1508/9020/36
f 1508/9020/36 1511/9015/36 1548/9014/36
f 1508/9020/36 1495/9021/36 1494/9022/36
f 1517/9018/36 1585/9019/36 1156/9001/36
f 1493/9023/36 1492/9024/36 1564/9017/36
f 1492/9024/36 1537/9016/36 1564/9017/36
f 1564/9017/36 1586/9025/36 1493/9023/36
f 1521/9026/36 1520/9027/36 1549/9002/36
f 1156/9001/36 1521/9026/36 1549/9002/36
f 1549/9002/36 1564/9017/36 1516/9003/36
f 1508/9020/36 1494/9022/36 1585/9019/36
f 2312/9028/36 2232/9029/36 2236/9030/36
f 2244/9031/36 2275/9032/36 2272/9033/36
f 2272/9033/36 2271/9034/36 2244/9031/36
f 2271/9034/36 2265/9035/36 2244/9031/36
f 2265/9035/36 2266/9036/36 2244/9031/36
f 2266/9036/36 2235/9037/36 2244/9031/36
f 2236/9030/36 2240/9038/36 2312/9028/36
f 2240/9038/36 2241/9039/36 2269/9040/36
f 2240/9038/36 2269/9040/36 2312/9028/36
f 2235/9037/36 2236/9030/36 2268/9041/36
f 2292/9042/36 2291/9043/36 2245/9044/36
f 2245/9044/36 2244/9031/36 2235/9037/36
f 2270/9045/36 2241/9039/36 2298/9046/36
f 2298/9046/36 2299/9047/36 2270/9045/36
f 2299/9047/36 2314/9048/36 2270/9045/36
f 2314/9048/36 2313/9049/36 2270/9045/36
f 2241/9039/36 2270/9045/36 2251/9050/36
f 2292/9042/36 2245/9044/36 2268/9041/36
f 2268/9041/36 2245/9044/36 2235/9037/36
f 2241/9039/36 2251/9050/36 2269/9040/36
f 2251/9050/36 2247/9051/36 2246/9052/36
f 2232/9029/36 2268/9041/36 2236/9030/36
f 2311/9053/36 2233/9054/36 2232/9029/36
f 2312/9028/36 2311/9053/36 2232/9029/36
f 2251/9050/36 2246/9052/36 2269/9040/36
f 70/9055/36 66/9056/36 58/9057/36
f 140/9058/36 144/9059/36 128/9060/36
f 205/9061/36 201/9062/36 217/9063/36
f 269/9064/36 272/9065/36 280/9066/36
f 533/9067/36 529/9068/36 521/9069/36
f 599/9070/36 607/9071/36 590/9072/36
f 49/9073/36 50/9074/36 72/9075/36
f 72/9075/36 71/9076/36 49/9073/36
f 71/9076/36 70/9055/36 49/9073/36
f 70/9055/36 69/9077/36 66/9056/36
f 69/9077/36 68/9078/36 66/9056/36
f 68/9078/36 67/9079/36 66/9056/36
f 66/9056/36 65/9080/36 64/9081/36
f 64/9081/36 63/9082/36 62/9083/36
f 62/9083/36 61/9084/36 60/9085/36
f 60/9085/36 59/9086/36 58/9057/36
f 58/9057/36 57/9087/36 56/9088/36
f 56/9088/36 55/9089/36 54/9090/36
f 54/9090/36 53/9091/36 52/9092/36
f 52/9092/36 51/9093/36 49/9073/36
f 66/9056/36 64/9081/36 58/9057/36
f 64/9081/36 62/9083/36 58/9057/36
f 62/9083/36 60/9085/36 58/9057/36
f 58/9057/36 56/9088/36 54/9090/36
f 54/9090/36 52/9092/36 58/9057/36
f 52/9092/36 49/9073/36 58/9057/36
f 49/9073/36 70/9055/36 58/9057/36
f 128/9060/36 129/9094/36 130/9095/36
f 130/9095/36 131/9096/36 132/9097/36
f 132/9097/36 133/9098/36 136/9099/36
f 133/9098/36 134/9100/36 136/9099/36
f 134/9100/36 135/9101/36 136/9099/36
f 136/9099/36 137/9102/36 140/9058/36
f 137/9102/36 138/9103/36 140/9058/36
f 138/9103/36 139/9104/36 140/9058/36
f 140/9058/36 141/9105/36 144/9059/36
f 141/9105/36 142/9106/36 144/9059/36
f 142/9106/36 143/9107/36 144/9059/36
f 144/9059/36 122/9108/36 124/9109/36
f 122/9108/36 121/9110/36 124/9109/36
f 121/9110/36 123/9111/36 124/9109/36
f 124/9109/36 125/9112/36 126/9113/36
f 126/9113/36 127/9114/36 128/9060/36
f 128/9060/36 130/9095/36 136/9099/36
f 130/9095/36 132/9097/36 136/9099/36
f 124/9109/36 126/9113/36 144/9059/36
f 126/9113/36 128/9060/36 144/9059/36
f 136/9099/36 140/9058/36 128/9060/36
f 201/9062/36 200/9115/36 199/9116/36
f 199/9116/36 198/9117/36 196/9118/36
f 196/9118/36 197/9119/36 217/9063/36
f 197/9119/36 219/9120/36 217/9063/36
f 219/9120/36 218/9121/36 217/9063/36
f 217/9063/36 216/9122/36 215/9123/36
f 215/9123/36 214/9124/36 213/9125/36
f 213/9125/36 212/9126/36 211/9127/36
f 211/9127/36 210/9128/36 209/9129/36
f 209/9129/36 208/9130/36 207/9131/36
f 207/9131/36 206/9132/36 205/9061/36
f 205/9061/36 204/9133/36 201/9062/36
f 204/9133/36 203/9134/36 201/9062/36
f 203/9134/36 202/9135/36 201/9062/36
f 201/9062/36 199/9116/36 217/9063/36
f 199/9116/36 196/9118/36 217/9063/36
f 217/9063/36 215/9123/36 209/9129/36
f 215/9123/36 213/9125/36 209/9129/36
f 213/9125/36 211/9127/36 209/9129/36
f 209/9129/36 207/9131/36 205/9061/36
f 209/9129/36 205/9061/36 217/9063/36
f 280/9066/36 281/9136/36 282/9137/36
f 282/9137/36 283/9138/36 280/9066/36
f 283/9138/36 284/9139/36 280/9066/36
f 284/9139/36 285/9140/36 288/9141/36
f 285/9140/36 286/9142/36 288/9141/36
f 286/9142/36 287/9143/36 288/9141/36
f 288/9141/36 289/9144/36 269/9064/36
f 289/9144/36 290/9145/36 269/9064/36
f 290/9145/36 291/9146/36 269/9064/36
f 269/9064/36 268/9147/36 270/9148/36
f 270/9148/36 271/9149/36 269/9064/36
f 271/9149/36 272/9065/36 269/9064/36
f 272/9065/36 273/9150/36 274/9151/36
f 274/9151/36 275/9152/36 276/9153/36
f 276/9153/36 277/9154/36 280/9066/36
f 277/9154/36 278/9155/36 280/9066/36
f 278/9155/36 279/9156/36 280/9066/36
f 272/9065/36 274/9151/36 280/9066/36
f 274/9151/36 276/9153/36 280/9066/36
f 280/9066/36 284/9139/36 288/9141/36
f 288/9141/36 269/9064/36 280/9066/36
f 521/9069/36 520/9157/36 518/9158/36
f 518/9158/36 519/9159/36 541/9160/36
f 541/9160/36 540/9161/36 539/9162/36
f 539/9162/36 538/9163/36 537/9164/36
f 537/9164/36 536/9165/36 535/9166/36
f 535/9166/36 534/9167/36 533/9067/36
f 533/9067/36 532/9168/36 529/9068/36
f 532/9168/36 531/9169/36 529/9068/36
f 531/9169/36 530/9170/36 529/9068/36
f 529/9068/36 528/9171/36 527/9172/36
f 527/9172/36 526/9173/36 525/9174/36
f 525/9174/36 524/9175/36 521/9069/36
f 524/9175/36 523/9176/36 521/9069/36
f 523/9176/36 522/9177/36 521/9069/36
f 521/9069/36 518/9158/36 537/9164/36
f 518/9158/36 541/9160/36 537/9164/36
f 541/9160/36 539/9162/36 537/9164/36
f 537/9164/36 535/9166/36 533/9067/36
f 529/9068/36 527/9172/36 521/9069/36
f 527/9172/36 525/9174/36 521/9069/36
f 537/9164/36 533/9067/36 521/9069/36
f 590/9072/36 592/9178/36 593/9179/36
f 593/9179/36 594/9180/36 595/9181/36
f 595/9181/36 596/9182/36 599/9070/36
f 596/9182/36 597/9183/36 599/9070/36
f 597/9183/36 598/9184/36 599/9070/36
f 599/9070/36 600/9185/36 603/9186/36
f 600/9185/36 601/9187/36 603/9186/36
f 601/9187/36 602/9188/36 603/9186/36
f 603/9186/36 604/9189/36 605/9190/36
f 605/9190/36 606/9191/36 607/9071/36
f 607/9071/36 608/9192/36 609/9193/36
f 609/9193/36 610/9194/36 611/9195/36
f 611/9195/36 612/9196/36 613/9197/36
f 613/9197/36 591/9198/36 611/9195/36
f 591/9198/36 590/9072/36 611/9195/36
f 590/9072/36 593/9179/36 599/9070/36
f 593/9179/36 595/9181/36 599/9070/36
f 603/9186/36 605/9190/36 599/9070/36
f 605/9190/36 607/9071/36 599/9070/36
f 607/9071/36 609/9193/36 590/9072/36
f 609/9193/36 611/9195/36 590/9072/36
f 6237/9199/36 6259/9200/36 6224/9201/36
f 6237/9202/36 6224/9203/36 6235/9204/36
f 6203/9205/36 6236/9206/36 6204/9207/36
f 6260/9208/36 6240/9209/36 6272/9210/36
f 6267/9211/36 6259/9212/36 6268/9213/36
f 6237/9199/36 6202/9214/36 6268/9215/36
f 6257/9216/36 6246/9217/36 6256/9218/36
f 6239/9219/36 6259/9212/36 6272/9220/36
f 6272/9220/36 6259/9212/36 6267/9211/36
f 6240/9209/36 6239/9219/36 6272/9220/36
f 6257/9216/36 6256/9218/36 6255/9221/36
f 6201/9222/36 6238/9223/36 6270/9224/36 6273/9225/36
f 6257/9216/36 6255/9221/36 6248/9226/36
f 6235/9204/36 6224/9203/36 6236/9206/36
f 6229/9227/36 6263/9228/36 6271/9229/36
f 6271/9230/36 6270/9224/36 6213/9231/36
f 6225/9232/36 6224/9201/36 6259/9200/36 6257/9233/36
f 6218/9234/36 6248/9226/36 6258/9235/36
f 6212/9236/36 6209/9237/36 6215/9238/36 6223/9239/36
f 6230/9240/36 6229/9227/36 6213/9241/36
f 6229/9242/36 6271/9230/36 6213/9231/36
f 6218/9234/36 6225/9232/36 6257/9233/36
f 6258/9235/36 6262/9243/36 6218/9234/36
f 6262/9243/36 6261/9244/36 6218/9234/36
f 6201/9222/36 6202/9214/36 6200/9245/36
f 6238/9223/36 6213/9231/36 6270/9224/36
f 6205/9246/36 6204/9247/36 6236/9206/36
f 6224/9203/36 6205/9246/36 6236/9206/36
f 6261/9244/36 6264/9248/36 6218/9234/36
f 6264/9248/36 6242/9249/36 6218/9234/36
f 6206/9250/36 6216/9251/611 6207/9252/36
f 6210/9253/36 6225/9254/36 6214/9255/36
f 6217/9256/36 6221/9257/36 6214/9258/612
f 6227/9259/36 6220/9260/36 6219/9261/36 6226/9262/36
f 6269/9263/36 6264/9248/36 6261/9244/36 6247/9264/36
f 6226/9262/36 6212/9236/36 6218/9234/36
f 6212/9236/36 6223/9239/36 6225/9254/36
f 6218/9234/36 6227/9259/36 6226/9262/36
f 6244/9265/36 6248/9226/36 6255/9221/36 6245/9266/36
f 6227/9259/36 6218/9234/36 6228/9267/36
f 6206/9250/36 6234/9268/36 6218/9234/36 6216/9251/36
f 6234/9268/36 6228/9267/36 6218/9234/36
f 6231/9269/36 6232/9270/36 6216/9251/36
f 6218/9234/36 6212/9236/36 6225/9254/36
f 6217/9256/36 6225/9254/36 6223/9239/36
f 6246/9217/36 6251/9271/36 6256/9218/36
f 6254/9272/36 6256/9218/36 6251/9273/36
f 6251/9271/36 6246/9217/36 6265/9274/36 6243/9275/36
f 6237/9199/36 6268/9276/36 6259/9200/36
f 6237/9199/36 6200/9245/36 6202/9214/36
f 6201/9222/36 6273/9225/36 6202/9214/36
f 6249/9277/36 6262/9243/36 6258/9235/36 6250/9278/36
f 6231/9269/36 6216/9251/36 6218/9234/36
f 6217/9256/36 6214/9279/36 6225/9254/36
f 6218/9234/36 6257/9216/36 6248/9226/36
f 6234/9268/36 6233/9280/36 6211/9281/36 6228/9267/36
f 6222/9282/36 6210/9253/36 6214/9255/36 6208/9283/36
f 6218/9234/36 6242/9249/36 6253/9284/36
f 6253/9284/613 6242/9249/36 6241/9285/36
f 6253/9284/36 6252/9286/36 6266/9287/36 6218/9234/36
o Collider_Cylinder
v 3.509274 0.000000 -1.621177
v 3.509274 1.473877 -1.621177
v 3.607447 0.000000 -1.564497
v 3.607447 1.473877 -1.564497
v 3.607447 0.000000 -1.451138
v 3.607447 1.473877 -1.451138
v 3.509274 0.000000 -1.394458
v 3.509274 1.473877 -1.394458
v 3.411102 0.000000 -1.451138
v 3.411102 1.473877 -1.451138
v 3.411102 0.000000 -1.564497
v 3.411102 1.473877 -1.564497
v 2.907337 0.000000 -2.022606
v 2.907337 1.473877 -2.022606
v 3.005509 0.000000 -1.965927
v 3.005509 1.473877 -1.965926
v 3.005509 0.000000 -1.852567
v 3.005509 1.473877 -1.852567
v 2.907337 0.000000 -1.795887
v 2.907337 1.473877 -1.795887
v 2.809165 0.000000 -1.852567
v 2.809165 1.473877 -1.852567
v 2.809165 0.000000 -1.965927
v 2.809165 1.473877 -1.965926
v 2.202903 0.000000 -2.060441
v 2.202903 1.473877 -2.060441
v 2.301075 0.000000 -2.003761
v 2.301075 1.473877 -2.003761
v 2.301075 0.000000 -1.890401
v 2.301075 1.473877 -1.890401
v 2.202903 0.000000 -1.833721
v 2.202903 1.473877 -1.833721
v 2.104731 0.000000 -1.890401
v 2.104731 1.473877 -1.890401
v 2.104731 0.000000 -2.003761
v 2.104731 1.473877 -2.003761
v 3.509274 0.000000 1.621177
v 3.509274 1.473877 1.621177
v 3.607447 0.000000 1.564497
v 3.607447 1.473877 1.564497
v 3.607447 0.000000 1.451138
v 3.607447 1.473877 1.451138
v 3.509274 0.000000 1.394458
v 3.509274 1.473877 1.394458
v 3.411102 0.000000 1.451138
v 3.411102 1.473877 1.451138
v 3.411102 0.000000 1.564497
v 3.411102 1.473877 1.564497
v 2.907337 0.000000 2.022606
v 2.907337 1.473877 2.022606
v 3.005509 0.000000 1.965927
v 3.005509 1.473877 1.965927
v 3.005509 0.000000 1.852567
v 3.005509 1.473877 1.852567
v 2.907337 0.000000 1.795887
v 2.907337 1.473877 1.795887
v 2.809165 0.000000 1.852567
v 2.809165 1.473877 1.852567
v 2.809165 0.000000 1.965927
v 2.809165 1.473877 1.965927
v 2.202903 0.000000 2.060441
v 2.202903 1.473877 2.060441
v 2.301075 0.000000 2.003761
v 2.301075 1.473877 2.003761
v 2.301075 0.000000 1.890401
v 2.301075 1.473877 1.890401
v 2.202903 0.000000 1.833722
v 2.202903 1.473877 1.833722
v 2.104731 0.000000 1.890401
v 2.104731 1.473877 1.890401
v 2.104731 0.000000 2.003761
v 2.104731 1.473877 2.003761
v -1.498035 -0.000000 -6.551549
v -1.493293 1.738330 -7.204397
v 1.468542 -0.000000 -6.988851
v 1.468542 5.135673 -6.988851
v -1.492122 -0.000000 0.000000
v 2.883788 -0.000000 0.000000
v 2.897023 5.135673 0.000000
v -1.498035 -0.000000 -7.204397
v 1.261793 -0.000000 -7.204397
v 1.261793 5.135673 -7.204397
v -8.626898 -0.000000 -6.551549
v -8.626898 -0.000000 0.000000
v -10.060026 -0.000000 0.000000
v -8.626898 -0.000000 -7.203173
v -10.060026 -0.000000 -7.203173
v -1.498035 1.738330 -6.551549
v 1.468542 1.738330 -6.988851
v 2.897023 1.738330 0.000000
v 1.261793 1.738330 -7.204397
v -8.626898 1.738330 -6.551549
v -10.060026 1.738330 0.000000
v -8.626898 1.738330 -7.203173
v -10.060026 1.738330 -7.203173
v -1.493293 1.738330 -9.617480
v -8.626898 1.738330 -9.617480
v -1.493293 1.738330 -11.526433
v -8.626898 1.738330 -11.526433
v -1.493294 -0.000000 -9.617480
v -8.626898 -0.000000 -9.617480
v -1.493294 -0.000000 -11.526433
v -8.626898 -0.000000 -11.526433
v 1.696646 5.135673 0.000000
v 0.066636 5.135673 -7.204397
v 0.295201 5.135673 -6.991212
v 1.696646 10.820137 0.000000
v -1.794555 10.158570 -6.941040
v -9.763506 10.158570 0.000000
v -8.330378 10.158571 -9.617480
v -1.493293 10.158571 -9.617480
v -8.330378 10.158571 -11.229914
v -1.794555 10.158571 -11.229914
v 1.696646 10.158571 0.000000
v -0.001320 10.158570 -6.941040
v 0.066636 10.158570 -7.204397
v -8.330378 10.158570 -6.906653
v -10.060026 10.158570 0.000000
v -9.763506 10.158570 -6.906653
v 0.295201 5.135673 -2.181921
v -0.001320 10.158571 -2.043066
v 1.177577 5.135673 -1.454614
v 1.554968 5.135673 -0.727307
v 0.932000 10.158571 -1.265066
v 1.259779 10.158571 -0.633370
v -8.626898 10.158571 -9.617480
v -8.626898 10.158570 -7.203173
v -8.330378 9.793463 -9.617480
v -1.794555 9.793463 -6.941040
v -8.626898 10.158571 -11.526433
v -1.493293 10.158571 -11.526433
v -1.794555 10.158571 -9.617480
v -1.493293 10.158570 -7.204397
v 1.313266 10.158571 0.000000
v 0.295201 10.158570 -6.991212
v 1.554968 10.158571 -0.727307
v -10.060026 10.158570 -7.203173
v 0.295201 10.158571 -2.181921
v -1.492122 9.793463 0.000000
v 1.177577 10.158571 -1.454614
v -1.794555 9.793463 -9.617480
v -8.330378 9.793463 -6.906653
v 0.932000 9.793463 -1.265066
v 1.259779 9.793463 -0.633370
v -9.763506 9.793463 0.000000
v -8.330378 9.793463 -11.229914
v -1.794555 9.793463 -11.229914
v 1.554968 10.820137 -0.727307
v -0.001320 9.793463 -6.941040
v 1.313266 9.793463 0.000000
v -9.763506 9.793463 -6.906653
v -0.001320 9.793463 -2.043066
v 1.177577 10.820137 -1.454614
v 1.259779 10.820137 -0.633370
v 1.313266 10.820137 0.000000
v -0.001320 10.820137 -2.043066
v 0.932000 10.820137 -1.265066
v 0.295201 10.158571 -3.604013
v -0.001320 10.158571 -3.604013
v 0.295201 10.820137 -3.604013
v 0.295201 10.820137 -2.181921
v -0.001320 10.820137 -3.604013
v 1.468542 5.135673 -2.220474
v 1.468542 1.738330 -2.220474
v 1.468542 -0.000000 -2.220474
v 2.344589 5.135673 -1.480316
v 2.745058 5.135673 -0.740158
v 2.344589 1.738330 -1.480316
v 2.745058 1.738330 -0.740158
v 2.723027 -0.000000 -0.740158
v 2.322559 -0.000000 -1.480316
v 0.295201 5.135673 0.000000
v 4.545234 1.820087 0.000000
v 4.545234 1.448003 0.000000
v 3.129988 1.820087 -2.220474
v 3.129988 1.448003 -2.220474
v 3.984005 1.820087 -1.480316
v 4.384473 1.820087 -0.740158
v 3.984005 1.448003 -1.480316
v 4.384473 1.448003 -0.740158
v 2.679395 1.820087 -0.740158
v 2.840156 1.820087 0.000000
v 2.840156 1.448003 0.000000
v 2.679395 1.448003 -0.740158
v 1.424910 1.820087 -2.220474
v 1.424910 1.448003 -2.220474
v 2.278927 1.820087 -1.480316
v 2.278927 1.448003 -1.480316
v -1.498035 -0.000000 6.551550
v -1.493293 1.738330 7.204397
v 1.468542 -0.000000 6.988852
v 1.468542 5.135673 6.988852
v -1.498035 -0.000000 7.204397
v 1.261793 -0.000000 7.204397
v 1.261793 5.135673 7.204397
v -8.626898 -0.000000 6.551550
v -8.626898 -0.000000 7.203174
v -10.060026 -0.000000 7.203174
v -1.498035 1.738330 6.551550
v 1.468542 1.738330 6.988852
v 1.261793 1.738330 7.204397
v -8.626898 1.738330 6.551550
v -8.626898 1.738330 7.203174
v -10.060026 1.738330 7.203174
v -1.493293 1.738330 9.617481
v -8.626898 1.738330 9.617481
v -1.493293 1.738330 11.526434
v -8.626898 1.738330 11.526434
v -1.493294 -0.000000 9.617480
v -8.626898 -0.000000 9.617480
v -1.493294 -0.000000 11.526433
v -8.626898 -0.000000 11.526433
v 0.066636 5.135673 7.204397
v 0.295201 5.135673 6.991212
v -1.794555 10.158570 6.941041
v -8.330378 10.158571 9.617481
v -1.493293 10.158571 9.617481
v -8.330378 10.158571 11.229914
v -1.794555 10.158571 11.229914
v -0.001320 10.158570 6.941041
v 0.066636 10.158570 7.204397
v -8.330378 10.158570 6.906653
v -9.763506 10.158570 6.906653
v 0.295201 5.135673 2.181922
v -0.001320 10.158571 2.043066
v 1.177577 5.135673 1.454615
v 1.554968 5.135673 0.727307
v 0.932000 10.158571 1.265066
v 1.259779 10.158571 0.633370
v -8.626898 10.158571 9.617481
v -8.626898 10.158570 7.203174
v -8.330378 9.793463 9.617481
v -1.794555 9.793463 6.941041
v -8.626898 10.158571 11.526434
v -1.493293 10.158571 11.526434
v -1.794555 10.158571 9.617481
v -1.493293 10.158570 7.204397
v 0.295201 10.158570 6.991212
v 1.554968 10.158571 0.727307
v -10.060026 10.158570 7.203174
v 0.295201 10.158571 2.181922
v 1.177577 10.158571 1.454615
v -1.794555 9.793463 9.617481
v -8.330378 9.793463 6.906653
v 0.932000 9.793463 1.265066
v 1.259779 9.793463 0.633370
v -8.330378 9.793463 11.229914
v -1.794555 9.793463 11.229914
v 1.554968 10.820137 0.727307
v -0.001320 9.793463 6.941041
v -9.763506 9.793463 6.906653
v -0.001320 9.793463 2.043066
v 1.177577 10.820137 1.454615
v 1.259779 10.820137 0.633370
v -0.001320 10.820137 2.043066
v 0.932000 10.820137 1.265066
v 0.295201 10.158571 3.604013
v -0.001320 10.158571 3.604013
v 0.295201 10.820137 3.604013
v 0.295201 10.820137 2.181922
v -0.001320 10.820137 3.604013
v 1.468542 5.135673 2.220474
v 1.468542 1.738330 2.220474
v 1.468542 -0.000000 2.220474
v 2.344589 5.135673 1.480316
v 2.745058 5.135673 0.740158
v 2.344589 1.738330 1.480316
v 2.745058 1.738330 0.740158
v 2.723027 -0.000000 0.740158
v 2.322559 -0.000000 1.480316
v 3.129988 1.820087 2.220474
v 3.129988 1.448003 2.220474
v 3.984005 1.820087 1.480316
v 4.384473 1.820087 0.740158
v 3.984005 1.448003 1.480316
v 4.384473 1.448003 0.740158
v 2.679395 1.820087 0.740158
v 2.679395 1.448003 0.740158
v 1.424910 1.820087 2.220474
v 1.424910 1.448003 2.220474
v 2.278927 1.820087 1.480316
v 2.278927 1.448003 1.480316
v -7.080373 9.762972 -6.835790
v -7.080373 11.269092 -6.835790
v -7.080373 9.762972 -9.970605
v -7.080373 11.269092 -9.970605
v -3.277271 9.762972 -6.835790
v -3.277271 11.269092 -6.835790
v -3.277271 9.762972 -9.970605
v -3.277271 11.269092 -9.970605
v -7.080372 9.762972 6.835789
v -7.080372 11.269091 6.835789
v -7.080372 9.762972 9.970603
v -7.080372 11.269091 9.970603
v -3.277270 9.762972 6.835789
v -3.277270 11.269091 6.835789
v -3.277270 9.762972 9.970603
v -3.277270 11.269091 9.970603
v 3.654457 2.251446 0.264077
v 3.654457 2.779603 0.264078
v 3.654457 2.779603 -0.264079
v 3.654457 2.251446 -0.264080
v 3.875854 2.251446 -0.264080
v 3.875854 2.779603 -0.264079
v 3.875854 2.779603 0.264078
v 3.875854 2.251446 0.264077
v 3.875854 2.251446 0.793090
v 3.875854 2.779603 0.793090
v 3.654457 2.779603 0.793090
v 3.654457 2.251446 0.793090
v 3.654457 2.251446 -0.793092
v 3.654457 2.779603 -0.793092
v 3.875853 2.779603 -0.793092
v 3.875853 2.251446 -0.793092
v 3.654457 1.722434 0.264077
v 3.654457 1.722434 -0.264080
v 3.875854 1.722434 -0.264080
v 3.875854 1.722434 0.264077
v 3.654457 3.308615 -0.264079
v 3.654457 3.308615 0.264078
v 3.875854 3.308615 0.264078
v 3.875854 3.308615 -0.264079
vt 1.000000 0.500000
vt 1.000000 1.000000
vt 0.833333 1.000000
vt 0.833333 0.500000
vt 0.666667 1.000000
vt 0.666667 0.500000
vt 0.500000 1.000000
vt 0.500000 0.500000
vt 0.333333 1.000000
vt 0.333333 0.500000
vt 0.457846 0.370000
vt 0.250000 0.490000
vt 0.042154 0.370000
vt 0.042154 0.130000
vt 0.250000 0.010000
vt 0.457846 0.130000
vt 0.166667 1.000000
vt 0.166667 0.500000
vt -0.000000 1.000000
vt -0.000000 0.500000
vt 0.750000 0.490000
vt 0.957846 0.370000
vt 0.957846 0.130000
vt 0.750000 0.010000
vt 0.542154 0.130000
vt 0.542154 0.370000
vt 1.000000 0.500000
vt 1.000000 1.000000
vt 0.833333 1.000000
vt 0.833333 0.500000
vt 0.666667 1.000000
vt 0.666667 0.500000
vt 0.500000 1.000000
vt 0.500000 0.500000
vt 0.333333 1.000000
vt 0.333333 0.500000
vt 0.457846 0.370000
vt 0.250000 0.490000
vt 0.042154 0.370000
vt 0.042154 0.130000
vt 0.250000 0.010000
vt 0.457846 0.130000
vt 0.166667 1.000000
vt 0.166667 0.500000
vt -0.000000 1.000000
vt -0.000000 0.500000
vt 0.750000 0.490000
vt 0.957846 0.370000
vt 0.957846 0.130000
vt 0.750000 0.010000
vt 0.542154 0.130000
vt 0.542154 0.370000
vt 1.000000 0.500000
vt 1.000000 1.000000
vt 0.833333 1.000000
vt 0.833333 0.500000
vt 0.666667 1.000000
vt 0.666667 0.500000
vt 0.500000 1.000000
vt 0.500000 0.500000
vt 0.333333 1.000000
vt 0.333333 0.500000
vt 0.457846 0.370000
vt 0.250000 0.490000
vt 0.042154 0.370000
vt 0.042154 0.130000
vt 0.250000 0.010000
vt 0.457846 0.130000
vt 0.166667 1.000000
vt 0.166667 0.500000
vt -0.000000 1.000000
vt -0.000000 0.500000
vt 0.750000 0.490000
vt 0.957846 0.370000
vt 0.957846 0.130000
vt 0.750000 0.010000
vt 0.542154 0.130000
vt 0.542154 0.370000
vt 1.000000 0.500000
vt 0.833333 0.500000
vt 0.833333 1.000000
vt 1.000000 1.000000
vt 0.666667 0.500000
vt 0.666667 1.000000
vt 0.500000 0.500000
vt 0.500000 1.000000
vt 0.333333 0.500000
vt 0.333333 1.000000
vt 0.457846 0.370000
vt 0.457846 0.130000
vt 0.250000 0.010000
vt 0.042154 0.130000
vt 0.042154 0.370000
vt 0.250000 0.490000
vt 0.166667 0.500000
vt 0.166667 1.000000
vt -0.000000 0.500000
vt -0.000000 1.000000
vt 0.750000 0.490000
vt 0.542154 0.370000
vt 0.542154 0.130000
vt 0.750000 0.010000
vt 0.957846 0.130000
vt 0.957846 0.370000
vt 1.000000 0.500000
vt 0.833333 0.500000
vt 0.833333 1.000000
vt 1.000000 1.000000
vt 0.666667 0.500000
vt 0.666667 1.000000
vt 0.500000 0.500000
vt 0.500000 1.000000
vt 0.333333 0.500000
vt 0.333333 1.000000
vt 0.457846 0.370000
vt 0.457846 0.130000
vt 0.250000 0.010000
vt 0.042154 0.130000
vt 0.042154 0.370000
vt 0.250000 0.490000
vt 0.166667 0.500000
vt 0.166667 1.000000
vt -0.000000 0.500000
vt -0.000000 1.000000
vt 0.750000 0.490000
vt 0.542154 0.370000
vt 0.542154 0.130000
vt 0.750000 0.010000
vt 0.957846 0.130000
vt 0.957846 0.370000
vt 1.000000 0.500000
vt 0.833333 0.500000
vt 0.833333 1.000000
vt 1.000000 1.000000
vt 0.666667 0.500000
vt 0.666667 1.000000
vt 0.500000 0.500000
vt 0.500000 1.000000
vt 0.333333 0.500000
vt 0.333333 1.000000
vt 0.457846 0.370000
vt 0.457846 0.130000
vt 0.250000 0.010000
vt 0.042154 0.130000
vt 0.042154 0.370000
vt 0.250000 0.490000
vt 0.166667 0.500000
vt 0.166667 1.000000
vt -0.000000 0.500000
vt -0.000000 1.000000
vt 0.750000 0.490000
vt 0.542154 0.370000
vt 0.542154 0.130000
vt 0.750000 0.010000
vt 0.957846 0.130000
vt 0.957846 0.370000
vt 0.459620 0.250000
vt 0.375000 0.250000
vt 0.375000 0.250000
vt 0.459620 0.250000
vt 0.459620 0.500000
vt 0.375000 0.500000
vt 0.375000 0.500000
vt 0.459620 0.500000
vt 0.625000 0.598318
vt 0.625000 0.584977
vt 0.726595 0.585640
vt 0.125000 0.500000
vt 0.375000 0.585285
vt 0.375000 0.598524
vt 0.375000 0.611762
vt 0.375000 0.625000
vt 0.125000 0.625000
vt 0.625000 0.500000
vt 0.459620 0.585188
vt 0.625000 0.250000
vt 0.625000 0.391736
vt 0.625000 0.500000
vt 0.125000 0.500000
vt 0.125000 0.625000
vt 0.125000 0.500000
vt 0.625000 0.250000
vt 0.625000 0.250000
vt 0.625000 0.250000
vt 0.625000 0.250000
vt 0.125000 0.625000
vt 0.125000 0.500000
vt 0.459620 0.250000
vt 0.375000 0.250000
vt 0.375000 0.250000
vt 0.459620 0.250000
vt 0.125000 0.500000
vt 0.875000 0.505146
vt 0.875000 0.619854
vt 0.875000 0.619854
vt 0.875000 0.505146
vt 0.375000 0.125000
vt 0.459620 0.125000
vt 0.459620 0.250000
vt 0.375000 0.250000
vt 0.459620 0.250000
vt 0.459620 0.250000
vt 0.459620 0.250000
vt 0.459620 0.250000
vt 0.625000 0.250000
vt 0.459620 0.250000
vt 0.459620 0.250000
vt 0.459620 0.250000
vt 0.459620 0.250000
vt 0.727597 0.598760
vt 0.726535 0.584861
vt 0.727557 0.598241
vt 0.733264 0.500000
vt 0.720052 0.500000
vt 0.875000 0.500000
vt 0.875000 0.505146
vt 0.875000 0.505146
vt 0.875000 0.500000
vt 0.742017 0.587416
vt 0.742049 0.601728
vt 0.727557 0.598241
vt 0.726535 0.584861
vt 0.625000 0.250000
vt 0.625000 0.250000
vt 0.625000 0.250000
vt 0.875000 0.500000
vt 0.875000 0.500000
vt 0.720052 0.500000
vt 0.733264 0.500000
vt 0.625000 0.391736
vt 0.625000 0.125000
vt 0.625000 0.250000
vt 0.724622 0.559811
vt 0.743031 0.619545
vt 0.742936 0.613348
vt 0.742936 0.613348
vt 0.743031 0.619545
vt 0.745939 0.505238
vt 0.875000 0.500000
vt 0.875000 0.500000
vt 0.745939 0.505238
vt 0.742049 0.601728
vt 0.742049 0.601728
vt 0.742017 0.587416
vt 0.742017 0.587416
vt 0.875000 0.500000
vt 0.875000 0.500000
vt 0.729602 0.625000
vt 0.728599 0.611880
vt 0.728579 0.611620
vt 0.729602 0.625000
vt 0.875000 0.500000
vt 0.875000 0.500000
vt 0.875000 0.500000
vt 0.875000 0.500000
vt 0.875000 0.500000
vt 0.875000 0.500000
vt 0.875000 0.500000
vt 0.875000 0.500000
vt 0.875000 0.500000
vt 0.743269 0.561185
vt 0.875000 0.500000
vt 0.875000 0.625000
vt 0.862841 0.619545
vt 0.872412 0.619545
vt 0.875000 0.504569
vt 0.868032 0.619545
vt 0.742936 0.613348
vt 0.743031 0.619545
vt 0.729602 0.625000
vt 0.728579 0.611620
vt 0.724622 0.559811
vt 0.743269 0.561185
vt 0.459620 0.598458
vt 0.459620 0.611729
vt 0.459620 0.625000
vt 0.625000 0.611659
vt 0.625000 0.625000
vt 0.726595 0.585640
vt 0.459620 0.585188
vt 0.625000 0.584977
vt 0.625000 0.598318
vt 0.459620 0.598458
vt 0.459620 0.611729
vt 0.625000 0.611659
vt 0.625000 0.625000
vt 0.459620 0.625000
vt 0.459620 0.585188
vt 0.459620 0.598458
vt 0.625000 0.598318
vt 0.625000 0.584977
vt 0.459620 0.611729
vt 0.459620 0.625000
vt 0.625000 0.625000
vt 0.625000 0.611659
vt 0.459620 0.250000
vt 0.459620 0.250000
vt 0.375000 0.250000
vt 0.375000 0.250000
vt 0.459620 0.500000
vt 0.459620 0.500000
vt 0.375000 0.500000
vt 0.375000 0.500000
vt 0.625000 0.598318
vt 0.726595 0.585640
vt 0.625000 0.584977
vt 0.125000 0.500000
vt 0.375000 0.611762
vt 0.375000 0.598524
vt 0.375000 0.585285
vt 0.459620 0.585188
vt 0.625000 0.500000
vt 0.625000 0.250000
vt 0.625000 0.500000
vt 0.625000 0.391736
vt 0.125000 0.500000
vt 0.125000 0.500000
vt 0.625000 0.250000
vt 0.625000 0.250000
vt 0.625000 0.250000
vt 0.625000 0.250000
vt 0.125000 0.500000
vt 0.459620 0.250000
vt 0.459620 0.250000
vt 0.375000 0.250000
vt 0.375000 0.250000
vt 0.125000 0.500000
vt 0.875000 0.505146
vt 0.875000 0.505146
vt 0.375000 0.250000
vt 0.459620 0.250000
vt 0.459620 0.250000
vt 0.459620 0.250000
vt 0.459620 0.250000
vt 0.459620 0.250000
vt 0.625000 0.250000
vt 0.459620 0.250000
vt 0.459620 0.250000
vt 0.459620 0.250000
vt 0.459620 0.250000
vt 0.727597 0.598760
vt 0.727557 0.598241
vt 0.726535 0.584861
vt 0.733264 0.500000
vt 0.720052 0.500000
vt 0.875000 0.500000
vt 0.875000 0.500000
vt 0.875000 0.505146
vt 0.875000 0.505146
vt 0.742017 0.587416
vt 0.726535 0.584861
vt 0.727557 0.598241
vt 0.742049 0.601728
vt 0.625000 0.250000
vt 0.625000 0.250000
vt 0.625000 0.250000
vt 0.720052 0.500000
vt 0.875000 0.500000
vt 0.875000 0.500000
vt 0.733264 0.500000
vt 0.625000 0.391736
vt 0.625000 0.250000
vt 0.724622 0.559811
vt 0.742936 0.613348
vt 0.742936 0.613348
vt 0.745939 0.505238
vt 0.745939 0.505238
vt 0.875000 0.500000
vt 0.875000 0.500000
vt 0.742049 0.601728
vt 0.742049 0.601728
vt 0.742017 0.587416
vt 0.742017 0.587416
vt 0.875000 0.500000
vt 0.875000 0.500000
vt 0.728579 0.611620
vt 0.728599 0.611880
vt 0.875000 0.500000
vt 0.875000 0.500000
vt 0.875000 0.500000
vt 0.875000 0.500000
vt 0.875000 0.500000
vt 0.875000 0.500000
vt 0.875000 0.500000
vt 0.875000 0.500000
vt 0.875000 0.500000
vt 0.743269 0.561185
vt 0.875000 0.500000
vt 0.875000 0.504569
vt 0.742936 0.613348
vt 0.728579 0.611620
vt 0.724622 0.559811
vt 0.743269 0.561185
vt 0.459620 0.598458
vt 0.459620 0.611729
vt 0.625000 0.611659
vt 0.459620 0.585188
vt 0.459620 0.598458
vt 0.625000 0.598318
vt 0.625000 0.584977
vt 0.459620 0.611729
vt 0.625000 0.611659
vt 0.459620 0.585188
vt 0.625000 0.584977
vt 0.625000 0.598318
vt 0.459620 0.598458
vt 0.459620 0.611729
vt 0.625000 0.611659
vt 0.375000 0.000000
vt 0.625000 0.000000
vt 0.625000 0.250000
vt 0.375000 0.250000
vt 0.625000 0.500000
vt 0.375000 0.500000
vt 0.625000 0.750000
vt 0.375000 0.750000
vt 0.625000 1.000000
vt 0.375000 1.000000
vt 0.125000 0.500000
vt 0.125000 0.750000
vt 0.875000 0.500000
vt 0.875000 0.750000
vt 0.375000 0.000000
vt 0.375000 0.250000
vt 0.625000 0.250000
vt 0.625000 0.000000
vt 0.375000 0.500000
vt 0.625000 0.500000
vt 0.375000 0.750000
vt 0.625000 0.750000
vt 0.375000 1.000000
vt 0.625000 1.000000
vt 0.125000 0.500000
vt 0.125000 0.750000
vt 0.875000 0.750000
vt 0.875000 0.500000
vt 0.094199 0.906250
vt 0.094199 0.906250
vt 0.094199 0.906250
vt 0.094199 0.906250
vt 0.094199 0.906250
vt 0.094199 0.906250
vt 0.094199 0.906250
vt 0.094199 0.906250
vt 0.094199 0.906249
vt 0.094199 0.906249
vt 0.094199 0.906250
vt 0.094199 0.906250
vt 0.094199 0.906250
vt 0.094199 0.906250
vt 0.094199 0.906250
vt 0.094199 0.906250
vt 0.094199 0.906250
vt 0.094199 0.906250
vt 0.094199 0.906250
vt 0.094199 0.906250
vt 0.094199 0.906250
vt 0.094199 0.906250
vt 0.094199 0.906250
vt 0.094199 0.906250
vn 0.5000 0.0000 -0.8660
vn 1.0000 0.0000 0.0000
vn 0.5000 0.0000 0.8660
vn -0.5000 0.0000 0.8660
vn 0.0000 1.0000 0.0000
vn -1.0000 0.0000 0.0000
vn -0.5000 0.0000 -0.8660
vn 0.0000 -1.0000 0.0000
vn 0.0000 0.0000 -1.0000
vn 0.7217 0.0000 -0.6922
vn -1.0000 0.0014 -0.0036
vn 0.0000 0.0000 1.0000
vn 0.6360 0.0000 -0.7717
vn 0.1184 0.0000 -0.9930
vn 0.6821 0.0000 -0.7313
vn -0.9965 0.0000 0.0841
vn -0.8876 0.0000 0.4606
vn -0.6403 0.0000 0.7681
vn 0.9816 0.0000 -0.1912
vn 0.8876 0.0000 -0.4606
vn 0.6454 0.0000 -0.7639
vn 0.9784 -0.0099 -0.2067
vn 0.9796 0.0000 -0.2011
vn 0.8795 0.0000 -0.4759
vn 0.6501 -0.0041 -0.7598
vn 0.8795 -0.0111 -0.4758
vn 0.6549 0.0000 -0.7557
vn 0.9772 0.0000 -0.2122
vn -0.6549 0.0000 0.7557
vn -0.9772 0.0000 0.2122
vn -0.8795 0.0000 0.4759
vn 0.7217 0.0000 0.6922
vn -1.0000 0.0014 0.0036
vn 0.6360 0.0000 0.7717
vn 0.1184 0.0000 0.9930
vn 0.6821 0.0000 0.7313
vn -0.9965 0.0000 -0.0841
vn -0.8876 0.0000 -0.4606
vn -0.6403 0.0000 -0.7681
vn 0.9816 0.0000 0.1912
vn 0.8876 0.0000 0.4606
vn 0.6454 0.0000 0.7639
vn 0.9784 -0.0099 0.2067
vn 0.9796 0.0000 0.2011
vn 0.8795 0.0000 0.4759
vn 0.6501 -0.0041 0.7598
vn 0.8795 -0.0111 0.4758
vn 0.6549 0.0000 0.7557
vn 0.9772 0.0000 0.2122
vn -0.6549 0.0000 -0.7557
vn -0.9772 0.0000 -0.2122
vn -0.8795 0.0000 -0.4759
usemtl Collider
s off
f 6274/9288/614 6275/9289/614 6277/9290/614 6276/9291/614
f 6276/9291/615 6277/9290/615 6279/9292/615 6278/9293/615
f 6278/9293/616 6279/9292/616 6281/9294/616 6280/9295/616
f 6280/9295/617 6281/9294/617 6283/9296/617 6282/9297/617
f 6277/9298/618 6275/9299/618 6285/9300/618 6283/9301/618 6281/9302/618 6279/9303/618
f 6282/9297/619 6283/9296/619 6285/9304/619 6284/9305/619
f 6284/9305/620 6285/9304/620 6275/9306/620 6274/9307/620
f 6274/9308/621 6276/9309/621 6278/9310/621 6280/9311/621 6282/9312/621 6284/9313/621
f 6286/9314/614 6287/9315/614 6289/9316/614 6288/9317/614
f 6288/9317/615 6289/9316/615 6291/9318/615 6290/9319/615
f 6290/9319/616 6291/9318/616 6293/9320/616 6292/9321/616
f 6292/9321/617 6293/9320/617 6295/9322/617 6294/9323/617
f 6289/9324/618 6287/9325/618 6297/9326/618 6295/9327/618 6293/9328/618 6291/9329/618
f 6294/9323/619 6295/9322/619 6297/9330/619 6296/9331/619
f 6296/9331/620 6297/9330/620 6287/9332/620 6286/9333/620
f 6286/9334/621 6288/9335/621 6290/9336/621 6292/9337/621 6294/9338/621 6296/9339/621
f 6298/9340/614 6299/9341/614 6301/9342/614 6300/9343/614
f 6300/9343/615 6301/9342/615 6303/9344/615 6302/9345/615
f 6302/9345/616 6303/9344/616 6305/9346/616 6304/9347/616
f 6304/9347/617 6305/9346/617 6307/9348/617 6306/9349/617
f 6301/9350/618 6299/9351/618 6309/9352/618 6307/9353/618 6305/9354/618 6303/9355/618
f 6306/9349/619 6307/9348/619 6309/9356/619 6308/9357/619
f 6308/9357/620 6309/9356/620 6299/9358/620 6298/9359/620
f 6298/9360/621 6300/9361/621 6302/9362/621 6304/9363/621 6306/9364/621 6308/9365/621
f 6310/9366/616 6312/9367/616 6313/9368/616 6311/9369/616
f 6312/9367/615 6314/9370/615 6315/9371/615 6313/9368/615
f 6314/9370/614 6316/9372/614 6317/9373/614 6315/9371/614
f 6316/9372/620 6318/9374/620 6319/9375/620 6317/9373/620
f 6313/9376/618 6315/9377/618 6317/9378/618 6319/9379/618 6321/9380/618 6311/9381/618
f 6318/9374/619 6320/9382/619 6321/9383/619 6319/9375/619
f 6320/9382/617 6310/9384/617 6311/9385/617 6321/9383/617
f 6310/9386/621 6320/9387/621 6318/9388/621 6316/9389/621 6314/9390/621 6312/9391/621
f 6322/9392/616 6324/9393/616 6325/9394/616 6323/9395/616
f 6324/9393/615 6326/9396/615 6327/9397/615 6325/9394/615
f 6326/9396/614 6328/9398/614 6329/9399/614 6327/9397/614
f 6328/9398/620 6330/9400/620 6331/9401/620 6329/9399/620
f 6325/9402/618 6327/9403/618 6329/9404/618 6331/9405/618 6333/9406/618 6323/9407/618
f 6330/9400/619 6332/9408/619 6333/9409/619 6331/9401/619
f 6332/9408/617 6322/9410/617 6323/9411/617 6333/9409/617
f 6322/9412/621 6332/9413/621 6330/9414/621 6328/9415/621 6326/9416/621 6324/9417/621
f 6334/9418/616 6336/9419/616 6337/9420/616 6335/9421/616
f 6336/9419/615 6338/9422/615 6339/9423/615 6337/9420/615
f 6338/9422/614 6340/9424/614 6341/9425/614 6339/9423/614
f 6340/9424/620 6342/9426/620 6343/9427/620 6341/9425/620
f 6337/9428/618 6339/9429/618 6341/9430/618 6343/9431/618 6345/9432/618 6335/9433/618
f 6342/9426/619 6344/9434/619 6345/9435/619 6343/9427/619
f 6344/9434/617 6334/9436/617 6335/9437/617 6345/9435/617
f 6334/9438/621 6344/9439/621 6342/9440/621 6340/9441/621 6338/9442/621 6336/9443/621
f 6361/9444/622 6346/9445/622 6356/9446/622 6365/9447/622
f 6362/9448/623 6348/9449/623 6354/9450/623 6364/9451/623
f 6439/9452/618 6436/9453/618 6393/9454/618
f 6346/9455/621 6348/9449/621 6438/9456/621 6444/9457/621 6443/9458/621 6351/9459/621 6350/9460/621
f 6362/9448/615 6349/9461/615 6436/9453/615 6437/9462/615
f 6347/9463/622 6378/9464/622 6355/9465/622 6364/9451/622
f 6348/9449/621 6346/9455/621 6353/9466/621 6354/9450/621
f 6346/9455/621 6350/9460/621 6357/9467/621 6356/9468/621
f 6369/9469/615 6371/9470/615 6404/9471/615 6384/9472/615
f 6356/9468/621 6357/9467/621 6358/9473/621 6360/9474/621
f 6367/9475/622 6359/9476/622 6360/9477/622 6368/9478/622
f 6356/9468/621 6360/9474/621 6359/9479/621
f 6365/9447/615 6356/9446/615 6359/9476/615 6367/9475/615
f 6392/9480/615 6382/9481/615 6418/9482/615 6424/9483/615
f 6358/9484/619 6366/9485/619 6368/9478/619 6360/9477/619
f 6346/9445/624 6361/9444/624 6347/9486/624 6353/9487/624
f 6353/9487/622 6347/9486/622 6364/9451/622 6354/9450/622
f 6348/9449/615 6362/9448/615 6437/9462/615 6438/9456/615
f 6349/9461/623 6362/9448/623 6364/9451/623 6355/9465/623
f 6365/9447/625 6370/9488/625 6367/9475/625
f 6369/9489/625 6370/9488/625 6374/9490/625 6373/9491/625
f 6361/9444/621 6365/9447/621 6367/9475/621 6347/9486/621
f 6347/9463/615 6369/9469/615 6384/9472/615 6406/9492/615
f 6373/9491/621 6374/9490/621 6376/9493/621 6375/9494/621
f 6370/9488/619 6372/9495/619 6376/9493/619 6374/9490/619
f 6371/9496/615 6369/9489/615 6373/9491/615 6375/9494/615
f 6372/9495/622 6371/9496/622 6375/9494/622 6376/9493/622
f 6395/9497/626 6393/9454/626 6411/9498/626 6413/9499/626
f 6378/9500/618 6379/9501/618 6349/9461/618 6355/9465/618
f 6383/9502/615 6390/9503/615 6415/9504/615 6401/9505/615
f 6429/9506/618 6430/9507/618 6426/9508/618 6434/9509/618
f 6370/9488/619 6365/9447/619 6400/9510/619 6399/9511/619
f 6371/9470/622 6372/9495/622 6403/9512/622 6404/9471/622
f 6372/9495/619 6370/9488/619 6399/9511/619 6403/9512/619
f 6379/9501/627 6347/9513/627 6406/9514/627 6408/9515/627
f 6406/9514/618 6408/9515/618 6389/9516/618
f 6378/9464/622 6347/9463/622 6406/9492/622 6389/9517/622
f 6379/9501/628 6378/9500/628 6389/9516/628 6408/9515/628
f 6347/9486/621 6367/9475/621 6370/9488/621 6369/9489/621
f 6368/9478/619 6366/9485/619 6391/9518/619 6410/9519/619
f 6367/9475/622 6368/9478/622 6410/9519/622 6400/9510/622
f 6411/9498/615 6393/9454/615 6379/9501/615 6408/9515/615 6431/9520/615
f 6407/9521/629 6398/9522/629 6417/9523/629 6423/9524/629
f 6388/9525/625 6381/9526/625 6402/9527/625 6422/9528/625
f 6398/9522/630 6397/9529/630 6416/9530/630 6417/9523/630
f 6397/9529/631 6394/9531/631 6425/9532/631 6416/9530/631
f 6385/9533/615 6383/9502/615 6401/9505/615 6419/9534/615
f 6377/9535/632 6396/9536/632 6409/9537/632 6387/9538/632
f 6396/9536/633 6395/9497/633 6413/9499/633 6409/9537/633
f 6390/9503/618 6383/9502/618 6399/9539/618 6400/9540/618
f 6401/9505/618 6414/9541/618 6420/9542/618 6419/9534/618
f 6385/9533/618 6386/9543/618 6404/9544/618 6403/9545/618
f 6386/9543/618 6405/9546/618 6384/9547/618 6404/9544/618
f 6383/9502/618 6385/9533/618 6403/9545/618 6399/9539/618
f 6394/9531/619 6432/9548/619 6388/9525/619 6422/9528/619 6425/9532/619
f 6381/9526/618 6388/9525/618 6408/9515/618 6406/9514/618
f 6392/9480/618 6390/9503/618 6400/9540/618 6410/9549/618
f 6415/9504/618 6402/9527/618 6414/9541/618 6401/9505/618
f 6405/9546/618 6381/9526/618 6406/9514/618 6384/9547/618
f 6388/9525/618 6432/9548/618 6431/9520/618 6408/9515/618
f 6413/9499/626 6411/9498/626 6434/9509/626 6426/9508/626
f 6394/9531/631 6397/9529/631 6430/9507/631 6429/9506/631
f 6382/9481/618 6392/9480/618 6410/9549/618 6391/9550/618
f 6416/9530/618 6425/9532/618 6412/9551/618
f 6412/9552/618 6425/9532/618 6422/9528/618 6402/9527/618
f 6418/9482/618 6412/9552/618 6402/9553/618 6415/9504/618
f 6418/9482/618 6415/9504/618 6424/9483/618
f 6423/9524/618 6417/9523/618 6412/9552/618
f 6417/9523/618 6416/9530/618 6412/9554/618
f 6427/9555/618 6428/9556/618 6380/9557/618 6421/9558/618
f 6390/9503/625 6392/9480/625 6424/9483/625 6415/9504/625
f 6386/9543/625 6385/9533/625 6419/9534/625 6420/9542/625
f 6381/9526/619 6405/9546/619 6414/9541/619 6402/9527/619
f 6405/9546/619 6386/9543/619 6420/9542/619 6414/9541/619
f 6430/9507/618 6427/9555/618 6421/9558/618 6426/9508/618
f 6397/9529/630 6398/9522/630 6427/9555/630 6430/9507/630
f 6409/9537/633 6413/9499/633 6426/9508/633 6421/9558/633
f 6387/9538/632 6409/9537/632 6421/9558/632 6380/9557/632
f 6398/9522/629 6407/9521/629 6428/9556/629 6427/9555/629
f 6433/9559/618 6435/9560/618 6429/9506/618 6434/9509/618
f 6411/9498/615 6431/9520/615 6433/9559/615 6434/9509/615
f 6432/9548/619 6394/9531/619 6429/9506/619 6435/9560/619
f 6431/9520/622 6432/9548/622 6435/9560/622 6433/9559/622
f 6437/9462/634 6436/9453/634 6439/9452/634 6441/9561/634
f 6443/9458/635 6442/9562/635 6363/9563/635 6351/9459/635
f 6442/9562/636 6440/9564/636 6352/9565/636 6363/9563/636
f 6441/9561/637 6439/9452/637 6440/9564/637 6442/9562/637
f 6438/9456/638 6437/9462/638 6441/9561/638 6444/9457/638
f 6444/9457/639 6441/9561/639 6442/9562/639 6443/9458/639
f 6349/9461/618 6379/9501/618 6436/9453/618
f 6379/9501/618 6393/9454/618 6436/9453/618
f 6393/9454/618 6352/9565/618 6440/9564/618
f 6440/9564/618 6439/9452/618 6393/9454/618
f 6352/9565/618 6393/9454/618 6445/9566/618
f 6449/9567/640 6448/9568/640 6450/9569/640 6452/9570/640
f 6453/9571/641 6451/9572/641 6446/9573/641 6447/9574/641
f 6452/9570/637 6450/9569/637 6451/9572/637 6453/9571/637
f 6459/9575/642 6461/9576/642 6460/9577/642 6458/9578/642
f 6457/9579/643 6456/9580/643 6455/9581/643 6454/9582/643
f 6461/9576/644 6457/9579/644 6454/9582/644 6460/9577/644
f 6450/9569/618 6460/9577/618 6454/9582/618 6451/9572/618
f 6449/9567/622 6459/9575/622 6458/9578/622 6448/9568/622
f 6452/9570/621 6461/9576/621 6459/9575/621 6449/9567/621
f 6448/9568/618 6458/9578/618 6460/9577/618 6450/9569/618
f 6447/9574/621 6456/9580/621 6457/9579/621 6453/9571/621
f 6451/9572/618 6454/9582/618 6455/9581/618 6446/9573/618
f 6453/9571/621 6457/9579/621 6461/9576/621 6452/9570/621
f 6472/9583/625 6475/9584/625 6469/9585/625 6462/9586/625
f 6473/9587/645 6474/9588/645 6467/9589/645 6464/9590/645
f 6538/9591/618 6497/9592/618 6535/9593/618
f 6462/9594/621 6350/9460/621 6351/9459/621 6542/9595/621 6543/9596/621 6537/9597/621 6464/9590/621
f 6473/9587/615 6536/9598/615 6535/9593/615 6465/9599/615
f 6463/9600/625 6474/9588/625 6468/9601/625 6486/9602/625
f 6464/9590/621 6467/9589/621 6466/9603/621 6462/9594/621
f 6462/9594/621 6469/9604/621 6357/9467/621 6350/9460/621
f 6478/9605/615 6490/9606/615 6508/9607/615 6480/9608/615
f 6469/9604/621 6471/9609/621 6358/9473/621 6357/9467/621
f 6476/9610/625 6477/9611/625 6471/9612/625 6470/9613/625
f 6469/9604/621 6470/9614/621 6471/9609/621
f 6475/9584/615 6476/9610/615 6470/9613/615 6469/9585/615
f 6496/9615/615 6524/9616/615 6418/9482/615 6382/9481/615
f 6358/9484/619 6471/9612/619 6477/9611/619 6366/9485/619
f 6462/9586/646 6466/9617/646 6463/9618/646 6472/9583/646
f 6466/9617/625 6467/9589/625 6474/9588/625 6463/9618/625
f 6464/9590/615 6537/9597/615 6536/9598/615 6473/9587/615
f 6465/9599/645 6468/9601/645 6474/9588/645 6473/9587/645
f 6475/9584/618 6476/9610/618 6479/9619/618
f 6478/9620/622 6482/9621/622 6483/9622/622 6479/9619/622
f 6472/9583/621 6463/9618/621 6476/9610/621 6475/9584/621
f 6463/9600/615 6510/9623/615 6490/9606/615 6478/9605/615
f 6482/9621/621 6484/9624/621 6485/9625/621 6483/9622/621
f 6479/9619/619 6483/9622/619 6485/9625/619 6481/9626/619
f 6480/9627/615 6484/9624/615 6482/9621/615 6478/9620/615
f 6481/9626/625 6485/9625/625 6484/9624/625 6480/9627/625
f 6499/9628/647 6515/9629/647 6514/9630/647 6497/9592/647
f 6486/9631/618 6468/9601/618 6465/9599/618 6487/9632/618
f 6489/9633/615 6505/9634/615 6517/9635/615 6495/9636/615
f 6528/9637/618 6533/9638/618 6526/9639/618 6529/9640/618
f 6479/9619/619 6503/9641/619 6504/9642/619 6475/9584/619
f 6480/9608/625 6508/9607/625 6507/9643/625 6481/9626/625
f 6481/9626/619 6507/9643/619 6503/9641/619 6479/9619/619
f 6487/9632/648 6511/9644/648 6510/9645/648 6463/9646/648
f 6510/9645/618 6494/9647/618 6511/9644/618
f 6486/9602/625 6494/9648/625 6510/9623/625 6463/9600/625
f 6487/9632/649 6511/9644/649 6494/9647/649 6486/9631/649
f 6463/9618/621 6478/9620/621 6479/9619/621 6476/9610/621
f 6477/9611/619 6513/9649/619 6391/9518/619 6366/9485/619
f 6476/9610/625 6504/9642/625 6513/9649/625 6477/9611/625
f 6514/9630/615 6530/9650/615 6511/9644/615 6487/9632/615 6497/9592/615
f 6407/9521/650 6423/9524/650 6519/9651/650 6502/9652/650
f 6493/9653/622 6523/9654/622 6506/9655/622 6488/9656/622
f 6502/9652/651 6519/9651/651 6518/9657/651 6501/9658/651
f 6501/9658/652 6518/9657/652 6525/9659/652 6498/9660/652
f 6491/9661/615 6520/9662/615 6505/9634/615 6489/9633/615
f 6377/9535/653 6387/9538/653 6512/9663/653 6500/9664/653
f 6500/9664/654 6512/9663/654 6515/9629/654 6499/9628/654
f 6495/9636/618 6504/9665/618 6503/9666/618 6489/9633/618
f 6505/9634/618 6520/9662/618 6521/9667/618 6516/9668/618
f 6491/9661/618 6507/9669/618 6508/9670/618 6492/9671/618
f 6492/9671/618 6508/9670/618 6490/9672/618 6509/9673/618
f 6489/9633/618 6503/9666/618 6507/9669/618 6491/9661/618
f 6498/9660/619 6525/9659/619 6523/9654/619 6493/9653/619 6531/9674/619
f 6488/9656/618 6510/9645/618 6511/9644/618 6493/9653/618
f 6496/9615/618 6513/9675/618 6504/9665/618 6495/9636/618
f 6517/9635/618 6505/9634/618 6516/9668/618 6506/9655/618
f 6509/9673/618 6490/9672/618 6510/9645/618 6488/9656/618
f 6493/9653/618 6511/9644/618 6530/9650/618 6531/9674/618
f 6515/9629/647 6526/9639/647 6533/9638/647 6514/9630/647
f 6498/9660/652 6528/9637/652 6529/9640/652 6501/9658/652
f 6382/9481/618 6391/9550/618 6513/9675/618 6496/9615/618
f 6518/9657/618 6412/9551/618 6525/9659/618
f 6412/9552/618 6506/9655/618 6523/9654/618 6525/9659/618
f 6418/9482/618 6517/9635/618 6506/9676/618 6412/9552/618
f 6418/9482/618 6524/9616/618 6517/9635/618
f 6423/9524/618 6412/9552/618 6519/9651/618
f 6519/9651/618 6412/9554/618 6518/9657/618
f 6527/9677/618 6522/9678/618 6380/9557/618 6428/9556/618
f 6495/9636/622 6517/9635/622 6524/9616/622 6496/9615/622
f 6492/9671/622 6521/9667/622 6520/9662/622 6491/9661/622
f 6488/9656/619 6506/9655/619 6516/9668/619 6509/9673/619
f 6509/9673/619 6516/9668/619 6521/9667/619 6492/9671/619
f 6529/9640/618 6526/9639/618 6522/9678/618 6527/9677/618
f 6501/9658/651 6529/9640/651 6527/9677/651 6502/9652/651
f 6512/9663/654 6522/9678/654 6526/9639/654 6515/9629/654
f 6387/9538/653 6380/9557/653 6522/9678/653 6512/9663/653
f 6502/9652/650 6527/9677/650 6428/9556/650 6407/9521/650
f 6532/9679/618 6533/9638/618 6528/9637/618 6534/9680/618
f 6514/9630/615 6533/9638/615 6532/9679/615 6530/9650/615
f 6531/9674/619 6534/9680/619 6528/9637/619 6498/9660/619
f 6530/9650/625 6532/9679/625 6534/9680/625 6531/9674/625
f 6536/9598/655 6540/9681/655 6538/9591/655 6535/9593/655
f 6542/9595/656 6351/9459/656 6363/9563/656 6541/9682/656
f 6541/9682/657 6363/9563/657 6352/9565/657 6539/9683/657
f 6540/9681/658 6541/9682/658 6539/9683/658 6538/9591/658
f 6537/9597/659 6543/9596/659 6540/9681/659 6536/9598/659
f 6543/9596/660 6542/9595/660 6541/9682/660 6540/9681/660
f 6465/9599/618 6535/9593/618 6487/9632/618
f 6487/9632/618 6535/9593/618 6497/9592/618
f 6497/9592/618 6539/9683/618 6352/9565/618
f 6539/9683/618 6497/9592/618 6538/9591/618
f 6352/9565/618 6445/9566/618 6497/9592/618
f 6545/9684/661 6548/9685/661 6546/9686/661 6544/9687/661
f 6549/9688/662 6447/9574/662 6446/9573/662 6547/9689/662
f 6548/9685/658 6549/9688/658 6547/9689/658 6546/9686/658
f 6553/9690/663 6552/9691/663 6554/9692/663 6555/9693/663
f 6551/9694/664 6550/9695/664 6455/9581/664 6456/9580/664
f 6555/9693/665 6554/9692/665 6550/9695/665 6551/9694/665
f 6546/9686/618 6547/9689/618 6550/9695/618 6554/9692/618
f 6545/9684/625 6544/9687/625 6552/9691/625 6553/9690/625
f 6548/9685/621 6545/9684/621 6553/9690/621 6555/9693/621
f 6544/9687/618 6546/9686/618 6554/9692/618 6552/9691/618
f 6447/9574/621 6549/9688/621 6551/9694/621 6456/9580/621
f 6547/9689/618 6446/9573/618 6455/9581/618 6550/9695/618
f 6549/9688/621 6548/9685/621 6555/9693/621 6551/9694/621
f 6556/9696/619 6557/9697/619 6559/9698/619 6558/9699/619
f 6558/9699/622 6559/9698/622 6563/9700/622 6562/9701/622
f 6562/9701/615 6563/9700/615 6561/9702/615 6560/9703/615
f 6560/9703/625 6561/9702/625 6557/9704/625 6556/9705/625
f 6558/9706/621 6562/9701/621 6560/9703/621 6556/9707/621
f 6563/9700/618 6559/9708/618 6557/9709/618 6561/9702/618
f 6564/9710/619 6566/9711/619 6567/9712/619 6565/9713/619
f 6566/9711/625 6570/9714/625 6571/9715/625 6567/9712/625
f 6570/9714/615 6568/9716/615 6569/9717/615 6571/9715/615
f 6568/9716/622 6564/9718/622 6565/9719/622 6569/9717/622
f 6566/9720/621 6564/9721/621 6568/9716/621 6570/9714/621
f 6571/9715/618 6569/9717/618 6565/9722/618 6567/9723/618
f 6572/9724/619 6573/9725/619 6574/9726/619 6575/9727/619
f 6576/9728/615 6577/9729/615 6578/9730/615 6579/9731/615
f 6580/9732/625 6581/9733/625 6582/9734/625 6583/9735/625
f 6578/9730/615 6581/9733/615 6580/9732/615 6579/9731/615
f 6573/9725/618 6582/9734/618 6581/9733/618 6578/9730/618
f 6572/9724/619 6583/9735/619 6582/9734/619 6573/9725/619
f 6579/9731/621 6580/9732/621 6583/9735/621 6572/9724/621
f 6584/9736/622 6585/9737/622 6586/9738/622 6587/9739/622
f 6574/9726/619 6585/9737/619 6584/9736/619 6575/9727/619
f 6577/9729/618 6586/9738/618 6585/9737/618 6574/9726/618
f 6576/9728/615 6587/9739/615 6586/9738/615 6577/9729/615
f 6575/9727/621 6584/9736/621 6587/9739/621 6576/9728/621
f 6588/9740/621 6589/9741/621 6590/9742/621 6591/9743/621
f 6575/9727/619 6589/9741/619 6588/9740/619 6572/9724/619
f 6576/9728/622 6590/9742/622 6589/9741/622 6575/9727/622
f 6579/9731/615 6591/9743/615 6590/9742/615 6576/9728/615
f 6572/9724/625 6588/9740/625 6591/9743/625 6579/9731/625
f 6592/9744/618 6593/9745/618 6594/9746/618 6595/9747/618
f 6573/9725/619 6593/9745/619 6592/9744/619 6574/9726/619
f 6578/9730/625 6594/9746/625 6593/9745/625 6573/9725/625
f 6577/9729/615 6595/9747/615 6594/9746/615 6578/9730/615
f 6574/9726/622 6592/9744/622 6595/9747/622 6577/9729/622
