# 3ds Max Wavefront OBJ Exporter v0.97b - (c)2007 guruware
# File Created: 30.07.2021 20:00:21

mtllib delivery_truck.mtl

#
# object delivery_truck_body
#

v  30.4336 241.2713 -152.0457
v  30.4336 242.8073 -141.0763
v  30.4336 212.8164 -136.5351
v  30.4336 135.9502 -196.8039
v  30.4335 77.4100 -204.1697
v  30.4336 71.7186 -219.6718
v  30.4336 113.9903 -262.7505
v  24.4445 50.7896 86.4102
v  24.4445 34.5512 84.2777
v  24.4445 34.5512 -13.1491
v  30.4336 147.3623 -176.6658
v  30.4336 77.3809 -189.0663
v  30.4335 72.6519 -175.3365
v  30.4336 47.7091 -156.1702
v  30.4336 63.6403 -164.3508
v  30.4336 147.3532 -152.2149
v  30.2148 249.6863 -17.1187
v  30.0398 242.3043 -17.1545
v  30.4336 249.4622 -141.0762
v  30.4336 247.0679 -154.1725
v  30.4336 249.7065 176.0704
v  30.4336 242.3940 176.0704
v  30.2480 249.6691 235.5082
v  30.0970 242.4715 235.9812
v  30.4336 238.0151 -163.7846
v  30.4336 235.4208 -161.2467
v  30.4336 60.3976 -229.2228
v  30.4336 97.3074 -272.5500
v  30.4336 106.9555 -269.5466
v  30.4336 48.7992 -234.0815
v  30.4336 49.6441 -270.4647
v  24.4445 75.2489 108.5879
v  24.4445 63.3113 92.2469
v  24.4445 237.8354 -13.2140
v  24.4445 238.4980 176.0704
v  24.4445 78.3340 123.8841
v  24.4445 74.9633 140.2005
v  24.4445 62.1691 157.5388
v  24.4445 42.6229 179.2670
v  24.4445 42.6229 165.3989
v  24.4445 238.6857 236.4268
v  24.4445 57.4682 253.2664
v  30.4335 158.3511 -185.9349
v  30.4335 151.2270 -184.2831
v  21.2046 258.7899 234.3823
v  21.2046 258.9354 176.0704
v  -5.6065 258.9354 176.0704
v  -5.6065 258.7899 234.3823
v  21.2046 258.9125 -17.0740
v  -5.6065 258.9125 -17.0740
v  21.2046 119.9346 -269.8101
v  21.2046 113.8285 -275.7057
v  -5.6065 113.8285 -275.7057
v  -5.6065 119.9346 -269.8101
v  14.1620 243.1728 -165.1553
v  13.5143 147.7571 -196.5504
v  -5.6065 147.7536 -196.5516
v  -5.6065 243.2306 -165.1364
v  21.2046 258.6912 -141.0760
v  21.2046 258.1851 -152.4787
v  -5.6065 258.1851 -152.4786
v  -5.6065 258.6912 -141.0760
v  -5.6065 47.7091 -156.1702
v  -5.6065 63.6403 -164.3508
v  -5.6065 72.6519 -175.3365
v  -5.6065 77.3809 -189.0663
v  -5.6065 77.4100 -204.1697
v  -5.6065 71.7186 -219.6718
v  -5.6065 60.3976 -229.2227
v  -5.6065 48.7992 -234.0814
v  21.2046 103.1533 -279.6913
v  21.2046 49.8505 -279.6913
v  -5.6065 49.8505 -279.6913
v  -5.6065 103.1533 -279.6913
v  30.4336 34.5512 -150.2347
v  21.2046 140.4180 -200.8503
v  -5.6065 140.4180 -200.8503
v  11.7439 57.4834 253.4616
v  14.0831 58.9303 268.6187
v  14.0848 238.5634 245.0459
v  -6.7007 238.5923 245.3032
v  -5.5636 78.9141 265.7239
v  30.4336 34.5512 -141.0795
v  30.2534 34.5512 -17.0740
v  18.5059 253.1800 -161.2823
v  -5.6065 253.1800 -161.2823
v  -147.3385 258.9354 176.0704
v  -147.3385 258.7899 234.3823
v  -147.3385 258.9125 -17.0740
v  -70.3339 147.7536 -196.5516
v  -70.3339 243.2306 -165.1364
v  -147.3385 258.1851 -152.4786
v  -147.3385 258.6912 -141.0760
v  -5.6065 246.8619 -166.4129
v  -72.2864 246.8619 -166.4129
v  -77.2431 253.1800 -161.2823
v  -147.3384 103.1533 -279.6913
v  -147.3384 113.8285 -275.7058
v  -147.3385 253.1800 -161.2823
v  29.4081 117.2927 -266.6725
v  29.4081 110.7738 -272.9684
v  29.4081 100.5551 -276.5174
v  29.4081 49.7588 -275.5906
v  29.4028 138.8870 -200.3089
v  26.3318 119.2741 -269.0258
v  26.3318 113.0648 -275.0214
v  26.3318 102.5037 -278.8979
v  26.3318 49.8276 -278.6662
v  26.3292 140.6641 -200.5141
v  29.3258 254.7361 235.0551
v  29.4081 254.8337 176.0704
v  29.3109 254.8120 -17.0939
v  29.4081 254.5894 -141.0761
v  29.3535 252.9417 -153.7397
v  29.4081 249.2524 -160.0998
v  29.1896 240.6197 -166.0324
v  26.3113 257.7764 234.5505
v  26.3318 257.9100 176.0704
v  26.3075 257.8874 -17.0790
v  21.2046 150.4080 -197.6182
v  26.3318 257.6657 -141.0760
v  26.4063 256.5045 -153.3998
v  26.3318 252.1981 -160.9867
v  26.1160 242.9193 -166.9577
v  15.6942 246.6233 -166.6270
v  28.2884 235.7227 -154.8091
v  28.2884 232.2413 -159.7313
v  28.2884 149.6384 -154.9387
v  28.2884 158.6483 -182.8039
v  28.2884 151.7181 -181.0024
v  28.2884 149.6469 -175.5176
v  27.7317 131.9935 -133.3599
v  27.7080 211.1378 -133.3591
v  27.4958 210.4905 -32.8346
v  27.5191 132.2926 -32.7901
v  30.2354 130.0718 -29.5995
v  30.2127 212.1281 -29.6468
v  15.7457 145.6658 -198.7881
v  -5.6065 145.5979 -199.1744
v  -77.2431 140.4180 -200.8503
v  -72.2864 145.5979 -199.1744
v  21.2046 240.9038 -168.5216
v  18.4038 151.0738 -195.4591
v  18.4038 238.8842 -166.5665
v  30.4184 221.0539 -131.3412
v  27.6786 221.1503 -120.8799
v  27.5179 220.6346 -44.7560
v  27.5041 217.7500 -37.7852
v  27.6953 218.8849 -128.4743
v  30.1992 219.8471 -34.9109
v  30.4022 223.4627 -123.2660
v  30.2108 222.9144 -42.3230
v  30.4336 129.7277 -136.5361
v  -72.5000 240.2522 -166.1164
v  -72.5000 150.7320 -195.5716
v  -74.4524 148.5812 -198.2092
v  -74.4524 243.8786 -167.3780
v  -82.1999 145.5979 -199.1744
v  -80.0339 148.5812 -198.2092
v  27.4795 248.7583 243.7118
v  27.4639 242.4318 244.5420
v  21.8543 238.8172 245.0147
v  21.8545 58.0704 261.0131
v  14.5425 247.7421 243.8415
v  17.0290 256.1928 242.7332
v  -5.6102 256.3072 242.7119
v  -5.6197 248.2673 243.7670
v  -147.3352 256.3021 242.6732
v  -147.3242 248.2623 243.7282
v  24.6579 255.9001 242.7738
v  27.2213 253.3006 243.1156
v  -80.0339 243.8786 -167.3780
v  -9.2871 235.1120 239.9911
v  -10.4257 80.2808 254.9482
v  -183.3785 241.2713 -152.0457
v  -183.3785 212.8164 -136.5351
v  -183.3785 242.8073 -141.0763
v  -183.3785 135.9502 -196.8039
v  -183.3785 113.9903 -262.7505
v  -183.3785 71.7186 -219.6719
v  -183.3785 77.4100 -204.1697
v  -177.3895 50.7896 86.4102
v  -177.3895 34.5512 -13.1490
v  -177.3895 34.5512 84.2777
v  -183.3785 77.3809 -189.0664
v  -183.3785 147.3623 -176.6658
v  -183.3785 72.6519 -175.3365
v  -183.3785 47.7091 -156.1702
v  -183.3785 147.3532 -152.2149
v  -183.3785 63.6403 -164.3508
v  -183.1598 249.6863 -17.1187
v  -183.3785 249.4622 -141.0762
v  -182.9848 242.3043 -17.1545
v  -183.3785 247.0679 -154.1725
v  -183.3785 242.3940 176.0704
v  -183.3785 249.7065 176.0704
v  -183.0419 242.4715 235.9812
v  -183.1930 249.6691 235.5082
v  -183.3785 238.0151 -163.7846
v  -183.3785 235.4208 -161.2467
v  -183.3785 60.3976 -229.2228
v  -183.3785 106.9555 -269.5466
v  -183.3785 97.3074 -272.5499
v  -183.3785 49.6441 -270.4647
v  -183.3785 48.7992 -234.0815
v  -177.3895 75.2489 108.5879
v  -177.3895 237.8354 -13.2140
v  -177.3895 63.3113 92.2469
v  -177.3895 78.3340 123.8841
v  -177.3895 238.4980 176.0704
v  -177.3895 74.9633 140.2005
v  -177.3895 62.1691 157.5388
v  -177.3895 42.6229 165.3989
v  -177.3895 42.6229 179.6584
v  -177.3895 57.4682 253.2664
v  -177.3895 238.6857 236.4268
v  -183.3785 151.2270 -184.2831
v  -183.3785 158.3511 -185.9349
v  -174.1496 258.7899 234.3823
v  -174.1496 258.9354 176.0704
v  -174.1496 258.9125 -17.0740
v  -174.1496 119.9346 -269.8102
v  -147.3384 119.9346 -269.8102
v  -174.1496 113.8285 -275.7058
v  -167.1070 243.1728 -165.1553
v  -147.3384 243.2306 -165.1364
v  -147.3384 147.7536 -196.5516
v  -166.4592 147.7571 -196.5504
v  -174.1496 258.6912 -141.0760
v  -174.1496 258.1851 -152.4787
v  -147.3384 63.6403 -164.3508
v  -147.3385 47.7091 -156.1702
v  -147.3384 72.6519 -175.3365
v  -147.3384 77.4100 -204.1697
v  -147.3384 77.3809 -189.0663
v  -147.3384 71.7186 -219.6718
v  -147.3384 60.3976 -229.2228
v  -147.3384 48.7992 -234.0815
v  -174.1496 103.1533 -279.6913
v  -147.3384 49.8505 -279.6913
v  -174.1496 49.8505 -279.6913
v  -183.3785 34.5512 -150.2347
v  -174.1496 140.4180 -200.8503
v  -147.3384 140.4180 -200.8503
v  -164.6889 57.4834 253.4615
v  -167.0309 58.9238 268.5692
v  -147.3850 78.9088 265.6835
v  -146.2424 238.5874 245.2666
v  -167.0292 238.5569 244.9963
v  -183.3785 34.5512 -141.0795
v  -183.1984 34.5512 -17.0740
v  -171.4508 253.1800 -161.2823
v  -84.1406 243.2306 -165.1364
v  -84.1406 147.7536 -196.5516
v  -24.7431 90.1112 -278.1224
v  -24.7431 62.8925 -278.1224
v  -128.1640 62.8925 -278.1225
v  -128.1640 90.1112 -278.1225
v  -147.3384 246.8619 -166.4129
v  -82.1999 246.8619 -166.4129
v  -69.5525 96.0731 251.6785
v  -69.5525 108.5660 250.5153
v  -84.0077 108.5660 250.5153
v  -84.0077 96.0731 251.6785
v  -182.3531 117.2927 -266.6725
v  -182.3531 110.7738 -272.9683
v  -182.3531 100.5551 -276.5174
v  -182.3531 49.7588 -275.5906
v  -182.3477 138.8870 -200.3089
v  -179.2768 119.2741 -269.0257
v  -179.2768 113.0648 -275.0214
v  -179.2768 102.5037 -278.8978
v  -179.2768 49.8276 -278.6661
v  -179.2741 140.6641 -200.5141
v  -182.2708 254.7361 235.0551
v  -182.3531 254.8337 176.0704
v  -182.2559 254.8120 -17.0939
v  -182.3531 254.5894 -141.0761
v  -182.2984 252.9417 -153.7397
v  -182.3531 249.2524 -160.0998
v  -182.1346 240.6197 -166.0324
v  -179.2562 257.7764 234.5505
v  -179.2768 257.9100 176.0704
v  -179.2525 257.8874 -17.0789
v  -174.1496 150.4080 -197.6182
v  -179.2768 257.6657 -141.0760
v  -179.3512 256.5045 -153.3998
v  -179.2768 252.1981 -160.9867
v  -179.0610 242.9193 -166.9577
v  -168.6392 246.6233 -166.6270
v  -181.2334 232.2413 -159.7313
v  -181.2334 235.7227 -154.8091
v  -181.2334 149.6384 -154.9387
v  -181.2334 151.7181 -181.0024
v  -181.2334 158.6483 -182.8039
v  -181.2334 149.6469 -175.5176
v  -180.6767 131.9935 -133.3599
v  -180.4641 132.2926 -32.7901
v  -180.4408 210.4905 -32.8346
v  -180.6530 211.1378 -133.3591
v  -183.1577 212.1281 -29.6468
v  -183.1803 130.0718 -29.5995
v  -168.6907 145.6658 -198.7881
v  -147.3384 145.5979 -199.1744
v  -174.1496 240.9038 -168.5216
v  -171.3488 238.8842 -166.5665
v  -171.3488 151.0738 -195.4591
v  -183.3634 221.0539 -131.3412
v  -180.6403 218.8849 -128.4743
v  -180.4491 217.7500 -37.7853
v  -180.6236 221.1503 -120.8799
v  -180.4629 220.6346 -44.7560
v  -183.1442 219.8471 -34.9109
v  -183.3472 223.4627 -123.2660
v  -183.1558 222.9144 -42.3230
v  -183.3785 129.7277 -136.5361
v  -81.9745 240.3377 -166.3763
v  -81.9745 150.7808 -195.7201
v  -180.4250 248.7508 243.6549
v  -180.4095 242.4970 244.4756
v  -174.7995 58.0704 261.0131
v  -174.7999 238.8829 244.9514
v  -177.6033 255.8928 242.7184
v  -169.9745 256.1861 242.6821
v  -180.1667 253.2932 243.0589
v  -167.1975 248.3793 243.7073
v  -142.5180 80.2808 254.9482
v  -143.6592 235.1120 239.9911
v  -16.3981 55.4948 -279.6913
v  -16.3981 97.5090 -279.6913
v  -136.5469 55.4948 -279.6913
v  -136.5469 97.5090 -279.6913
v  -16.3981 97.5090 -282.3217
v  -16.3981 55.4948 -282.3217
v  -21.9804 60.2589 -282.3217
v  -21.9804 92.7448 -282.3217
v  -136.5469 55.4948 -282.3217
v  -130.8838 60.2589 -282.3217
v  -136.5469 97.5090 -282.3217
v  -130.8838 92.7448 -282.3217
v  -67.8548 111.4269 251.9394
v  -67.8548 93.5307 253.6682
v  -85.6692 111.4269 251.9394
v  -85.6692 93.5307 253.6682
v  17.8840 28.5602 -269.4481
v  5.1684 28.5602 -269.9802
v  10.3453 28.5602 -294.1328
v  27.0708 28.5602 -288.8464
v  17.8840 49.2883 -269.4481
v  25.7703 49.2883 -286.1002
v  9.7084 49.2883 -291.1616
v  5.1684 49.2883 -269.9802
v  40.2670 28.5602 -237.3311
v  42.7359 38.3589 -237.3311
v  25.9842 28.5602 -238.4301
v  35.7325 28.5602 -280.7301
v  20.8562 28.5602 -266.5741
v  20.8562 49.2883 -266.5741
v  33.5313 49.2883 -278.6354
v  27.0708 38.3589 -291.7713
v  27.0708 46.3530 -289.6319
v  36.3442 46.3192 -280.9389
v  37.9842 38.3589 -281.4988
v  23.9063 28.5602 -263.6248
v  39.6808 28.5602 -270.8985
v  40.0393 28.5602 -251.1617
v  25.3644 28.5602 -251.3157
v  23.9063 49.2883 -263.6248
v  25.3644 49.2883 -251.3157
v  37.0009 49.2883 -251.1936
v  36.9214 49.2883 -269.6262
v  42.1497 38.3589 -270.8985
v  40.3503 46.3243 -270.8985
v  40.7089 46.3243 -251.1617
v  42.5082 38.3589 -251.1617
v  25.9842 49.2883 -238.4301
v  37.2373 49.2883 -237.5642
v  -159.3058 28.5602 -269.9803
v  -164.4826 28.5602 -294.1328
v  -163.8458 49.2883 -291.1616
v  -159.3058 49.2883 -269.9803
v  10.3453 38.3589 -297.2333
v  40.9365 46.3243 -237.3311
v  10.3453 46.3650 -294.9620
v  -172.0213 28.5602 -269.4481
v  -181.2082 28.5602 -288.8464
v  -172.0213 49.2883 -269.4481
v  -179.9076 49.2883 -286.1002
v  -194.4044 28.5602 -237.3311
v  -180.1216 28.5602 -238.4301
v  -196.8733 38.3589 -237.3311
v  -174.9935 28.5602 -266.5741
v  -189.8699 28.5602 -280.7301
v  -187.6686 49.2883 -278.6354
v  -174.9935 49.2883 -266.5741
v  -181.2082 38.3589 -291.7712
v  -192.1216 38.3589 -281.4988
v  -190.4816 46.3192 -280.9389
v  -181.2082 46.3530 -289.6320
v  -178.0437 28.5602 -263.6248
v  -179.5017 28.5602 -251.3158
v  -194.1767 28.5602 -251.1617
v  -193.8181 28.5602 -270.8985
v  -178.0437 49.2883 -263.6248
v  -191.0587 49.2883 -269.6261
v  -191.1382 49.2883 -251.1936
v  -179.5017 49.2883 -251.3158
v  -196.2870 38.3589 -270.8985
v  -196.6456 38.3589 -251.1617
v  -194.8462 46.3243 -251.1617
v  -194.4877 46.3243 -270.8985
v  -180.1216 49.2883 -238.4301
v  -191.3747 49.2883 -237.5642
v  -164.4826 38.3589 -297.2334
v  -164.4826 46.3650 -294.9621
v  -195.0739 46.3243 -237.3311
v  17.8840 47.4218 265.9775
v  27.0708 47.4218 285.3757
v  10.3452 47.4218 290.6621
v  5.1684 47.4218 266.5096
v  17.8840 68.1499 265.9775
v  5.1684 68.1499 266.5096
v  9.7084 68.1499 287.6910
v  25.7702 68.1499 282.6296
v  10.3452 57.2205 293.7628
v  -76.8358 57.2205 293.7628
v  -76.8358 47.4218 290.6621
v  40.2670 47.4218 223.6699
v  25.9843 47.4218 224.7689
v  42.7359 57.2205 223.6699
v  20.8562 47.4218 263.1035
v  35.7325 47.4218 277.2595
v  33.5313 68.1499 275.1647
v  20.8562 68.1499 263.1035
v  27.0708 57.2205 288.3006
v  37.9842 57.2205 278.0282
v  36.3442 65.1808 277.4683
v  27.0708 65.2146 286.1613
v  23.9063 47.4218 260.1541
v  25.3644 47.4218 247.8451
v  40.0393 47.4218 247.6911
v  39.6808 47.4218 267.4279
v  23.9063 68.1499 260.1541
v  36.9214 68.1499 266.1555
v  37.0009 68.1499 247.7230
v  25.3644 68.1499 247.8451
v  42.1497 57.2205 267.4279
v  42.5082 57.2205 247.6911
v  40.7089 65.1860 247.6911
v  40.3503 65.1860 267.4279
v  25.9843 68.1499 224.7689
v  37.2373 68.1499 223.9030
v  -76.8358 47.4218 266.5096
v  -76.8358 68.1499 266.5096
v  -76.8358 68.1499 288.1883
v  10.3452 65.2267 291.4915
v  -76.8358 65.2267 291.4915
v  40.9365 65.1860 223.6699
v  -171.5556 47.4218 265.9775
v  -158.8400 47.4218 266.5096
v  -164.0169 47.4218 290.6621
v  -180.7425 47.4218 285.3758
v  -171.5556 68.1499 265.9775
v  -179.4419 68.1499 282.6296
v  -163.3801 68.1499 287.6910
v  -158.8400 68.1499 266.5096
v  -164.0169 57.2205 293.7628
v  -193.9386 47.4218 223.6699
v  -196.4075 57.2205 223.6699
v  -179.6559 47.4218 224.7689
v  -189.4042 47.4218 277.2595
v  -174.5278 47.4218 263.1035
v  -174.5278 68.1499 263.1035
v  -187.2029 68.1499 275.1648
v  -180.7425 57.2205 288.3007
v  -180.7425 65.2146 286.1613
v  -190.0159 65.1808 277.4683
v  -191.6559 57.2205 278.0282
v  -177.5780 47.4218 260.1542
v  -193.3524 47.4218 267.4279
v  -193.7110 47.4218 247.6911
v  -179.0360 47.4218 247.8451
v  -177.5780 68.1499 260.1542
v  -179.0360 68.1499 247.8451
v  -190.6725 68.1499 247.7230
v  -190.5930 68.1499 266.1555
v  -195.8213 57.2205 267.4279
v  -194.0220 65.1860 267.4279
v  -194.3805 65.1860 247.6911
v  -196.1799 57.2205 247.6911
v  -179.6559 68.1499 224.7689
v  -190.9090 68.1499 223.9030
v  -164.0169 65.2267 291.4914
v  -194.6082 65.1860 223.6699
v  -82.1318 104.8876 254.9161
v  -82.1317 103.4684 246.0670
v  -83.3558 103.4684 246.0670
v  -83.3559 105.1132 256.3226
v  -82.1318 101.9783 255.3828
v  -82.1317 100.5591 246.5336
v  -83.3559 102.2038 256.7892
v  -83.3558 100.5591 246.5336
v  -69.7093 105.1131 256.3224
v  -70.9334 104.8876 254.9161
v  -70.9334 101.9783 255.3827
v  -69.7093 102.2038 256.7891
v  -70.9334 103.4684 246.0669
v  -69.7093 103.4684 246.0669
v  -70.9334 100.5591 246.5335
v  -69.7093 100.5591 246.5336
v  -21.2745 86.8475 -280.1870
v  -21.2745 85.3644 -280.1870
v  -132.0823 85.3644 -280.1871
v  -132.0823 86.8475 -280.1871
v  -21.2745 87.2015 -276.6116
v  -21.2745 85.0103 -276.6116
v  -132.0823 85.0103 -276.6118
v  -132.0823 87.2015 -276.6118
v  9.3472 115.4980 268.5906
v  9.3472 121.7943 258.3704
v  9.3472 126.3529 257.8435
v  9.3472 117.3854 271.9902
v  3.4588 115.4980 268.5906
v  3.4588 121.7943 258.3704
v  3.4588 117.3854 271.9902
v  3.4588 126.3529 257.8435
v  9.3472 89.7206 272.9822
v  9.3472 89.0888 276.8217
v  3.4588 89.7206 272.9822
v  3.4588 89.0888 276.8217
v  9.3472 77.4624 264.5125
v  9.3472 72.6832 265.1987
v  3.4588 77.4624 264.5125
v  3.4588 72.6832 265.1988
v  10.0406 152.7766 258.9229
v  0.9850 152.7766 258.9229
v  0.9850 137.3545 260.8729
v  10.0406 137.3545 260.8728
v  10.0406 136.6468 255.2756
v  10.0406 152.0689 253.3257
v  8.1028 153.9915 253.0826
v  2.9229 153.9915 253.0826
v  2.9229 154.6992 258.6798
v  8.1028 154.6992 258.6798
v  0.9850 152.0689 253.3257
v  0.9850 136.6468 255.2756
v  2.9229 134.7242 255.5187
v  8.1028 134.7242 255.5187
v  8.1028 135.4319 261.1158
v  2.9229 135.4319 261.1158
v  29.1518 191.6672 218.1323
v  29.1518 191.6672 202.4629
v  29.1518 195.9963 198.1338
v  29.1518 235.3864 202.4629
v  29.1518 231.0573 198.1338
v  29.1518 231.0573 222.4614
v  29.1518 235.3864 218.1323
v  29.1518 195.9963 222.4614
v  21.0531 191.6672 218.1323
v  21.0531 191.6672 202.4629
v  21.0531 195.9963 198.1338
v  21.0531 231.0573 198.1338
v  21.0531 235.3864 202.4629
v  21.0531 235.3864 218.1323
v  21.0531 231.0573 222.4614
v  21.0531 195.9963 222.4614
v  28.7852 94.1351 220.4829
v  28.7852 103.1908 220.4829
v  28.7852 103.1908 236.0278
v  28.7852 94.1351 236.0278
v  23.1434 94.1351 236.0278
v  23.1434 94.1351 220.4829
v  23.1434 96.0729 218.5450
v  23.1434 101.2529 218.5450
v  28.7852 101.2529 218.5450
v  28.7852 96.0729 218.5450
v  23.1434 103.1908 220.4829
v  23.1434 103.1908 236.0278
v  23.1434 101.2529 237.9657
v  23.1434 96.0729 237.9657
v  28.7852 96.0729 237.9657
v  28.7852 101.2529 237.9657
v  35.2911 108.6374 -127.1981
v  35.2887 120.2796 -127.7965
v  35.2811 120.2796 -125.1328
v  35.2835 108.6374 -125.8595
v  33.5018 108.7713 -125.3764
v  33.5093 108.7713 -127.6864
v  32.2687 119.4276 -128.7681
v  32.1006 123.7538 -128.7681
v  32.0931 123.7538 -124.1716
v  34.7767 122.9198 -125.1328
v  34.7842 122.9197 -127.7964
v  32.2611 119.4276 -124.1716
v  29.5231 123.7527 -128.7758
v  29.5156 123.7527 -124.1792
v  29.6837 119.4264 -124.1793
v  29.6912 119.4264 -128.7758
v  34.5855 94.1351 -262.0015
v  34.5855 103.1908 -262.0015
v  34.5855 103.1907 -246.4565
v  34.5855 94.1351 -246.4565
v  28.9437 94.1351 -246.4565
v  28.9437 94.1351 -262.0015
v  28.9437 96.0730 -263.9393
v  28.9437 101.2529 -263.9394
v  34.5855 101.2529 -263.9394
v  34.5855 96.0730 -263.9393
v  28.9437 103.1908 -262.0015
v  28.9437 103.1907 -246.4565
v  28.9437 101.2529 -244.5187
v  28.9437 96.0730 -244.5186
v  34.5855 96.0730 -244.5186
v  34.5855 101.2529 -244.5187
v  52.0011 222.8732 -200.4602
v  36.5131 236.7641 -180.3050
v  36.9546 234.2110 -179.7528
v  50.6991 221.3294 -198.1807
v  50.8087 222.8732 -201.9279
v  35.5453 236.7641 -181.7634
v  48.2874 221.2654 -201.4515
v  34.5153 234.2110 -183.2365
v  51.4969 175.6371 -200.2055
v  50.3259 176.5244 -198.0882
v  50.4388 175.6371 -201.4804
v  48.3489 176.5244 -200.8864
v  39.2599 159.8492 -193.0324
v  39.6896 162.7758 -191.9090
v  38.1807 159.8492 -194.3755
v  37.5864 162.7758 -194.8548
v  26.8643 236.5406 -167.7352
v  27.2225 233.9875 -167.3127
v  25.9539 236.5406 -169.1614
v  25.0810 233.9875 -170.3199
v  29.6684 161.6438 -186.7576
v  29.2507 158.6844 -187.9249
v  28.3003 158.6844 -189.0258
v  27.9042 161.6109 -189.2376
v  45.6121 181.9123 -201.8271
v  45.6121 212.2062 -201.8271
v  52.9294 212.2062 -196.7034
v  52.9294 181.9123 -196.7035
v  37.1118 175.6982 -200.5214
v  54.6098 175.6982 -188.2692
v  54.6098 218.4203 -188.2692
v  37.1118 218.4203 -200.5214
v  38.4211 175.6982 -202.3914
v  55.9191 175.6982 -190.1391
v  55.9191 218.4203 -190.1391
v  38.4211 218.4203 -202.3914
v  -159.9696 115.4980 268.5906
v  -159.9696 117.3854 271.9902
v  -159.9696 126.3529 257.8434
v  -159.9696 121.7943 258.3704
v  -154.0812 115.4980 268.5906
v  -154.0812 121.7943 258.3704
v  -154.0812 117.3854 271.9902
v  -154.0812 126.3529 257.8434
v  -159.9696 89.7206 272.9822
v  -159.9696 89.0888 276.8217
v  -154.0812 89.7206 272.9822
v  -154.0812 89.0888 276.8217
v  -159.9695 77.4624 264.5125
v  -159.9695 72.6832 265.1987
v  -154.0812 77.4624 264.5125
v  -154.0812 72.6832 265.1987
v  -163.5397 152.6896 259.2179
v  -163.5397 137.2039 260.5728
v  -154.4840 137.2039 260.5728
v  -154.4840 152.6896 259.2179
v  -163.5397 136.7122 254.9524
v  -163.5397 152.1979 253.5976
v  -161.6018 154.1284 253.4287
v  -161.6018 154.6201 259.0490
v  -156.4219 154.6201 259.0490
v  -156.4219 154.1284 253.4287
v  -154.4840 152.1979 253.5976
v  -154.4840 136.7122 254.9524
v  -156.4219 134.7817 255.1213
v  -156.4219 135.2734 260.7416
v  -161.6018 135.2734 260.7416
v  -161.6018 134.7817 255.1213
v  -182.6149 231.0573 222.4614
v  -182.6149 235.3864 218.1323
v  -182.6149 235.3864 202.4629
v  -182.6149 191.6672 218.1323
v  -182.6149 195.9963 198.1338
v  -182.6150 231.0573 198.1338
v  -182.6149 191.6672 202.4629
v  -182.6149 195.9963 222.4614
v  -174.5163 191.6672 218.1323
v  -174.5163 191.6672 202.4629
v  -174.5163 195.9963 198.1338
v  -174.5163 231.0573 198.1338
v  -174.5163 235.3864 202.4629
v  -174.5163 235.3864 218.1323
v  -174.5163 231.0573 222.4614
v  -174.5163 195.9963 222.4614
v  -181.4159 94.1351 220.4829
v  -181.4159 94.1351 236.0278
v  -181.4159 103.1908 236.0278
v  -181.4159 103.1908 220.4829
v  -175.7741 94.1351 236.0278
v  -175.7741 94.1351 220.4829
v  -175.7741 96.0729 218.5450
v  -181.4159 96.0729 218.5450
v  -181.4159 101.2529 218.5450
v  -175.7741 101.2529 218.5450
v  -175.7741 103.1908 220.4829
v  -175.7741 103.1908 236.0278
v  -175.7741 101.2529 237.9657
v  -181.4159 101.2529 237.9657
v  -181.4159 96.0729 237.9657
v  -175.7741 96.0729 237.9657
v  -185.2519 94.1351 -262.0014
v  -185.2519 94.1351 -246.4565
v  -185.2519 103.1907 -246.4565
v  -185.2519 103.1908 -262.0015
v  -179.6101 94.1351 -246.4565
v  -179.6101 94.1351 -262.0014
v  -179.6101 96.0730 -263.9393
v  -185.2519 96.0730 -263.9393
v  -185.2519 101.2529 -263.9393
v  -179.6101 101.2529 -263.9393
v  -179.6101 103.1908 -262.0015
v  -179.6101 103.1907 -246.4565
v  -179.6101 101.2529 -244.5187
v  -185.2519 101.2529 -244.5187
v  -185.2519 96.0730 -244.5186
v  -179.6101 96.0730 -244.5186
v  -202.6233 222.8732 -200.4602
v  -201.3213 221.3294 -198.1807
v  -187.5768 234.2110 -179.7528
v  -187.1354 236.7641 -180.3050
v  -201.4310 222.8732 -201.9279
v  -186.1676 236.7641 -181.7634
v  -198.9096 221.2654 -201.4515
v  -185.1375 234.2110 -183.2365
v  -202.1191 175.6371 -200.2055
v  -200.9481 176.5244 -198.0882
v  -201.0611 175.6371 -201.4804
v  -198.9712 176.5244 -200.8864
v  -189.8821 159.8492 -193.0324
v  -190.3118 162.7758 -191.9090
v  -188.8030 159.8492 -194.3755
v  -188.2086 162.7758 -194.8548
v  -177.8448 233.9875 -167.3127
v  -177.4866 236.5406 -167.7352
v  -176.5762 236.5406 -169.1614
v  -175.7033 233.9875 -170.3199
v  -179.8730 158.6844 -187.9249
v  -180.2907 161.6438 -186.7576
v  -178.9225 158.6844 -189.0258
v  -178.5265 161.6109 -189.2376
v  -196.2343 181.9123 -201.8271
v  -203.5517 181.9123 -196.7035
v  -203.5517 212.2062 -196.7034
v  -196.2343 212.2062 -201.8271
v  -187.7340 175.6982 -200.5214
v  -187.7340 218.4203 -200.5214
v  -205.2320 218.4203 -188.2692
v  -205.2320 175.6982 -188.2692
v  -189.0434 175.6982 -202.3914
v  -206.5414 175.6982 -190.1391
v  -206.5414 218.4203 -190.1391
v  -189.0434 218.4203 -202.3914
v  -143.0621 60.9369 -284.2364
v  -146.4752 60.9369 -284.1479
v  -146.4170 87.8728 -284.0749
v  -142.7473 87.8728 -284.1633
v  -168.1409 54.6093 -277.6926
v  -167.0095 55.4100 -283.8694
v  -148.6533 55.4100 -284.1629
v  -147.6417 54.6093 -277.9981
v  -141.7350 87.8027 -277.9923
v  -142.0518 60.1362 -278.0658
v  -147.0823 103.4684 -277.8683
v  -148.0939 103.2707 -284.0332
v  -166.4500 103.2707 -283.7397
v  -167.5815 103.4684 -277.5628
v  -173.2875 87.8027 -277.5220
v  -173.1714 97.9415 -277.4951
v  -172.0412 97.7438 -283.6663
v  -172.1566 87.8728 -283.6931
v  -145.5758 56.0241 -284.2104
v  -144.5643 55.2234 -278.0422
v  -171.2042 55.2234 -277.6453
v  -170.0726 56.0241 -283.8187
v  -143.2101 100.8143 -284.1183
v  -142.1978 101.0120 -277.9481
v  -141.6189 97.9415 -277.9653
v  -142.6319 97.7438 -284.1365
v  -169.5275 102.6566 -283.6923
v  -170.6588 102.8543 -277.5187
v  -143.7121 57.8664 -284.2348
v  -142.7010 57.0657 -278.0648
v  -173.0253 57.0657 -277.6129
v  -171.8932 57.8664 -283.7842
v  -173.6042 60.1362 -277.5955
v  -172.4714 60.9369 -283.7661
v  -145.0308 102.6566 -284.0839
v  -144.0190 102.8543 -277.9157
v  -171.3913 100.8143 -283.6678
v  -172.5222 101.0120 -277.4961
v  -146.2782 97.7438 -284.0482
v  -168.3635 97.7438 -283.7546
v  -168.5023 87.8728 -283.7814
v  -168.5918 60.9369 -283.8544
v  -167.2693 97.2375 -286.2258
v  -147.4813 97.2375 -286.4887
v  -147.6057 88.3933 -286.5127
v  -167.3936 88.3933 -286.2497
v  -147.0084 71.6478 -283.3770
v  -147.1548 71.6744 -286.3137
v  -147.7812 75.2282 -286.2933
v  -147.6348 75.2016 -283.3566
v  -149.5852 78.3534 -286.2555
v  -149.4387 78.3268 -283.3187
v  -152.3491 80.6730 -286.2045
v  -152.2027 80.6464 -283.2678
v  -155.7397 81.9072 -286.1467
v  -155.5932 81.8806 -283.2100
v  -159.3478 81.9072 -286.0891
v  -159.2014 81.8806 -283.1523
v  -162.7385 80.6730 -286.0384
v  -162.5920 80.6464 -283.1017
v  -165.5026 78.3534 -286.0009
v  -165.3562 78.3268 -283.0643
v  -167.3069 75.2282 -285.9811
v  -167.1604 75.2016 -283.0444
v  -167.9336 71.6744 -285.9814
v  -167.7871 71.6478 -283.0447
v  -167.3072 68.1206 -286.0017
v  -167.1608 68.0940 -283.0650
v  -165.5033 64.9954 -286.0397
v  -165.3568 64.9688 -283.1030
v  -162.7393 62.6758 -286.0906
v  -162.5929 62.6493 -283.1539
v  -159.3488 61.4416 -286.1484
v  -159.2023 61.4150 -283.2116
v  -155.7406 61.4416 -286.2061
v  -155.5941 61.4150 -283.2693
v  -152.3499 62.6758 -286.2567
v  -152.2035 62.6492 -283.3199
v  -149.5858 64.9954 -286.2942
v  -149.4394 64.9688 -283.3574
v  -147.7816 68.1206 -286.3139
v  -147.6351 68.0940 -283.3772
v  -9.2829 60.9369 -284.2363
v  -9.5978 87.8728 -284.1633
v  -5.9281 87.8728 -284.0748
v  -5.8699 60.9369 -284.1479
v  15.7958 54.6093 -277.6926
v  -4.7034 54.6093 -277.9981
v  -3.6918 55.4100 -284.1629
v  14.6644 55.4100 -283.8694
v  -10.6101 87.8027 -277.9922
v  -10.2933 60.1362 -278.0658
v  -5.2628 103.4684 -277.8683
v  15.2364 103.4684 -277.5628
v  14.1049 103.2707 -283.7396
v  -4.2512 103.2707 -284.0331
v  20.9424 87.8027 -277.5220
v  19.8115 87.8728 -283.6931
v  19.6961 97.7438 -283.6662
v  20.8263 97.9415 -277.4951
v  -6.7693 56.0241 -284.2103
v  -7.7808 55.2234 -278.0422
v  18.8591 55.2234 -277.6452
v  17.7275 56.0241 -283.8187
v  -9.1350 100.8143 -284.1183
v  -9.7132 97.7438 -284.1365
v  -10.7262 97.9415 -277.9653
v  -10.1473 101.0120 -277.9480
v  17.1824 102.6566 -283.6922
v  18.3138 102.8543 -277.5187
v  -8.6330 57.8664 -284.2348
v  -9.6441 57.0657 -278.0648
v  20.6803 57.0657 -277.6129
v  19.5482 57.8664 -283.7842
v  21.2592 60.1362 -277.5955
v  20.1263 60.9369 -283.7661
v  -7.3143 102.6566 -284.0839
v  -8.3261 102.8543 -277.9156
v  19.0462 100.8143 -283.6678
v  20.1771 101.0120 -277.4961
v  -6.0669 97.7438 -284.0482
v  16.0184 97.7438 -283.7546
v  16.1573 87.8728 -283.7813
v  16.2467 60.9369 -283.8544
v  14.9242 97.2375 -286.2257
v  15.0486 88.3933 -286.2497
v  -4.7394 88.3933 -286.5126
v  -4.8638 97.2375 -286.4887
v  -5.3367 71.6478 -283.3769
v  -4.7103 75.2016 -283.3566
v  -4.5639 75.2282 -286.2933
v  -5.1903 71.6744 -286.3137
v  -2.9064 78.3268 -283.3187
v  -2.7599 78.3534 -286.2554
v  -0.1424 80.6464 -283.2678
v  0.0040 80.6730 -286.2045
v  3.2481 81.8806 -283.2100
v  3.3945 81.9072 -286.1467
v  6.8563 81.8806 -283.1523
v  7.0027 81.9072 -286.0891
v  10.2469 80.6464 -283.1017
v  10.3934 80.6730 -286.0383
v  13.0111 78.3268 -283.0642
v  13.1575 78.3534 -286.0009
v  14.8153 75.2016 -283.0444
v  14.9618 75.2282 -285.9811
v  15.4420 71.6478 -283.0447
v  15.5885 71.6744 -285.9814
v  14.8157 68.0940 -283.0650
v  14.9621 68.1206 -286.0017
v  13.0117 64.9688 -283.1029
v  13.1581 64.9954 -286.0396
v  10.2478 62.6493 -283.1538
v  10.3942 62.6758 -286.0905
v  6.8572 61.4150 -283.2115
v  7.0037 61.4416 -286.1483
v  3.2490 61.4150 -283.2693
v  3.3955 61.4416 -286.2060
v  -0.1416 62.6492 -283.3199
v  0.0049 62.6758 -286.2567
v  -2.9057 64.9688 -283.3574
v  -2.7593 64.9954 -286.2941
v  -4.7100 68.0940 -283.3772
v  -4.5635 68.1206 -286.3139
v  -21.2745 80.2208 -280.1870
v  -21.2745 78.7377 -280.1870
v  -132.0823 78.7377 -280.1871
v  -132.0823 80.2208 -280.1871
v  -21.2745 80.5748 -276.6116
v  -21.2745 78.3837 -276.6116
v  -132.0823 78.3837 -276.6118
v  -132.0823 80.5748 -276.6118
v  -21.2745 74.1861 -280.1870
v  -21.2745 72.7030 -280.1870
v  -132.0823 72.7030 -280.1871
v  -132.0823 74.1861 -280.1871
v  -21.2745 74.5402 -276.6116
v  -21.2745 72.3490 -276.6116
v  -132.0823 72.3490 -276.6118
v  -132.0823 74.5402 -276.6118
v  -21.2745 67.7850 -280.1870
v  -21.2745 66.3019 -280.1870
v  -132.0823 66.3019 -280.1871
v  -132.0823 67.7850 -280.1871
v  -21.2745 68.1390 -276.6116
v  -21.2745 65.9479 -276.6116
v  -132.0823 65.9479 -276.6118
v  -132.0823 68.1390 -276.6118
v  -26.6127 58.7367 -280.7325
v  -29.2323 58.7367 -280.7325
v  -29.2323 94.3820 -280.7325
v  -26.6127 94.3820 -280.7325
v  -25.9874 58.7367 -277.1571
v  -29.8576 58.7367 -277.1571
v  -29.8576 94.3820 -277.1571
v  -25.9874 94.3820 -277.1571
v  -37.5119 58.7367 -280.7325
v  -40.1314 58.7367 -280.7325
v  -40.1314 94.3820 -280.7325
v  -37.5119 94.3820 -280.7325
v  -36.8866 58.7367 -277.1571
v  -40.7568 58.7367 -277.1571
v  -40.7568 94.3820 -277.1571
v  -36.8866 94.3820 -277.1571
v  -48.4111 58.7367 -280.7325
v  -51.0306 58.7367 -280.7325
v  -51.0306 94.3820 -280.7325
v  -48.4111 94.3820 -280.7325
v  -47.7857 58.7367 -277.1571
v  -51.6559 58.7367 -277.1571
v  -51.6559 94.3820 -277.1571
v  -47.7857 94.3820 -277.1571
v  -59.3102 58.7367 -280.7325
v  -61.9298 58.7367 -280.7325
v  -61.9298 94.3820 -280.7325
v  -59.3102 94.3820 -280.7325
v  -58.6849 58.7367 -277.1571
v  -62.5551 58.7367 -277.1571
v  -62.5551 94.3820 -277.1571
v  -58.6849 94.3820 -277.1571
v  -70.2094 58.7367 -280.7325
v  -72.8289 58.7367 -280.7325
v  -72.8289 94.3820 -280.7325
v  -70.2094 94.3820 -280.7325
v  -69.5841 58.7367 -277.1571
v  -73.4543 58.7367 -277.1571
v  -73.4543 94.3820 -277.1571
v  -69.5841 94.3820 -277.1571
v  -81.1086 58.7367 -280.7325
v  -83.7281 58.7367 -280.7325
v  -83.7281 94.3820 -280.7325
v  -81.1086 94.3820 -280.7325
v  -80.4832 58.7367 -277.1571
v  -84.3534 58.7367 -277.1571
v  -84.3534 94.3820 -277.1571
v  -80.4832 94.3820 -277.1571
v  -92.0077 58.7367 -280.7325
v  -94.6273 58.7367 -280.7325
v  -94.6273 94.3820 -280.7325
v  -92.0077 94.3820 -280.7325
v  -91.3824 58.7367 -277.1571
v  -95.2526 58.7367 -277.1571
v  -95.2526 94.3820 -277.1571
v  -91.3824 94.3820 -277.1571
v  -102.9069 58.7367 -280.7325
v  -105.5264 58.7367 -280.7325
v  -105.5264 94.3820 -280.7325
v  -102.9069 94.3820 -280.7325
v  -102.2815 58.7367 -277.1571
v  -106.1518 58.7367 -277.1571
v  -106.1518 94.3820 -277.1571
v  -102.2815 94.3820 -277.1571
v  -113.8060 58.7367 -280.7325
v  -116.4256 58.7367 -280.7325
v  -116.4256 94.3820 -280.7325
v  -113.8060 94.3820 -280.7325
v  -113.1807 58.7367 -277.1571
v  -117.0509 58.7367 -277.1571
v  -117.0509 94.3820 -277.1571
v  -113.1807 94.3820 -277.1571
v  -124.7052 58.7367 -280.7325
v  -127.3248 58.7367 -280.7325
v  -127.3248 94.3820 -280.7325
v  -124.7052 94.3820 -280.7325
v  -124.0799 58.7367 -277.1571
v  -127.9501 58.7367 -277.1571
v  -127.9501 94.3820 -277.1571
v  -124.0799 94.3820 -277.1571
v  -188.5692 108.6374 -127.1980
v  -188.5617 108.6374 -125.8594
v  -188.5593 120.2796 -125.1328
v  -188.5668 120.2796 -127.7964
v  -186.7799 108.7713 -125.3763
v  -186.7875 108.7713 -127.6863
v  -185.5468 119.4276 -128.7680
v  -185.3787 123.7538 -128.7680
v  -188.0624 122.9197 -127.7963
v  -188.0548 122.9198 -125.1327
v  -185.3712 123.7538 -124.1715
v  -185.5392 119.4276 -124.1715
v  -182.8013 123.7527 -128.7758
v  -182.7938 123.7527 -124.1791
v  -182.9618 119.4264 -124.1793
v  -182.9693 119.4264 -128.7757
v  10.2068 177.1078 256.0758
v  1.1517 177.2119 256.0589
v  0.9709 161.7590 257.7374
v  10.0259 161.6548 257.7543
v  10.0294 161.0455 252.1455
v  10.2102 176.4985 250.4670
v  8.2950 178.4472 250.2542
v  3.1154 178.5067 250.2445
v  3.1120 179.1160 255.8532
v  8.2916 179.0564 255.8630
v  1.1551 176.6026 250.4501
v  0.9743 161.1497 252.1287
v  2.8895 159.2010 252.3415
v  8.0691 159.1414 252.3512
v  8.0656 159.7507 257.9600
v  2.8861 159.8103 257.9503
v  -154.5947 177.1341 256.3186
v  -163.6498 177.2383 256.3018
v  -163.8306 161.7853 257.9803
v  -154.7755 161.6812 257.9971
v  -154.7721 161.0719 252.3883
v  -154.5913 176.5249 250.7099
v  -156.5065 178.4736 250.4970
v  -161.6861 178.5331 250.4873
v  -161.6895 179.1424 256.0961
v  -156.5099 179.0828 256.1057
v  -163.6464 176.6290 250.6929
v  -163.8272 161.1761 252.3715
v  -161.9120 159.2274 252.5844
v  -156.7324 159.1678 252.5940
v  -156.7358 159.7771 258.2028
v  -161.9154 159.8366 258.1931
v  -154.7607 201.6573 252.7426
v  -163.8164 201.6573 252.7426
v  -163.8164 186.2568 254.8561
v  -154.7607 186.2568 254.8561
v  -154.7607 185.4897 249.2667
v  -154.7607 200.8902 247.1532
v  -156.6986 202.8101 246.8898
v  -161.8785 202.8101 246.8898
v  -161.8785 203.5772 252.4792
v  -156.6986 203.5772 252.4792
v  -163.8164 200.8902 247.1532
v  -163.8164 185.4897 249.2667
v  -161.8785 183.5698 249.5302
v  -156.6986 183.5698 249.5302
v  -156.6986 184.3368 255.1195
v  -161.8785 184.3368 255.1195
v  10.0406 201.6577 252.7452
v  0.9849 201.6577 252.7452
v  0.9849 186.2571 254.8587
v  10.0406 186.2571 254.8587
v  10.0406 185.4900 249.2693
v  10.0406 200.8906 247.1559
v  8.1027 202.8105 246.8924
v  2.9228 202.8105 246.8924
v  2.9228 203.5775 252.4818
v  8.1027 203.5775 252.4818
v  0.9849 200.8906 247.1559
v  0.9849 185.4900 249.2693
v  2.9228 183.5701 249.5329
v  8.1027 183.5701 249.5329
v  8.1027 184.3372 255.1221
v  2.9228 184.3372 255.1221
v  10.1956 225.2368 249.6958
v  1.1406 225.3410 249.6789
v  0.9597 209.8880 251.3575
v  10.0148 209.7839 251.3743
v  10.0182 209.1746 245.7655
v  10.1991 224.6275 244.0870
v  8.2839 226.5762 243.8741
v  3.1043 226.6358 243.8645
v  3.1009 227.2451 249.4733
v  8.2805 227.1855 249.4830
v  1.1440 224.7317 244.0701
v  0.9632 209.2787 245.7487
v  2.8784 207.3301 245.9615
v  8.0579 207.2705 245.9712
v  8.0545 207.8798 251.5800
v  2.8749 207.9393 251.5703
v  -154.0291 225.2247 249.5847
v  -163.0842 225.3289 249.5679
v  -163.2650 209.8760 251.2464
v  -154.2100 209.7718 251.2632
v  -154.2065 209.1625 245.6545
v  -154.0257 224.6155 243.9759
v  -155.9409 226.5642 243.7631
v  -161.1205 226.6237 243.7535
v  -161.1239 227.2330 249.3622
v  -155.9443 227.1734 249.3719
v  -163.0807 224.7196 243.9591
v  -163.2616 209.2667 245.6376
v  -161.3464 207.3180 245.8505
v  -156.1668 207.2584 245.8601
v  -156.1702 207.8677 251.4689
v  -161.3498 207.9273 251.4592
v  -68.2381 242.6879 248.2455
v  -68.1277 251.6217 246.7688
v  -83.6714 251.8047 246.7135
v  -83.7818 242.8709 248.1902
v  -83.7728 241.9507 242.6239
v  -68.2290 241.7677 242.6794
v  -66.2677 243.6567 242.3703
v  -66.2045 248.7669 241.5256
v  -66.2136 249.6871 247.0918
v  -66.2768 244.5769 247.9365
v  -68.1186 250.7015 241.2027
v  -83.6624 250.8845 241.1472
v  -85.6237 248.9955 241.4563
v  -85.6869 243.8853 242.3010
v  -85.6959 244.8055 247.8672
v  -85.6327 249.9157 247.0225
v  -5.6065 50.7383 78.8649
v  -5.6065 62.3367 84.4413
v  -5.6065 65.5795 158.8949
v  -5.6065 49.6482 168.2839
v  -5.6065 73.6577 95.4029
v  -5.6065 74.5910 146.2867
v  -5.6065 79.3491 113.1947
v  -5.6065 79.3200 130.5289
v  -147.3384 50.7383 78.8648
v  -147.3384 49.6482 168.2838
v  -147.3384 65.5795 158.8949
v  -147.3384 62.3367 84.4411
v  -147.3384 73.6577 95.4027
v  -147.3384 74.5910 146.2866
v  -147.3384 79.3200 130.5288
v  -147.3384 79.3491 113.1946
# 1178 vertices

vn 1.0000 0.0000 -0.0000
vn 1.0000 0.0000 0.0010
vn 1.0000 0.0001 0.0005
vn 0.9970 0.0540 -0.0563
vn 1.0000 -0.0000 0.0000
vn 1.0000 0.0000 0.0000
vn 0.9926 0.1070 -0.0582
vn 1.0000 -0.0000 -0.0000
vn 0.9971 0.0759 0.0005
vn 0.9999 -0.0146 0.0021
vn 0.9945 0.1039 -0.0095
vn 0.9937 0.1007 -0.0486
vn 0.9952 0.0983 0.0007
vn 1.0000 -0.0011 0.0011
vn 0.9839 0.0846 0.1574
vn 0.9861 -0.0019 0.1662
vn 0.9794 0.0837 -0.1837
vn 0.9910 0.0089 -0.1338
vn 0.9927 0.0556 -0.1069
vn 0.9954 -0.0019 -0.0960
vn 0.9903 0.0123 0.1386
vn 0.9878 0.0144 0.1551
vn 0.6223 -0.7828 -0.0008
vn 0.6237 -0.7817 -0.0009
vn 0.5467 -0.8373 0.0028
vn 0.5453 -0.8382 0.0028
vn 0.5557 -0.8257 0.0970
vn 0.5590 -0.8257 0.0754
vn 0.0881 0.9858 0.1431
vn 0.0985 0.9951 0.0012
vn 0.0000 1.0000 0.0012
vn 0.0009 0.9892 0.1463
vn 0.0990 0.9951 -0.0009
vn -0.0000 1.0000 -0.0010
vn 0.0924 0.8486 -0.5209
vn 0.0946 0.5330 -0.8408
vn 0.0000 0.5334 -0.8459
vn 0.0000 0.8547 -0.5191
vn -0.0000 0.3126 -0.9499
vn 0.0000 0.3126 -0.9499
vn 0.1054 0.9939 -0.0316
vn 0.1296 0.9562 -0.2626
vn 0.0000 0.9609 -0.2770
vn -0.0000 0.9997 -0.0231
vn -0.0000 -0.6281 -0.7781
vn 0.0000 -0.4341 -0.9008
vn -0.0000 -0.4265 -0.9045
vn -0.0000 -0.8731 -0.4876
vn -0.0000 -0.9847 0.1741
vn -0.0000 -0.9861 -0.1660
vn 0.0000 -0.9847 0.1741
vn 0.0000 -0.8191 0.5736
vn 0.0000 -0.5216 0.8532
vn 0.0000 -0.3864 0.9223
vn 0.0000 -0.9997 -0.0232
vn 0.0867 0.1812 -0.9796
vn 0.0986 0.0000 -0.9951
vn 0.0000 0.0000 -1.0000
vn 0.0000 0.1777 -0.9841
vn -0.0000 -0.4112 -0.9115
vn -0.0092 0.9566 -0.2912
vn 0.0000 0.9586 -0.2847
vn 0.0019 -0.9805 0.1967
vn 0.3658 0.1082 0.9244
vn 0.0038 0.1320 0.9912
vn 0.0072 0.1475 0.9890
vn -0.0088 0.1348 0.9908
vn 0.0000 -1.0000 0.0000
vn 0.0691 0.7427 -0.6661
vn 0.0000 0.8019 -0.5974
vn -0.0000 1.0000 0.0012
vn -0.0009 0.9891 0.1472
vn 0.0000 1.0000 -0.0010
vn -0.0000 0.9609 -0.2770
vn 0.0000 0.9997 -0.0231
vn -0.0001 0.6305 -0.7761
vn 0.0000 0.5613 -0.8276
vn 0.0000 0.7630 -0.6464
vn 0.0000 0.6304 -0.7763
vn -0.0000 0.7630 -0.6464
vn 0.8514 0.4536 -0.2636
vn 0.8567 0.2604 -0.4453
vn 0.8382 0.0728 -0.5405
vn 0.8832 -0.0038 -0.4689
vn 0.8219 0.5413 -0.1772
vn 0.4386 0.7642 -0.4729
vn 0.4475 0.4768 -0.7566
vn 0.4228 0.1631 -0.8914
vn 0.4726 -0.0018 -0.8813
vn 0.2454 0.9238 -0.2938
vn 0.8689 0.4718 0.1500
vn 0.8817 0.4718 0.0005
vn 0.8895 0.4568 0.0000
vn 0.8769 0.4795 -0.0346
vn 0.8767 0.4531 -0.1614
vn 0.8441 0.3769 -0.3814
vn 0.7432 0.2736 -0.6106
vn 0.4649 0.8748 0.1366
vn 0.4718 0.8817 0.0010
vn 0.4773 0.8787 -0.0007
vn 0.0500 0.3086 -0.9499
vn 0.0100 0.3078 -0.9514
vn 0.0314 0.3103 -0.9501
vn 0.4717 0.8805 -0.0467
vn 0.4981 0.8273 -0.2597
vn 0.4001 0.6677 -0.6278
vn 0.3335 0.4205 -0.8438
vn 0.0856 0.5854 -0.8062
vn 0.8273 -0.3658 0.4264
vn 0.9450 -0.2885 -0.1542
vn 0.9460 -0.2658 -0.1858
vn 0.8029 -0.2948 0.5180
vn 0.8558 0.3581 -0.3734
vn 0.8529 0.3980 -0.3378
vn 0.8104 0.3235 0.4885
vn 0.8242 -0.0143 0.5661
vn 0.8247 -0.0345 0.5645
vn 0.7782 0.4743 0.4117
vn 0.7406 0.6554 0.1478
vn 0.7500 0.6538 0.1004
vn 0.5751 0.0009 0.8181
vn 0.5599 0.0003 0.8286
vn 0.5602 0.0003 0.8284
vn 0.5753 0.0009 0.8179
vn 1.0000 0.0003 0.0021
vn 1.0000 0.0004 0.0019
vn 1.0000 0.0007 0.0048
vn 0.9999 0.0013 0.0106
vn -0.0241 0.3392 -0.9404
vn 0.0000 0.3657 -0.9307
vn 0.0068 0.3126 -0.9499
vn 0.0081 0.3078 -0.9514
vn 0.0000 0.3078 -0.9514
vn -0.0000 0.3078 -0.9514
vn 0.8145 0.1835 -0.5503
vn 0.2445 0.3100 -0.9188
vn 0.1480 0.3555 -0.9229
vn -0.0136 -0.3872 -0.9219
vn -0.0019 -0.3316 -0.9434
vn -0.5515 0.2553 -0.7941
vn -0.6642 0.2337 -0.7101
vn 0.0090 0.7725 -0.6349
vn -0.0001 0.7306 -0.6829
vn -0.0000 0.7726 -0.6349
vn -0.4598 -0.1678 -0.8721
vn -0.4765 -0.1736 -0.8619
vn -0.3283 0.6946 -0.6401
vn -0.2942 0.5341 -0.7926
vn 1.0000 0.0003 0.0022
vn 1.0000 0.0043 0.0035
vn 1.0000 0.0004 0.0022
vn 1.0000 0.0044 0.0032
vn 1.0000 0.0001 0.0008
vn 1.0000 -0.0000 0.0006
vn 0.8199 0.3880 0.4209
vn 0.7918 -0.1829 0.5828
vn 0.7880 -0.1490 0.5974
vn 0.8092 0.4688 0.3541
vn 0.7891 -0.4736 0.3912
vn 0.7798 -0.5217 0.3460
vn 0.7059 -0.6961 0.1311
vn 0.6795 -0.7306 0.0675
vn 0.7216 -0.6711 -0.1700
vn 0.6920 -0.7156 -0.0955
vn 0.7890 -0.4650 -0.4016
vn 0.7830 -0.5013 -0.3683
vn 0.7934 -0.1913 -0.5779
vn 0.7907 -0.1604 -0.5908
vn 0.8173 0.3901 -0.4240
vn 0.8054 0.4742 -0.3556
vn 0.0000 -0.3316 -0.9434
vn 0.6845 0.2278 -0.6925
vn 0.7647 0.1984 -0.6131
vn 0.4029 0.5369 -0.7412
vn 0.4084 0.5357 -0.7391
vn 0.4704 -0.0566 -0.8806
vn 0.4710 -0.0528 -0.8806
vn 0.0000 0.3125 -0.9499
vn 0.9475 0.0538 0.3151
vn 0.9551 0.0362 0.2939
vn 0.9572 0.0255 0.2883
vn 0.9490 0.0291 0.3141
vn 0.5493 -0.8175 0.1730
vn 0.5436 -0.8206 0.1765
vn -0.0003 0.1301 0.9915
vn 0.0022 0.1413 0.9900
vn -0.0028 0.1413 0.9900
vn 0.0131 0.9534 0.3014
vn 0.3844 0.8696 0.3099
vn 0.8568 0.4034 0.3210
vn 0.0099 0.1297 0.9915
vn 0.7016 0.0628 0.7098
vn 0.0022 0.9583 0.2856
vn -0.0024 0.9578 0.2874
vn -0.9097 0.0463 0.4126
vn -0.9083 0.0468 0.4158
vn -0.0149 -0.9951 0.0973
vn 0.0000 -0.9970 0.0775
vn -1.0000 0.0000 -0.0000
vn -1.0000 0.0001 0.0005
vn -1.0000 0.0000 0.0010
vn -0.9970 0.0540 -0.0563
vn -0.9926 0.1070 -0.0582
vn -1.0000 -0.0000 -0.0000
vn -1.0000 -0.0000 0.0000
vn -1.0000 0.0000 0.0000
vn -0.9971 0.0759 0.0005
vn -0.9945 0.1039 -0.0095
vn -0.9999 -0.0146 0.0021
vn -0.9937 0.1007 -0.0486
vn -1.0000 -0.0011 0.0011
vn -0.9952 0.0983 0.0007
vn -0.9860 -0.0019 0.1669
vn -0.9837 0.0847 0.1584
vn -0.9794 0.0837 -0.1837
vn -0.9927 0.0556 -0.1069
vn -0.9910 0.0089 -0.1338
vn -0.9954 -0.0019 -0.0960
vn -0.9878 0.0144 0.1550
vn -0.9901 0.0124 0.1397
vn -0.6223 -0.7828 -0.0008
vn -0.5453 -0.8382 0.0028
vn -0.5467 -0.8373 0.0028
vn -0.6237 -0.7817 -0.0009
vn -0.5557 -0.8252 0.1011
vn -0.5590 -0.8254 0.0788
vn -0.0881 0.9856 0.1444
vn -0.0985 0.9951 0.0012
vn -0.0990 0.9951 -0.0009
vn -0.0924 0.8486 -0.5209
vn -0.0946 0.5330 -0.8408
vn -0.0000 0.3125 -0.9499
vn -0.1054 0.9939 -0.0316
vn -0.1296 0.9562 -0.2626
vn 0.0000 -0.6281 -0.7781
vn 0.0000 -0.4265 -0.9045
vn 0.0000 -0.8731 -0.4876
vn 0.0000 -0.9861 -0.1660
vn -0.0000 -0.8191 0.5736
vn -0.0000 -0.5216 0.8532
vn -0.0000 -0.3864 0.9223
vn -0.0867 0.1812 -0.9796
vn 0.0000 -0.0000 -1.0000
vn -0.0987 0.0000 -0.9951
vn 0.0092 0.9566 -0.2912
vn -0.0019 -0.9803 0.1977
vn -0.3646 0.1084 0.9248
vn 0.0083 0.1349 0.9908
vn -0.0120 0.1423 0.9897
vn -0.0044 0.1320 0.9912
vn -0.0000 -1.0000 0.0000
vn -0.0691 0.7427 -0.6661
vn -0.0003 0.1570 0.9876
vn -0.0350 0.3120 -0.9494
vn -0.0201 0.3125 -0.9497
vn 0.0000 -0.9997 -0.0230
vn -0.0000 -0.9997 -0.0230
vn 0.0001 0.6305 -0.7761
vn 0.0000 -1.0000 -0.0000
vn -0.0000 -1.0000 -0.0000
vn 0.0004 -0.9805 0.1965
vn -0.0000 -0.9803 0.1974
vn 0.0000 -0.6121 -0.7908
vn 0.0000 -0.3731 -0.9278
vn 0.0000 -0.9132 -0.4075
vn 0.0000 -1.0000 -0.0023
vn 0.0000 -0.9151 0.4032
vn 0.0000 -0.6350 0.7725
vn -0.0000 -0.6350 0.7725
vn -0.0000 -0.2796 0.9601
vn -0.0000 -0.1302 0.9915
vn 0.0000 0.0927 0.9957
vn 0.0000 -0.9999 -0.0140
vn -0.8514 0.4536 -0.2636
vn -0.8567 0.2604 -0.4453
vn -0.8382 0.0728 -0.5405
vn -0.8832 -0.0038 -0.4689
vn -0.8219 0.5413 -0.1772
vn -0.4386 0.7642 -0.4729
vn -0.4475 0.4768 -0.7566
vn -0.4228 0.1631 -0.8914
vn -0.4726 -0.0018 -0.8813
vn -0.2454 0.9238 -0.2938
vn -0.8686 0.4718 0.1512
vn -0.8817 0.4718 0.0005
vn -0.8895 0.4568 0.0000
vn -0.8769 0.4795 -0.0346
vn -0.8767 0.4531 -0.1614
vn -0.8441 0.3769 -0.3814
vn -0.7432 0.2736 -0.6106
vn -0.4648 0.8747 0.1377
vn -0.4718 0.8817 0.0010
vn -0.4773 0.8787 -0.0007
vn -0.0500 0.3086 -0.9499
vn -0.0314 0.3103 -0.9501
vn -0.0100 0.3078 -0.9514
vn -0.4717 0.8805 -0.0467
vn -0.4981 0.8273 -0.2597
vn -0.4001 0.6677 -0.6278
vn -0.3335 0.4205 -0.8438
vn -0.0856 0.5854 -0.8062
vn -0.8273 -0.3658 0.4264
vn -0.8029 -0.2948 0.5180
vn -0.9460 -0.2658 -0.1858
vn -0.9450 -0.2885 -0.1542
vn -0.8558 0.3581 -0.3734
vn -0.8529 0.3980 -0.3378
vn -0.8104 0.3235 0.4885
vn -0.7782 0.4743 0.4117
vn -0.8247 -0.0345 0.5645
vn -0.8242 -0.0143 0.5661
vn -0.7406 0.6554 0.1478
vn -0.7500 0.6538 0.1004
vn -0.5751 0.0009 0.8181
vn -0.5753 0.0009 0.8179
vn -0.5602 0.0003 0.8284
vn -0.5599 0.0003 0.8286
vn -1.0000 0.0003 0.0021
vn -0.9999 0.0013 0.0106
vn -1.0000 0.0007 0.0048
vn -1.0000 0.0004 0.0019
vn 0.0241 0.3392 -0.9404
vn -0.0081 0.3078 -0.9514
vn -0.0068 0.3126 -0.9499
vn -0.8145 0.1835 -0.5503
vn -0.2445 0.3100 -0.9188
vn -0.1480 0.3555 -0.9229
vn 0.0019 -0.3316 -0.9434
vn 0.0136 -0.3872 -0.9219
vn 0.6642 0.2337 -0.7101
vn 0.5515 0.2553 -0.7941
vn 0.1849 0.6221 -0.7608
vn 0.1257 0.6795 -0.7228
vn -0.0041 0.7707 -0.6372
vn -0.0045 0.7726 -0.6349
vn -0.2280 0.6550 -0.7204
vn -0.2117 0.6724 -0.7093
vn 0.4765 -0.1736 -0.8619
vn 0.4597 -0.1678 -0.8721
vn 0.3166 0.6346 -0.7050
vn 0.3283 0.6946 -0.6401
vn -1.0000 0.0003 0.0022
vn -1.0000 0.0043 0.0035
vn -1.0000 0.0004 0.0022
vn -1.0000 0.0044 0.0032
vn -1.0000 -0.0000 0.0006
vn -1.0000 0.0001 0.0008
vn -0.8199 0.3880 0.4209
vn -0.8092 0.4688 0.3541
vn -0.7880 -0.1490 0.5974
vn -0.7918 -0.1829 0.5828
vn -0.7798 -0.5217 0.3460
vn -0.7891 -0.4736 0.3912
vn -0.6795 -0.7306 0.0675
vn -0.7059 -0.6961 0.1311
vn -0.6920 -0.7156 -0.0955
vn -0.7216 -0.6711 -0.1700
vn -0.7830 -0.5013 -0.3683
vn -0.7890 -0.4650 -0.4016
vn -0.7907 -0.1604 -0.5908
vn -0.7934 -0.1913 -0.5779
vn -0.8054 0.4742 -0.3556
vn -0.8173 0.3901 -0.4240
vn -0.6511 0.1468 -0.7447
vn -0.5551 0.0427 -0.8307
vn -0.4666 0.4507 -0.7610
vn -0.5794 0.3379 -0.7417
vn -0.4768 -0.0184 -0.8788
vn -0.4713 -0.0575 -0.8801
vn -0.0725 0.3117 -0.9474
vn -0.1271 0.3088 -0.9426
vn -0.9469 0.0539 0.3171
vn -0.9546 0.0364 0.2957
vn -0.9489 0.0292 0.3141
vn -0.9567 0.0258 0.2900
vn -0.5490 -0.8161 0.1804
vn -0.5433 -0.8191 0.1840
vn -0.3841 0.8689 0.3124
vn -0.0132 0.9527 0.3037
vn -0.8561 0.4032 0.3233
vn -0.0276 0.1289 0.9913
vn -0.6994 0.0632 0.7119
vn 0.9075 0.0470 0.4174
vn 0.9089 0.0465 0.4144
vn 0.0000 -0.8351 0.5501
vn -0.0001 -0.8364 0.5481
vn 0.0000 0.9921 0.1258
vn -0.0001 0.9919 0.1267
vn -0.0000 -0.9970 0.0775
vn 0.0148 -0.9952 0.0972
vn -0.0000 -0.9955 0.0950
vn 0.0000 -0.9955 0.0949
vn 0.0000 1.0000 -0.0000
vn -0.8354 0.0000 -0.5496
vn 0.0000 -0.8472 -0.5313
vn 0.8393 0.0000 -0.5436
vn 0.0000 0.8472 -0.5313
vn -0.0000 0.0962 0.9954
vn 0.0000 0.0962 0.9954
vn -0.7061 0.0681 0.7049
vn -0.7169 0.0646 0.6942
vn 0.0000 -0.4456 0.8952
vn 0.7224 0.0665 0.6882
vn 0.7117 0.0651 0.6995
vn 0.0000 0.6163 0.7875
vn 0.0007 -0.9997 -0.0225
vn 0.0004 -0.9997 -0.0228
vn 0.0001 -0.9997 -0.0230
vn -0.0007 -0.9997 -0.0225
vn -0.0001 -0.9997 -0.0230
vn -0.0004 -0.9997 -0.0228
vn -0.0767 0.0193 0.9969
vn -0.0721 0.0008 0.9974
vn -0.0693 0.0065 0.9976
vn 0.4940 -0.0125 -0.8694
vn 0.5116 0.2240 -0.8295
vn 0.8043 0.2054 -0.5576
vn 0.8313 -0.0113 -0.5556
vn 0.9817 -0.0118 -0.1902
vn 0.9561 0.2175 -0.1962
vn 0.9753 0.2203 -0.0169
vn 0.9998 -0.0123 -0.0173
vn -0.9988 0.0000 0.0481
vn -0.9966 0.0000 0.0829
vn 0.9696 -0.2443 -0.0160
vn 0.9696 -0.2443 -0.0168
vn 0.9998 -0.0123 -0.0165
vn 0.5104 -0.2477 -0.8235
vn 0.1499 -0.2983 -0.9426
vn 0.1503 -0.0142 -0.9885
vn -0.6951 0.0000 0.7189
vn 0.9503 -0.2415 -0.1963
vn 0.7988 -0.2273 -0.5571
vn -0.0209 0.0000 0.9998
vn -0.0418 0.0000 0.9991
vn -0.0767 -0.0173 0.9969
vn -0.0696 -0.0064 0.9976
vn -0.9931 0.0000 0.1176
vn 0.9753 0.2203 -0.0161
vn 0.0209 0.0000 0.9998
vn 0.1521 0.2698 -0.9508
vn 0.3278 0.7835 -0.5279
vn 0.5290 0.7752 -0.3453
vn 0.5237 0.7722 -0.3598
vn 0.3047 0.7851 -0.5392
vn 0.6246 0.7734 -0.1086
vn 0.6245 0.7810 -0.0065
vn 0.6265 0.7794 -0.0072
vn 0.6239 0.7707 -0.1295
vn 0.6257 0.7800 -0.0109
vn 0.6254 0.7802 -0.0107
vn 0.0924 0.7962 -0.5979
vn 0.0936 0.7967 -0.5971
vn 0.0767 0.0193 0.9969
vn 0.0693 0.0065 0.9976
vn 0.0721 0.0008 0.9974
vn -0.4940 -0.0125 -0.8694
vn -0.8313 -0.0113 -0.5556
vn -0.8043 0.2054 -0.5576
vn -0.5116 0.2240 -0.8295
vn -0.9817 -0.0118 -0.1902
vn -0.9998 -0.0123 -0.0173
vn -0.9753 0.2203 -0.0169
vn -0.9561 0.2175 -0.1962
vn 0.9988 0.0000 0.0481
vn 0.9966 0.0000 0.0829
vn -0.9696 -0.2443 -0.0160
vn -0.9998 -0.0123 -0.0165
vn -0.9696 -0.2443 -0.0168
vn -0.5104 -0.2477 -0.8235
vn -0.1503 -0.0142 -0.9885
vn -0.1499 -0.2983 -0.9426
vn 0.6951 0.0000 0.7189
vn -0.9503 -0.2415 -0.1963
vn -0.7988 -0.2273 -0.5571
vn 0.0418 0.0000 0.9991
vn -0.1521 0.2698 -0.9508
vn 0.0696 -0.0064 0.9976
vn 0.0767 -0.0173 0.9969
vn 0.9931 0.0000 0.1176
vn -0.9753 0.2203 -0.0161
vn -0.0936 0.7967 -0.5971
vn -0.0924 0.7962 -0.5979
vn -0.3278 0.7835 -0.5279
vn -0.3047 0.7851 -0.5391
vn -0.5237 0.7722 -0.3598
vn -0.5290 0.7752 -0.3453
vn -0.6246 0.7734 -0.1086
vn -0.6239 0.7707 -0.1295
vn -0.6265 0.7794 -0.0072
vn -0.6245 0.7810 -0.0065
vn -0.6254 0.7802 -0.0107
vn -0.6257 0.7800 -0.0109
vn 0.1499 -0.2983 0.9426
vn 0.1503 -0.0142 0.9885
vn -0.0000 -0.0150 0.9999
vn -0.0000 -0.3017 0.9534
vn -0.0767 0.0193 -0.9969
vn -0.0693 0.0065 -0.9976
vn -0.0721 0.0008 -0.9974
vn 0.4940 -0.0125 0.8694
vn 0.8313 -0.0113 0.5556
vn 0.8043 0.2054 0.5576
vn 0.5116 0.2240 0.8295
vn 0.9817 -0.0118 0.1902
vn 0.9998 -0.0123 0.0138
vn 0.9753 0.2203 0.0135
vn 0.9561 0.2175 0.1962
vn -0.9996 0.0000 -0.0269
vn -0.9974 0.0000 -0.0723
vn 0.9697 -0.2443 0.0092
vn 0.9999 -0.0123 0.0095
vn 0.9696 -0.2443 0.0134
vn 0.5104 -0.2477 0.8235
vn -0.6951 0.0000 -0.7189
vn 0.9503 -0.2415 0.1963
vn 0.7988 -0.2273 0.5571
vn -0.0209 0.0000 -0.9998
vn -0.0418 0.0000 -0.9991
vn 0.1521 0.2698 0.9508
vn -0.0000 0.2729 0.9620
vn -0.0696 -0.0064 -0.9976
vn -0.0767 -0.0173 -0.9969
vn -0.9931 0.0000 -0.1176
vn 0.9754 0.2203 0.0092
vn -0.0000 0.7505 0.6609
vn -0.0000 0.7489 0.6627
vn 0.0953 0.7960 0.5978
vn 0.0943 0.7962 0.5976
vn 0.3278 0.7835 0.5279
vn 0.3047 0.7851 0.5391
vn 0.5237 0.7722 0.3598
vn 0.5290 0.7752 0.3453
vn 0.6245 0.7734 0.1086
vn 0.6239 0.7707 0.1295
vn 0.6265 0.7794 0.0050
vn 0.6245 0.7810 0.0043
vn 0.6254 0.7803 0.0062
vn 0.6255 0.7802 0.0062
vn -0.1499 -0.2983 0.9426
vn -0.1503 -0.0142 0.9885
vn 0.0767 0.0193 -0.9969
vn 0.0721 0.0008 -0.9974
vn 0.0693 0.0065 -0.9976
vn -0.4940 -0.0125 0.8694
vn -0.5116 0.2240 0.8295
vn -0.8043 0.2054 0.5576
vn -0.8313 -0.0113 0.5556
vn -0.9817 -0.0118 0.1902
vn -0.9561 0.2175 0.1962
vn -0.9753 0.2203 0.0135
vn -0.9998 -0.0123 0.0138
vn 0.9996 0.0000 -0.0269
vn 0.9974 0.0000 -0.0723
vn -0.9697 -0.2443 0.0092
vn -0.9696 -0.2443 0.0134
vn -0.9999 -0.0123 0.0095
vn -0.5104 -0.2477 0.8235
vn 0.6951 0.0000 -0.7189
vn -0.9503 -0.2415 0.1963
vn -0.7988 -0.2273 0.5571
vn 0.0209 0.0000 -0.9998
vn 0.0418 0.0000 -0.9991
vn -0.1521 0.2698 0.9508
vn 0.0767 -0.0173 -0.9969
vn 0.0696 -0.0064 -0.9976
vn 0.9931 0.0000 -0.1176
vn -0.9754 0.2203 0.0092
vn -0.0943 0.7962 0.5976
vn -0.0953 0.7960 0.5978
vn -0.3278 0.7835 0.5279
vn -0.5290 0.7752 0.3453
vn -0.5237 0.7722 0.3598
vn -0.3047 0.7851 0.5391
vn -0.6245 0.7734 0.1086
vn -0.6245 0.7810 0.0043
vn -0.6265 0.7794 0.0050
vn -0.6239 0.7707 0.1295
vn -0.6255 0.7802 0.0062
vn -0.6254 0.7803 0.0062
vn -0.0000 0.9874 -0.1583
vn 0.0000 0.9874 -0.1584
vn 0.0000 -0.9874 0.1583
vn 0.0000 -0.9874 0.1584
vn 0.0000 0.9874 -0.1583
vn -0.0000 -0.1584 -0.9874
vn -0.0000 -0.9874 0.1583
vn 0.0000 0.1584 0.9874
vn -0.0000 -0.9874 0.1584
vn 0.0000 -0.9951 -0.0985
vn 0.0000 0.9951 -0.0985
vn 0.0000 -0.8514 -0.5245
vn 0.0000 0.8446 0.5354
vn 0.0000 -0.1679 -0.9858
vn 0.0000 0.1683 0.9857
vn 0.0000 0.5684 -0.8227
vn 0.0000 -0.5781 0.8160
vn 0.0000 0.1254 0.9921
vn 0.9239 -0.3797 0.0480
vn 0.9239 0.3797 -0.0480
vn 0.3827 0.9166 -0.1159
vn -0.3827 0.9166 -0.1159
vn -0.9239 0.3797 -0.0480
vn -0.9239 -0.3797 0.0480
vn -0.3827 -0.9166 0.1159
vn 0.3827 -0.9166 0.1159
vn 0.0000 0.0000 1.0000
vn 0.0000 -0.7071 -0.7071
vn 0.0000 -0.7071 0.7071
vn 0.0000 0.7071 -0.7071
vn 0.0000 0.7071 0.7071
vn 0.0000 -0.9239 0.3827
vn 0.0000 -0.9239 -0.3827
vn 0.0000 -0.3827 -0.9239
vn 0.0000 0.3827 -0.9239
vn 0.0000 0.9239 -0.3827
vn 0.0000 0.9239 0.3827
vn 0.0000 0.3827 0.9239
vn 0.0000 -0.3827 0.9239
vn 1.0000 -0.0001 0.0052
vn 0.9954 0.0960 0.0028
vn 0.9953 0.0963 0.0029
vn 1.0000 -0.0001 0.0056
vn -0.0750 -0.9972 -0.0003
vn -0.0749 -0.9972 -0.0002
vn -0.0751 -0.9972 -0.0004
vn 0.2702 -0.0510 -0.9615
vn 0.2115 -0.0184 -0.9772
vn 0.3191 -0.0079 -0.9477
vn 0.2605 -0.0495 -0.9642
vn 0.1321 0.9912 0.0003
vn 0.1323 0.9912 0.0002
vn 0.2968 0.9549 0.0006
vn 0.2965 0.9550 0.0008
vn 0.1417 0.0155 0.9898
vn 0.2084 -0.0226 0.9778
vn 0.3171 -0.0130 0.9483
vn 0.3550 0.0678 0.9324
vn -0.0004 1.0000 -0.0000
vn -0.0030 -0.0001 1.0000
vn 0.9822 0.1877 0.0028
vn 0.1465 0.0158 -0.9891
vn 0.3584 0.0685 -0.9310
vn 0.2671 -0.0617 0.9617
vn 0.2570 -0.0601 0.9645
vn 0.0030 0.0001 -1.0000
vn -0.9933 -0.1157 -0.0019
vn -0.9933 -0.1158 -0.0016
vn -0.9933 -0.1154 -0.0028
vn -0.9933 -0.1153 -0.0032
vn 0.0004 -1.0000 0.0000
vn 0.8535 0.0559 0.5181
vn 0.8003 0.2557 0.5424
vn 0.8094 0.2484 0.5321
vn 0.8526 0.0493 0.5203
vn 0.3818 0.8716 -0.3075
vn 0.4191 0.8643 -0.2781
vn 0.4172 0.8647 -0.2797
vn 0.3801 0.8719 -0.3088
vn -0.3301 0.2519 -0.9097
vn -0.4032 0.5739 -0.7128
vn -0.4100 0.5687 -0.7131
vn -0.3621 0.3034 -0.8814
vn -0.4007 -0.8624 0.3094
vn -0.4163 -0.8612 0.2915
vn -0.4149 -0.8613 0.2932
vn -0.3992 -0.8625 0.3112
vn 0.8281 -0.1764 0.5321
vn 0.8303 -0.1699 0.5308
vn 0.7696 -0.0117 -0.6384
vn 0.7761 -0.0120 -0.6305
vn 0.7759 -0.0120 -0.6307
vn 0.7695 -0.0117 -0.6386
vn -0.3017 -0.0783 -0.9502
vn -0.3016 -0.0838 -0.9498
vn -0.8160 0.0063 0.5780
vn -0.8049 0.0079 0.5933
vn -0.8055 0.0078 0.5925
vn -0.8167 0.0062 0.5770
vn 0.5702 -0.3669 0.7350
vn 0.6471 -0.3542 0.6752
vn 0.5823 -0.6642 -0.4687
vn 0.5763 -0.6627 -0.4783
vn 0.5766 -0.6628 -0.4777
vn 0.5827 -0.6643 -0.4682
vn -0.2771 -0.2065 -0.9384
vn -0.2743 -0.2094 -0.9386
vn -0.6076 0.6656 0.4333
vn -0.6097 0.6653 0.4308
vn -0.6095 0.6654 0.4311
vn -0.6073 0.6657 0.4336
vn 0.7682 0.2133 0.6036
vn 0.7686 0.2080 0.6050
vn -0.0124 0.9999 0.0083
vn -0.0126 0.9999 0.0081
vn -0.6773 0.5532 -0.4851
vn -0.7026 0.4790 -0.5262
vn 0.0121 -0.9999 -0.0085
vn 0.0120 -0.9999 -0.0085
vn 0.4553 -0.3807 0.8048
vn 0.4550 -0.3816 0.8046
vn 0.0821 -0.9944 -0.0659
vn 0.0799 -0.9944 -0.0690
vn -0.4419 -0.2317 -0.8666
vn -0.4861 -0.1283 -0.8644
vn -0.0822 0.9949 0.0587
vn -0.0901 0.9946 0.0509
vn 0.5736 0.0000 -0.8192
vn 0.5736 0.0000 -0.8191
vn -0.5736 0.0000 0.8192
vn 0.8191 0.0000 0.5736
vn -0.8191 0.0000 -0.5736
vn -0.8192 0.0000 -0.5736
vn 0.0782 -0.0000 -0.9969
vn 0.0782 0.0000 -0.9969
vn 0.4941 0.5077 -0.7057
vn 0.9101 0.0000 -0.4145
vn 0.4941 -0.5077 -0.7057
vn 0.0000 0.0872 0.9962
vn 0.0000 0.0871 0.9962
vn -0.9239 -0.3812 0.0334
vn -0.9239 0.3812 -0.0334
vn -0.3827 0.9204 -0.0805
vn 0.3827 0.9204 -0.0805
vn 0.9239 0.3812 -0.0334
vn 0.9239 -0.3812 0.0334
vn 0.3827 -0.9204 0.0805
vn -0.3827 -0.9204 0.0805
vn -0.8535 0.0559 0.5181
vn -0.8526 0.0493 0.5203
vn -0.8431 0.2422 0.4800
vn -0.8432 0.2488 0.4765
vn -0.3818 0.8716 -0.3075
vn -0.3801 0.8719 -0.3088
vn -0.4172 0.8647 -0.2796
vn -0.4191 0.8643 -0.2781
vn 0.3301 0.2519 -0.9097
vn 0.3621 0.3034 -0.8814
vn 0.4100 0.5687 -0.7131
vn 0.4032 0.5739 -0.7128
vn 0.4007 -0.8624 0.3094
vn 0.3992 -0.8625 0.3112
vn 0.4149 -0.8613 0.2932
vn 0.4163 -0.8612 0.2915
vn -0.8281 -0.1764 0.5321
vn -0.8303 -0.1699 0.5308
vn -0.7696 -0.0117 -0.6384
vn -0.7695 -0.0117 -0.6386
vn -0.7759 -0.0120 -0.6307
vn -0.7761 -0.0120 -0.6305
vn 0.3017 -0.0783 -0.9502
vn 0.3016 -0.0838 -0.9498
vn 0.8160 0.0063 0.5780
vn 0.8167 0.0062 0.5770
vn 0.8055 0.0078 0.5925
vn 0.8049 0.0079 0.5933
vn -0.5702 -0.3669 0.7350
vn -0.6471 -0.3542 0.6752
vn -0.5823 -0.6642 -0.4687
vn -0.5827 -0.6643 -0.4682
vn -0.5767 -0.6628 -0.4777
vn -0.5763 -0.6627 -0.4783
vn 0.3485 -0.2108 -0.9133
vn 0.3846 -0.2247 -0.8953
vn 0.6076 0.6656 0.4333
vn 0.6073 0.6657 0.4336
vn 0.6095 0.6654 0.4311
vn 0.6097 0.6653 0.4308
vn -0.7686 0.2080 0.6050
vn -0.7638 0.2599 0.5909
vn 0.0126 0.9999 0.0081
vn 0.0124 0.9999 0.0083
vn 0.7026 0.4790 -0.5262
vn 0.6773 0.5532 -0.4851
vn -0.0120 -0.9999 -0.0085
vn -0.0121 -0.9999 -0.0085
vn -0.4550 -0.3816 0.8046
vn -0.4553 -0.3807 0.8048
vn -0.0799 -0.9944 -0.0690
vn -0.0821 -0.9944 -0.0659
vn 0.4861 -0.1283 -0.8644
vn 0.4791 -0.1459 -0.8656
vn 0.0901 0.9946 0.0509
vn 0.0822 0.9949 0.0587
vn -0.5736 0.0000 -0.8192
vn -0.5736 0.0000 -0.8191
vn 0.5736 0.0000 0.8192
vn -0.8191 0.0000 0.5736
vn 0.8191 0.0000 -0.5736
vn -0.0782 0.0000 -0.9969
vn -0.4941 0.5077 -0.7057
vn -0.9101 0.0000 -0.4145
vn -0.4941 -0.5077 -0.7057
vn -0.0258 0.0038 -0.9997
vn -0.0192 0.0052 -0.9998
vn -0.0205 0.0029 -0.9998
vn -0.0241 0.0030 -0.9997
vn -0.1110 -0.9828 -0.1477
vn -0.0886 -0.9856 -0.1440
vn 0.0869 -0.9860 -0.1424
vn 0.1033 -0.9841 -0.1447
vn 0.9867 -0.0110 -0.1620
vn 0.9779 -0.1143 -0.1750
vn 0.9796 -0.1012 -0.1735
vn 0.9867 -0.0111 -0.1620
vn 0.1068 0.9931 -0.0494
vn 0.0890 0.9949 -0.0465
vn -0.0869 0.9951 -0.0478
vn -0.1108 0.9925 -0.0521
vn -0.9836 0.0119 -0.1801
vn -0.9772 0.1088 -0.1824
vn -0.9773 0.1074 -0.1824
vn -0.9836 0.0120 -0.1801
vn 0.4471 -0.8747 -0.1869
vn 0.4694 -0.8625 -0.1889
vn -0.4845 -0.8518 -0.1993
vn -0.4489 -0.8719 -0.1954
vn 0.8705 0.4662 -0.1578
vn 0.8768 0.4539 -0.1584
vn 0.9825 0.0881 -0.1641
vn 0.9827 0.0853 -0.1641
vn -0.4412 0.8907 -0.1094
vn -0.4912 0.8631 -0.1177
vn 0.8627 -0.4638 -0.2016
vn 0.8559 -0.4760 -0.2020
vn -0.8638 -0.4545 -0.2174
vn -0.8672 -0.4480 -0.2173
vn -0.9773 -0.0913 -0.1912
vn -0.9787 -0.0782 -0.1899
vn 0.4518 0.8862 -0.1025
vn 0.4883 0.8660 -0.1079
vn -0.8590 0.4819 -0.1728
vn -0.8698 0.4616 -0.1741
vn -0.0242 0.0022 -0.9997
vn -0.0207 0.0005 -0.9998
vn -0.0222 -0.0007 -0.9998
vn -0.0149 0.0076 -0.9999
vn -0.0190 0.0092 -0.9998
vn -0.0149 0.0069 -0.9999
vn -0.0200 0.0057 -0.9998
vn -0.0186 0.0083 -0.9998
vn -0.0240 0.0037 -0.9997
vn -0.0242 0.0030 -0.9997
vn -0.0181 0.0013 -0.9998
vn -0.0164 -0.0020 -0.9999
vn -0.0183 -0.0018 -0.9998
vn -0.0164 -0.0027 -0.9999
vn -0.0133 0.0029 -0.9999
vn -0.0212 -0.0001 -0.9998
vn -0.0228 0.0022 -0.9997
vn -0.0233 0.0073 -0.9997
vn -0.0187 -0.0025 -0.9998
vn -0.0220 0.0065 -0.9997
vn -0.9132 0.0139 -0.4072
vn -0.0028 -0.9782 -0.2075
vn 0.8978 -0.0114 -0.4402
vn -0.0027 0.9794 -0.2019
vn 0.9988 -0.0006 -0.0498
vn 0.9988 0.0008 -0.0498
vn 0.9380 0.3438 -0.0437
vn 0.9393 0.3402 -0.0438
vn 0.7636 0.6449 -0.0322
vn 0.7673 0.6405 -0.0325
vn 0.4967 0.8678 -0.0169
vn 0.5028 0.8642 -0.0173
vn 0.1699 0.9855 0.0004
vn 0.1774 0.9841 0.0001
vn -0.1769 0.9841 0.0177
vn -0.1699 0.9853 0.0174
vn -0.5019 0.8643 0.0328
vn -0.4969 0.8672 0.0326
vn -0.7663 0.6410 0.0440
vn -0.7639 0.6439 0.0439
vn -0.9387 0.3411 0.0499
vn -0.9383 0.3423 0.0499
vn -0.9988 0.0006 0.0498
vn -0.9988 -0.0008 0.0498
vn -0.9393 -0.3402 0.0438
vn -0.9380 -0.3438 0.0437
vn -0.7673 -0.6405 0.0325
vn -0.7636 -0.6449 0.0322
vn -0.5028 -0.8642 0.0173
vn -0.4967 -0.8678 0.0169
vn -0.1774 -0.9841 -0.0001
vn -0.1699 -0.9855 -0.0004
vn 0.1699 -0.9853 -0.0174
vn 0.1769 -0.9841 -0.0177
vn 0.4969 -0.8672 -0.0326
vn 0.5019 -0.8643 -0.0328
vn 0.7639 -0.6439 -0.0439
vn 0.7663 -0.6410 -0.0440
vn 0.9383 -0.3423 -0.0499
vn 0.9387 -0.3411 -0.0499
vn -0.0160 0.0029 -0.9999
vn -0.0161 0.0029 -0.9999
vn 0.0258 0.0038 -0.9997
vn 0.0241 0.0030 -0.9997
vn 0.0205 0.0029 -0.9998
vn 0.0192 0.0052 -0.9998
vn 0.1110 -0.9828 -0.1477
vn -0.1033 -0.9841 -0.1447
vn -0.0869 -0.9860 -0.1424
vn 0.0886 -0.9856 -0.1440
vn -0.9867 -0.0110 -0.1620
vn -0.9867 -0.0111 -0.1620
vn -0.9796 -0.1012 -0.1735
vn -0.9779 -0.1143 -0.1750
vn -0.1068 0.9931 -0.0494
vn 0.1108 0.9925 -0.0521
vn 0.0869 0.9951 -0.0478
vn -0.0890 0.9949 -0.0465
vn 0.9836 0.0119 -0.1801
vn 0.9836 0.0120 -0.1801
vn 0.9773 0.1074 -0.1824
vn 0.9772 0.1088 -0.1824
vn -0.4471 -0.8747 -0.1869
vn -0.4694 -0.8625 -0.1889
vn 0.4845 -0.8518 -0.1993
vn 0.4489 -0.8719 -0.1954
vn -0.8705 0.4662 -0.1578
vn -0.9827 0.0853 -0.1641
vn -0.9825 0.0881 -0.1641
vn -0.8768 0.4539 -0.1584
vn 0.4412 0.8907 -0.1094
vn 0.4912 0.8631 -0.1177
vn -0.8627 -0.4638 -0.2016
vn -0.8559 -0.4760 -0.2020
vn 0.8638 -0.4545 -0.2174
vn 0.8672 -0.4480 -0.2173
vn 0.9773 -0.0913 -0.1912
vn 0.9787 -0.0782 -0.1899
vn -0.4518 0.8862 -0.1025
vn -0.4883 0.8660 -0.1079
vn 0.8590 0.4819 -0.1728
vn 0.8698 0.4616 -0.1741
vn 0.0242 0.0022 -0.9997
vn 0.0222 -0.0007 -0.9998
vn 0.0207 0.0005 -0.9998
vn 0.0149 0.0076 -0.9999
vn 0.0190 0.0092 -0.9998
vn 0.0149 0.0069 -0.9999
vn 0.0186 0.0083 -0.9998
vn 0.0200 0.0057 -0.9998
vn 0.0240 0.0037 -0.9997
vn 0.0242 0.0030 -0.9997
vn 0.0181 0.0013 -0.9998
vn 0.0183 -0.0018 -0.9998
vn 0.0164 -0.0020 -0.9999
vn 0.0164 -0.0027 -0.9999
vn 0.0133 0.0029 -0.9999
vn 0.0228 0.0022 -0.9997
vn 0.0212 -0.0001 -0.9998
vn 0.0233 0.0073 -0.9997
vn 0.0187 -0.0025 -0.9998
vn 0.0220 0.0065 -0.9997
vn 0.9132 0.0139 -0.4072
vn 0.0028 -0.9782 -0.2075
vn -0.8978 -0.0114 -0.4402
vn 0.0027 0.9794 -0.2019
vn -0.9988 -0.0006 -0.0498
vn -0.9393 0.3402 -0.0438
vn -0.9380 0.3438 -0.0437
vn -0.9988 0.0008 -0.0498
vn -0.7673 0.6405 -0.0325
vn -0.7636 0.6449 -0.0322
vn -0.5028 0.8642 -0.0173
vn -0.4967 0.8678 -0.0169
vn -0.1774 0.9841 0.0001
vn -0.1699 0.9855 0.0004
vn 0.1699 0.9853 0.0174
vn 0.1769 0.9841 0.0177
vn 0.4969 0.8672 0.0326
vn 0.5019 0.8643 0.0328
vn 0.7639 0.6439 0.0439
vn 0.7663 0.6410 0.0440
vn 0.9383 0.3423 0.0499
vn 0.9387 0.3411 0.0499
vn 0.9988 -0.0008 0.0498
vn 0.9988 0.0006 0.0498
vn 0.9380 -0.3438 0.0437
vn 0.9393 -0.3402 0.0438
vn 0.7636 -0.6449 0.0322
vn 0.7673 -0.6405 0.0325
vn 0.4967 -0.8678 0.0169
vn 0.5028 -0.8642 0.0173
vn 0.1699 -0.9855 -0.0004
vn 0.1774 -0.9841 -0.0001
vn -0.1769 -0.9841 -0.0177
vn -0.1699 -0.9853 -0.0174
vn -0.5019 -0.8643 -0.0328
vn -0.4969 -0.8672 -0.0326
vn -0.7663 -0.6410 -0.0440
vn -0.7639 -0.6439 -0.0439
vn -0.9387 -0.3411 -0.0499
vn -0.9383 -0.3423 -0.0499
vn 0.0160 0.0029 -0.9999
vn 0.0161 0.0029 -0.9999
vn -0.9850 0.0000 -0.1723
vn 0.9850 0.0000 -0.1723
vn -1.0000 -0.0001 0.0052
vn -1.0000 -0.0001 0.0056
vn -0.9953 0.0963 0.0029
vn -0.9954 0.0960 0.0028
vn 0.0750 -0.9972 -0.0003
vn 0.0751 -0.9972 -0.0004
vn 0.0749 -0.9972 -0.0002
vn -0.2702 -0.0510 -0.9615
vn -0.2605 -0.0495 -0.9642
vn -0.3191 -0.0079 -0.9477
vn -0.2115 -0.0184 -0.9772
vn -0.1321 0.9912 0.0003
vn -0.2965 0.9550 0.0008
vn -0.2968 0.9549 0.0006
vn -0.1323 0.9912 0.0002
vn -0.1417 0.0155 0.9898
vn -0.3550 0.0678 0.9324
vn -0.3171 -0.0130 0.9483
vn -0.2084 -0.0226 0.9778
vn 0.0004 1.0000 -0.0000
vn 0.0030 -0.0001 1.0000
vn -0.9822 0.1877 0.0028
vn -0.1465 0.0158 -0.9891
vn -0.3584 0.0685 -0.9310
vn -0.2671 -0.0617 0.9617
vn -0.2570 -0.0601 0.9645
vn -0.0030 0.0001 -1.0000
vn 0.9933 -0.1157 -0.0019
vn 0.9933 -0.1153 -0.0032
vn 0.9933 -0.1154 -0.0028
vn 0.9933 -0.1158 -0.0016
vn -0.0004 -1.0000 0.0000
vn -0.0006 0.1080 0.9942
vn 0.9194 -0.3910 0.0430
vn 0.9283 0.3698 -0.0396
vn 0.3934 0.9140 -0.0990
vn -0.3719 0.9228 -0.1005
vn -0.9194 0.3910 -0.0430
vn -0.9283 -0.3698 0.0396
vn -0.3934 -0.9140 0.0990
vn 0.3719 -0.9228 0.1005
vn -0.0006 0.1080 0.9941
vn 0.0000 0.1360 0.9907
vn 0.0000 0.1359 0.9907
vn 0.9239 -0.3791 0.0520
vn 0.9239 0.3791 -0.0520
vn 0.3827 0.9153 -0.1256
vn -0.3827 0.9153 -0.1256
vn -0.9239 0.3791 -0.0520
vn -0.9239 -0.3791 0.0520
vn -0.3827 -0.9153 0.1256
vn 0.3827 -0.9153 0.1256
vn -0.0016 0.1631 0.9866
vn -0.3939 -0.9069 0.1493
vn 0.3714 -0.9159 0.1520
vn 0.9191 -0.3884 0.0657
vn 0.9285 0.3667 -0.0591
vn 0.9285 0.3666 -0.0591
vn 0.3939 0.9069 -0.1493
vn -0.3714 0.9159 -0.1520
vn -0.9191 0.3884 -0.0657
vn -0.9285 -0.3667 0.0591
vn 0.0000 -0.9999 -0.0122
# 1062 vertex normals

vt 0.5128 0.9683 0.0000
vt 0.4995 0.9702 0.0000
vt 0.4995 0.9336 0.0000
vt 0.5674 0.8399 0.0000
vt 0.5764 0.7685 0.0000
vt 0.5953 0.7616 0.0000
vt 0.6478 0.8131 0.0000
vt 0.2221 0.7360 0.0000
vt 0.2247 0.7162 0.0000
vt 0.3483 0.7162 0.0000
vt 0.5429 0.8538 0.0000
vt 0.5580 0.7685 0.0000
vt 0.5412 0.7627 0.0000
vt 0.5179 0.7323 0.0000
vt 0.5278 0.7517 0.0000
vt 0.5130 0.8538 0.0000
vt 0.3483 0.9786 0.0000
vt 0.3484 0.9696 0.0000
vt 0.4995 0.9783 0.0000
vt 0.5154 0.9754 0.0000
vt 0.1128 0.9786 0.0000
vt 0.1128 0.9697 0.0000
vt 0.0403 0.9785 0.0000
vt 0.0397 0.9698 0.0000
vt 0.5272 0.9643 0.0000
vt 0.5241 0.9612 0.0000
vt 0.6069 0.7478 0.0000
vt 0.6598 0.7928 0.0000
vt 0.6561 0.8045 0.0000
vt 0.6129 0.7336 0.0000
vt 0.6572 0.7347 0.0000
vt 0.1951 0.7659 0.0000
vt 0.2150 0.7513 0.0000
vt 0.3484 0.9641 0.0000
vt 0.1128 0.9649 0.0000
vt 0.1764 0.7696 0.0000
vt 0.1565 0.7655 0.0000
vt 0.1354 0.7499 0.0000
vt 0.1089 0.7261 0.0000
vt 0.1258 0.7261 0.0000
vt 0.0392 0.9651 0.0000
vt 0.0186 0.7442 0.0000
vt 0.5542 0.8672 0.0000
vt 0.5521 0.8585 0.0000
vt 0.4887 0.3942 0.0000
vt 0.4180 0.3942 0.0000
vt 0.4180 0.3617 0.0000
vt 0.4887 0.3617 0.0000
vt 0.1837 0.3942 0.0000
vt 0.1837 0.3617 0.0000
vt 0.6919 0.5156 0.0000
vt 0.6919 0.5070 0.0000
vt 0.7295 0.5070 0.0000
vt 0.7295 0.5156 0.0000
vt 0.7018 0.6882 0.0000
vt 0.7027 0.5547 0.0000
vt 0.7295 0.5547 0.0000
vt 0.7295 0.6887 0.0000
vt 0.0333 0.3942 0.0000
vt 0.0194 0.3942 0.0000
vt 0.0194 0.3617 0.0000
vt 0.0333 0.3617 0.0000
vt 0.6095 0.6587 0.0000
vt 0.6095 0.6703 0.0000
vt 0.6607 0.6703 0.0000
vt 0.6607 0.6587 0.0000
vt 0.6095 0.6431 0.0000
vt 0.6607 0.6431 0.0000
vt 0.6095 0.6021 0.0000
vt 0.6095 0.6236 0.0000
vt 0.6607 0.6236 0.0000
vt 0.6607 0.6021 0.0000
vt 0.6095 0.5801 0.0000
vt 0.6607 0.5801 0.0000
vt 0.6095 0.5665 0.0000
vt 0.6607 0.5665 0.0000
vt 0.6095 0.5596 0.0000
vt 0.6607 0.5596 0.0000
vt 0.6936 0.0177 0.0000
vt 0.6936 0.0432 0.0000
vt 0.7188 0.0432 0.0000
vt 0.6919 0.4920 0.0000
vt 0.6919 0.4172 0.0000
vt 0.7295 0.4172 0.0000
vt 0.7295 0.4920 0.0000
vt 0.6095 0.6787 0.0000
vt 0.6919 0.5443 0.0000
vt 0.7295 0.5443 0.0000
vt 0.5310 0.1533 0.0000
vt 0.5310 0.2074 0.0000
vt 0.5403 0.2076 0.0000
vt 0.7340 0.7309 0.0000
vt 0.7340 0.9561 0.0000
vt 0.7592 0.9561 0.0000
vt 0.7592 0.7560 0.0000
vt 0.6936 0.1082 0.0000
vt 0.6937 0.1949 0.0000
vt 0.6978 0.1949 0.0000
vt 0.0088 0.3910 0.0000
vt 0.0088 0.3617 0.0000
vt 0.4180 0.1898 0.0000
vt 0.4887 0.1898 0.0000
vt 0.1837 0.1898 0.0000
vt 0.8218 0.5547 0.0000
vt 0.8218 0.6887 0.0000
vt 0.0194 0.1898 0.0000
vt 0.0333 0.1898 0.0000
vt 0.7295 0.6937 0.0000
vt 0.8231 0.6937 0.0000
vt 0.8300 0.7025 0.0000
vt 0.7295 0.7025 0.0000
vt 0.9284 0.4920 0.0000
vt 0.9284 0.5070 0.0000
vt 0.0088 0.2748 0.0000
vt 0.0088 0.1898 0.0000
vt 0.6122 0.6939 0.0000
vt 0.6083 0.7085 0.0000
vt 0.5315 0.7226 0.0000
vt 0.5192 0.7049 0.0000
vt 0.5987 0.7235 0.0000
vt 0.5460 0.7316 0.0000
vt 0.5811 0.7327 0.0000
vt 0.5631 0.7351 0.0000
vt 0.6526 0.8171 0.0000
vt 0.6603 0.8092 0.0000
vt 0.6646 0.7967 0.0000
vt 0.6635 0.7348 0.0000
vt 0.5717 0.8435 0.0000
vt 0.6847 0.5146 0.0000
vt 0.6804 0.5119 0.0000
vt 0.6804 0.5027 0.0000
vt 0.6847 0.5059 0.0000
vt 0.6847 0.4911 0.0000
vt 0.6804 0.4884 0.0000
vt 0.6804 0.4171 0.0000
vt 0.6847 0.4172 0.0000
vt 0.6847 0.5447 0.0000
vt 0.6804 0.5422 0.0000
vt 0.0409 0.9847 0.0000
vt 0.1128 0.9848 0.0000
vt 0.3483 0.9848 0.0000
vt 0.4995 0.9845 0.0000
vt 0.5149 0.9825 0.0000
vt 0.5227 0.9780 0.0000
vt 0.5299 0.9675 0.0000
vt 0.4889 0.4004 0.0000
vt 0.4895 0.4041 0.0000
vt 0.4180 0.4042 0.0000
vt 0.4180 0.4005 0.0000
vt 0.1837 0.4041 0.0000
vt 0.1837 0.4004 0.0000
vt 0.6919 0.5583 0.0000
vt 0.0333 0.4005 0.0000
vt 0.0333 0.4042 0.0000
vt 0.0179 0.4041 0.0000
vt 0.0183 0.4006 0.0000
vt 0.6847 0.7012 0.0000
vt 0.6804 0.6970 0.0000
vt 0.6807 0.6849 0.0000
vt 0.6850 0.6881 0.0000
vt 0.6996 0.6933 0.0000
vt 0.6957 0.7025 0.0000
vt 0.0102 0.4042 0.0000
vt 0.0091 0.4005 0.0000
vt 0.5162 0.9615 0.0000
vt 0.5222 0.9573 0.0000
vt 0.5164 0.8566 0.0000
vt 0.5503 0.8676 0.0000
vt 0.5481 0.8591 0.0000
vt 0.5415 0.8566 0.0000
vt 0.4956 0.8351 0.0000
vt 0.4956 0.9316 0.0000
vt 0.3730 0.9308 0.0000
vt 0.3730 0.8354 0.0000
vt 0.3691 0.8327 0.0000
vt 0.3691 0.9328 0.0000
vt 0.6996 0.5517 0.0000
vt 0.7295 0.5516 0.0000
vt 0.8300 0.5443 0.0000
vt 0.8231 0.5516 0.0000
vt 0.6919 0.6853 0.0000
vt 0.6958 0.5591 0.0000
vt 0.6958 0.6823 0.0000
vt 0.4931 0.9436 0.0000
vt 0.4804 0.9438 0.0000
vt 0.3876 0.9431 0.0000
vt 0.3791 0.9396 0.0000
vt 0.4896 0.9410 0.0000
vt 0.3756 0.9422 0.0000
vt 0.4833 0.9466 0.0000
vt 0.3846 0.9459 0.0000
vt 0.4995 0.7162 0.0000
vt 0.4995 0.8323 0.0000
vt 0.5106 0.7162 0.0000
vt 0.8248 0.6845 0.0000
vt 0.8248 0.5588 0.0000
vt 0.8261 0.5558 0.0000
vt 0.8261 0.6895 0.0000
vt 0.8370 0.5516 0.0000
vt 0.8340 0.5558 0.0000
vt 0.0307 0.9773 0.0000
vt 0.0301 0.9696 0.0000
vt 0.0297 0.9652 0.0000
vt 0.0092 0.7449 0.0000
vt 0.7334 0.9677 0.0000
vt 0.7303 0.9778 0.0000
vt 0.7586 0.9780 0.0000
vt 0.7586 0.9684 0.0000
vt 0.9355 0.9780 0.0000
vt 0.9355 0.9684 0.0000
vt 0.4985 0.3892 0.0000
vt 0.4985 0.3984 0.0000
vt 0.0313 0.9828 0.0000
vt 0.4991 0.4015 0.0000
vt 0.7243 0.9561 0.0000
vt 0.7173 0.9607 0.0000
vt 0.7243 0.7306 0.0000
vt 0.4987 0.3617 0.0000
vt 0.4987 0.1898 0.0000
vt 0.7208 0.9774 0.0000
vt 0.7176 0.9742 0.0000
vt 0.7173 0.9685 0.0000
vt 0.8340 0.6895 0.0000
vt 0.7639 0.9517 0.0000
vt 0.7639 0.7583 0.0000
vt 0.5329 0.2131 0.0000
vt 0.5386 0.2150 0.0000
vt 0.5113 0.6734 0.0000
vt 0.4980 0.6387 0.0000
vt 0.4980 0.6753 0.0000
vt 0.5659 0.5450 0.0000
vt 0.6463 0.5182 0.0000
vt 0.5938 0.4667 0.0000
vt 0.5749 0.4736 0.0000
vt 0.2206 0.4412 0.0000
vt 0.3468 0.4214 0.0000
vt 0.2232 0.4214 0.0000
vt 0.5565 0.4736 0.0000
vt 0.5414 0.5589 0.0000
vt 0.5397 0.4678 0.0000
vt 0.5164 0.4374 0.0000
vt 0.5115 0.5589 0.0000
vt 0.5263 0.4568 0.0000
vt 0.3468 0.6837 0.0000
vt 0.4980 0.6834 0.0000
vt 0.3469 0.6747 0.0000
vt 0.5139 0.6805 0.0000
vt 0.1113 0.6748 0.0000
vt 0.1113 0.6837 0.0000
vt 0.0382 0.6749 0.0000
vt 0.0388 0.6837 0.0000
vt 0.5257 0.6695 0.0000
vt 0.5226 0.6663 0.0000
vt 0.6054 0.4529 0.0000
vt 0.6546 0.5097 0.0000
vt 0.6583 0.4979 0.0000
vt 0.6557 0.4398 0.0000
vt 0.6114 0.4387 0.0000
vt 0.1936 0.4710 0.0000
vt 0.3469 0.6692 0.0000
vt 0.2135 0.4564 0.0000
vt 0.1749 0.4748 0.0000
vt 0.1113 0.6700 0.0000
vt 0.1550 0.4706 0.0000
vt 0.1339 0.4550 0.0000
vt 0.1243 0.4312 0.0000
vt 0.1069 0.4312 0.0000
vt 0.0171 0.4493 0.0000
vt 0.0377 0.6703 0.0000
vt 0.5506 0.5636 0.0000
vt 0.5527 0.5723 0.0000
vt 0.4887 0.1573 0.0000
vt 0.4180 0.1573 0.0000
vt 0.1837 0.1573 0.0000
vt 0.9660 0.5156 0.0000
vt 0.9284 0.5156 0.0000
vt 0.9660 0.5070 0.0000
vt 0.9561 0.6882 0.0000
vt 0.9284 0.6887 0.0000
vt 0.9284 0.5547 0.0000
vt 0.9552 0.5547 0.0000
vt 0.0333 0.1573 0.0000
vt 0.0194 0.1573 0.0000
vt 0.6795 0.9601 0.0000
vt 0.6283 0.9601 0.0000
vt 0.6283 0.9717 0.0000
vt 0.6795 0.9717 0.0000
vt 0.6795 0.9445 0.0000
vt 0.6283 0.9445 0.0000
vt 0.6795 0.9036 0.0000
vt 0.6283 0.9036 0.0000
vt 0.6283 0.9250 0.0000
vt 0.6795 0.9250 0.0000
vt 0.6795 0.8815 0.0000
vt 0.6283 0.8815 0.0000
vt 0.6795 0.8680 0.0000
vt 0.6283 0.8680 0.0000
vt 0.6795 0.8611 0.0000
vt 0.6283 0.8611 0.0000
vt 0.8180 0.0432 0.0000
vt 0.8432 0.0432 0.0000
vt 0.8432 0.0177 0.0000
vt 0.9660 0.4920 0.0000
vt 0.9284 0.4172 0.0000
vt 0.9660 0.4172 0.0000
vt 0.6795 0.9802 0.0000
vt 0.9660 0.5443 0.0000
vt 0.9284 0.5443 0.0000
vt 0.6786 0.1536 0.0000
vt 0.6693 0.2076 0.0000
vt 0.6786 0.2074 0.0000
vt 0.9601 0.7309 0.0000
vt 0.9349 0.7560 0.0000
vt 0.9349 0.9561 0.0000
vt 0.9601 0.9561 0.0000
vt 0.8432 0.1082 0.0000
vt 0.8390 0.1949 0.0000
vt 0.8430 0.1949 0.0000
vt 0.0088 0.1606 0.0000
vt 0.8383 0.6887 0.0000
vt 0.8383 0.5547 0.0000
vt 0.7188 0.0113 0.0000
vt 0.8180 0.0113 0.0000
vt 0.7564 0.4737 0.0000
vt 0.7564 0.4355 0.0000
vt 0.9015 0.4355 0.0000
vt 0.9015 0.4737 0.0000
vt 0.7188 0.0977 0.0000
vt 0.6936 0.1018 0.0000
vt 0.8432 0.1018 0.0000
vt 0.8180 0.0977 0.0000
vt 0.9284 0.6937 0.0000
vt 0.9284 0.7025 0.0000
vt 0.8370 0.6937 0.0000
vt 0.5310 0.1432 0.0000
vt 0.6786 0.1432 0.0000
vt 0.5310 0.1374 0.0000
vt 0.6786 0.1374 0.0000
vt 0.5310 0.1248 0.0000
vt 0.6786 0.1248 0.0000
vt 0.5310 0.1128 0.0000
vt 0.6786 0.1128 0.0000
vt 0.5310 0.1016 0.0000
vt 0.6786 0.1016 0.0000
vt 0.5310 0.0897 0.0000
vt 0.6786 0.0897 0.0000
vt 0.5310 0.0854 0.0000
vt 0.6786 0.0854 0.0000
vt 0.5310 0.0839 0.0000
vt 0.6786 0.0839 0.0000
vt 0.5310 0.0098 0.0000
vt 0.6786 0.0098 0.0000
vt 0.8384 0.7781 0.0000
vt 0.8384 0.7937 0.0000
vt 0.8565 0.7937 0.0000
vt 0.8565 0.7781 0.0000
vt 0.5224 0.4065 0.0000
vt 0.6154 0.4176 0.0000
vt 0.6031 0.4353 0.0000
vt 0.5263 0.4211 0.0000
vt 0.5359 0.4361 0.0000
vt 0.5886 0.4443 0.0000
vt 0.5715 0.4477 0.0000
vt 0.5535 0.4454 0.0000
vt 0.6511 0.5223 0.0000
vt 0.6588 0.5143 0.0000
vt 0.6631 0.5019 0.0000
vt 0.6620 0.4399 0.0000
vt 0.5702 0.5486 0.0000
vt 0.9732 0.5146 0.0000
vt 0.9732 0.5059 0.0000
vt 0.9775 0.5027 0.0000
vt 0.9775 0.5119 0.0000
vt 0.9732 0.4911 0.0000
vt 0.9732 0.4172 0.0000
vt 0.9775 0.4171 0.0000
vt 0.9775 0.4884 0.0000
vt 0.9732 0.5447 0.0000
vt 0.9775 0.5422 0.0000
vt 0.0394 0.6898 0.0000
vt 0.1113 0.6900 0.0000
vt 0.3468 0.6899 0.0000
vt 0.4980 0.6897 0.0000
vt 0.5134 0.6877 0.0000
vt 0.5212 0.6832 0.0000
vt 0.5284 0.6726 0.0000
vt 0.4889 0.1511 0.0000
vt 0.4180 0.1511 0.0000
vt 0.4180 0.1473 0.0000
vt 0.4895 0.1474 0.0000
vt 0.1837 0.1511 0.0000
vt 0.1837 0.1474 0.0000
vt 0.9660 0.5583 0.0000
vt 0.0333 0.1511 0.0000
vt 0.0183 0.1510 0.0000
vt 0.0179 0.1474 0.0000
vt 0.0333 0.1473 0.0000
vt 0.9732 0.7012 0.0000
vt 0.9729 0.6881 0.0000
vt 0.9772 0.6849 0.0000
vt 0.9775 0.6970 0.0000
vt 0.9622 0.7025 0.0000
vt 0.9583 0.6933 0.0000
vt 0.0091 0.1511 0.0000
vt 0.0102 0.1473 0.0000
vt 0.5207 0.6624 0.0000
vt 0.5147 0.6667 0.0000
vt 0.5149 0.5617 0.0000
vt 0.5466 0.5642 0.0000
vt 0.5488 0.5727 0.0000
vt 0.5400 0.5617 0.0000
vt 0.4941 0.5402 0.0000
vt 0.3715 0.5406 0.0000
vt 0.3715 0.6359 0.0000
vt 0.4941 0.6367 0.0000
vt 0.3676 0.6379 0.0000
vt 0.3676 0.5378 0.0000
vt 0.9584 0.5517 0.0000
vt 0.9284 0.5516 0.0000
vt 0.9660 0.6853 0.0000
vt 0.9621 0.6823 0.0000
vt 0.9621 0.5591 0.0000
vt 0.4916 0.6488 0.0000
vt 0.4881 0.6461 0.0000
vt 0.3776 0.6447 0.0000
vt 0.4789 0.6489 0.0000
vt 0.3861 0.6483 0.0000
vt 0.3741 0.6473 0.0000
vt 0.4818 0.6517 0.0000
vt 0.3831 0.6510 0.0000
vt 0.4980 0.5374 0.0000
vt 0.4980 0.4214 0.0000
vt 0.5091 0.4214 0.0000
vt 0.8352 0.6845 0.0000
vt 0.8352 0.5588 0.0000
vt 0.0292 0.6824 0.0000
vt 0.0286 0.6747 0.0000
vt 0.0077 0.4501 0.0000
vt 0.0282 0.6703 0.0000
vt 0.4985 0.1531 0.0000
vt 0.4985 0.1623 0.0000
vt 0.0298 0.6880 0.0000
vt 0.4991 0.1500 0.0000
vt 0.9698 0.9561 0.0000
vt 0.9603 0.9685 0.0000
vt 0.9768 0.9607 0.0000
vt 0.9698 0.7306 0.0000
vt 0.9765 0.9742 0.0000
vt 0.9768 0.9685 0.0000
vt 0.9302 0.7583 0.0000
vt 0.9302 0.9517 0.0000
vt 0.6767 0.2131 0.0000
vt 0.6710 0.2150 0.0000
vt 0.7447 0.4251 0.0000
vt 0.7447 0.4841 0.0000
vt 0.9133 0.4251 0.0000
vt 0.9133 0.4841 0.0000
vt 0.7525 0.4318 0.0000
vt 0.7525 0.4774 0.0000
vt 0.9053 0.4318 0.0000
vt 0.9053 0.4774 0.0000
vt 0.8363 0.7972 0.0000
vt 0.8363 0.7749 0.0000
vt 0.8585 0.7972 0.0000
vt 0.8585 0.7749 0.0000
vt 0.6943 0.0141 0.0000
vt 0.7001 0.0113 0.0000
vt 0.6965 0.0120 0.0000
vt 0.8367 0.0113 0.0000
vt 0.8424 0.0141 0.0000
vt 0.8403 0.0120 0.0000
vt 0.9638 0.9778 0.0000
vt 0.9733 0.9774 0.0000
vt 0.8499 0.3896 0.0000
vt 0.8264 0.3972 0.0000
vt 0.8252 0.3687 0.0000
vt 0.8446 0.3654 0.0000
vt 0.8398 0.3186 0.0000
vt 0.8418 0.3406 0.0000
vt 0.8236 0.3426 0.0000
vt 0.8208 0.3173 0.0000
vt 0.9072 0.3499 0.0000
vt 0.9022 0.3380 0.0000
vt 0.9245 0.3420 0.0000
vt 0.8571 0.3631 0.0000
vt 0.8633 0.3862 0.0000
vt 0.8487 0.3179 0.0000
vt 0.8527 0.3381 0.0000
vt 0.8416 0.3547 0.0000
vt 0.8417 0.3457 0.0000
vt 0.8540 0.3431 0.0000
vt 0.8564 0.3517 0.0000
vt 0.8746 0.3800 0.0000
vt 0.8682 0.3608 0.0000
vt 0.8908 0.3557 0.0000
vt 0.8931 0.3737 0.0000
vt 0.8576 0.3176 0.0000
vt 0.8746 0.3134 0.0000
vt 0.8819 0.3262 0.0000
vt 0.8621 0.3345 0.0000
vt 0.8671 0.3489 0.0000
vt 0.8640 0.3397 0.0000
vt 0.8847 0.3323 0.0000
vt 0.8879 0.3428 0.0000
vt 0.9091 0.3684 0.0000
vt 0.8902 0.3084 0.0000
vt 0.8668 0.2894 0.0000
vt 0.8818 0.2846 0.0000
vt 0.8986 0.3217 0.0000
vt 0.6131 0.3972 0.0000
vt 0.6143 0.3687 0.0000
vt 0.6160 0.3426 0.0000
vt 0.6189 0.3173 0.0000
vt 0.8237 0.3575 0.0000
vt 0.8453 0.2933 0.0000
vt 0.8517 0.2929 0.0000
vt 0.8207 0.2927 0.0000
vt 0.8386 0.2932 0.0000
vt 0.8994 0.3278 0.0000
vt 0.9141 0.3177 0.0000
vt 0.6189 0.2927 0.0000
vt 0.8238 0.3480 0.0000
vt 0.5895 0.3895 0.0000
vt 0.5949 0.3653 0.0000
vt 0.5998 0.3185 0.0000
vt 0.5977 0.3406 0.0000
vt 0.5324 0.3496 0.0000
vt 0.5151 0.3417 0.0000
vt 0.5374 0.3377 0.0000
vt 0.5762 0.3861 0.0000
vt 0.5824 0.3630 0.0000
vt 0.5868 0.3380 0.0000
vt 0.5909 0.3178 0.0000
vt 0.5980 0.3547 0.0000
vt 0.5831 0.3516 0.0000
vt 0.5856 0.3430 0.0000
vt 0.5978 0.3456 0.0000
vt 0.5648 0.3799 0.0000
vt 0.5463 0.3734 0.0000
vt 0.5487 0.3554 0.0000
vt 0.5713 0.3607 0.0000
vt 0.5820 0.3175 0.0000
vt 0.5775 0.3343 0.0000
vt 0.5577 0.3260 0.0000
vt 0.5651 0.3132 0.0000
vt 0.5724 0.3488 0.0000
vt 0.5516 0.3426 0.0000
vt 0.5549 0.3321 0.0000
vt 0.5756 0.3396 0.0000
vt 0.5303 0.3681 0.0000
vt 0.5495 0.3082 0.0000
vt 0.5580 0.2844 0.0000
vt 0.5729 0.2893 0.0000
vt 0.5410 0.3214 0.0000
vt 0.6158 0.3575 0.0000
vt 0.5880 0.2928 0.0000
vt 0.5944 0.2932 0.0000
vt 0.6011 0.2932 0.0000
vt 0.6158 0.3480 0.0000
vt 0.5255 0.3174 0.0000
vt 0.5402 0.3275 0.0000
vt 0.1054 0.0948 0.0000
vt 0.1041 0.0693 0.0000
vt 0.1218 0.0679 0.0000
vt 0.1237 0.0966 0.0000
vt 0.0963 0.0247 0.0000
vt 0.1188 0.0173 0.0000
vt 0.1202 0.0420 0.0000
vt 0.1008 0.0453 0.0000
vt 0.1222 0.0559 0.0000
vt 0.2235 0.0559 0.0000
vt 0.2235 0.0683 0.0000
vt 0.0362 0.0914 0.0000
vt 0.0189 0.0965 0.0000
vt 0.0331 0.0790 0.0000
vt 0.0969 0.0953 0.0000
vt 0.0933 0.0717 0.0000
vt 0.0884 0.0473 0.0000
vt 0.0835 0.0277 0.0000
vt 0.1045 0.0580 0.0000
vt 0.0898 0.0609 0.0000
vt 0.0890 0.0521 0.0000
vt 0.1021 0.0496 0.0000
vt 0.0884 0.0953 0.0000
vt 0.0718 0.0993 0.0000
vt 0.0636 0.0830 0.0000
vt 0.0839 0.0749 0.0000
vt 0.0725 0.0333 0.0000
vt 0.0774 0.0491 0.0000
vt 0.0560 0.0533 0.0000
vt 0.0541 0.0391 0.0000
vt 0.0793 0.0638 0.0000
vt 0.0589 0.0706 0.0000
vt 0.0563 0.0601 0.0000
vt 0.0780 0.0543 0.0000
vt 0.0447 0.1076 0.0000
vt 0.0524 0.1312 0.0000
vt 0.0788 0.1231 0.0000
vt 0.0287 0.0619 0.0000
vt 0.0267 0.0479 0.0000
vt 0.2235 0.0969 0.0000
vt 0.2235 0.0130 0.0000
vt 0.2235 0.0393 0.0000
vt 0.0936 0.1199 0.0000
vt 0.0995 0.1196 0.0000
vt 0.1231 0.1210 0.0000
vt 0.1058 0.1199 0.0000
vt 0.1210 0.0466 0.0000
vt 0.2235 0.0455 0.0000
vt 0.0109 0.0725 0.0000
vt 0.0292 0.0694 0.0000
vt 0.2235 0.1213 0.0000
vt 0.3416 0.0948 0.0000
vt 0.3233 0.0966 0.0000
vt 0.3252 0.0679 0.0000
vt 0.3429 0.0694 0.0000
vt 0.3508 0.0248 0.0000
vt 0.3462 0.0453 0.0000
vt 0.3269 0.0421 0.0000
vt 0.3282 0.0174 0.0000
vt 0.3248 0.0559 0.0000
vt 0.4108 0.0915 0.0000
vt 0.4139 0.0791 0.0000
vt 0.4281 0.0966 0.0000
vt 0.3537 0.0717 0.0000
vt 0.3501 0.0953 0.0000
vt 0.3636 0.0278 0.0000
vt 0.3586 0.0473 0.0000
vt 0.3426 0.0580 0.0000
vt 0.3450 0.0497 0.0000
vt 0.3580 0.0521 0.0000
vt 0.3572 0.0609 0.0000
vt 0.3586 0.0953 0.0000
vt 0.3631 0.0749 0.0000
vt 0.3834 0.0831 0.0000
vt 0.3752 0.0994 0.0000
vt 0.3746 0.0333 0.0000
vt 0.3929 0.0392 0.0000
vt 0.3911 0.0534 0.0000
vt 0.3696 0.0491 0.0000
vt 0.3677 0.0638 0.0000
vt 0.3690 0.0544 0.0000
vt 0.3907 0.0601 0.0000
vt 0.3881 0.0707 0.0000
vt 0.4023 0.1078 0.0000
vt 0.3945 0.1313 0.0000
vt 0.3681 0.1232 0.0000
vt 0.4183 0.0620 0.0000
vt 0.4204 0.0480 0.0000
vt 0.3533 0.1199 0.0000
vt 0.3474 0.1196 0.0000
vt 0.3239 0.1210 0.0000
vt 0.3412 0.1199 0.0000
vt 0.3260 0.0467 0.0000
vt 0.4178 0.0695 0.0000
vt 0.4361 0.0726 0.0000
vt 0.0237 0.0677 0.0000
vt 0.4234 0.0678 0.0000
vt 0.5434 0.2611 0.0000
vt 0.5547 0.2597 0.0000
vt 0.5554 0.2608 0.0000
vt 0.5437 0.2629 0.0000
vt 0.5433 0.2574 0.0000
vt 0.5544 0.2565 0.0000
vt 0.5432 0.2558 0.0000
vt 0.5546 0.2551 0.0000
vt 0.5563 0.2642 0.0000
vt 0.5442 0.2665 0.0000
vt 0.5285 0.2629 0.0000
vt 0.5288 0.2611 0.0000
vt 0.5290 0.2574 0.0000
vt 0.5290 0.2558 0.0000
vt 0.5280 0.2665 0.0000
vt 0.5176 0.2597 0.0000
vt 0.5168 0.2608 0.0000
vt 0.5179 0.2565 0.0000
vt 0.5176 0.2551 0.0000
vt 0.5159 0.2642 0.0000
vt 0.9844 0.7401 0.0000
vt 0.9854 0.7401 0.0000
vt 0.9854 0.9330 0.0000
vt 0.9844 0.9330 0.0000
vt 0.9813 0.7374 0.0000
vt 0.9884 0.7374 0.0000
vt 0.9884 0.9357 0.0000
vt 0.9813 0.9357 0.0000
vt 0.5815 0.2577 0.0000
vt 0.5759 0.2577 0.0000
vt 0.5686 0.2577 0.0000
vt 0.5767 0.2577 0.0000
vt 0.5815 0.2679 0.0000
vt 0.5759 0.2679 0.0000
vt 0.5767 0.2679 0.0000
vt 0.5686 0.2679 0.0000
vt 0.6226 0.2577 0.0000
vt 0.6218 0.2577 0.0000
vt 0.6226 0.2679 0.0000
vt 0.6218 0.2679 0.0000
vt 0.6473 0.2577 0.0000
vt 0.6549 0.2577 0.0000
vt 0.6473 0.2679 0.0000
vt 0.6549 0.2679 0.0000
vt 0.4685 0.0474 0.0000
vt 0.4578 0.0474 0.0000
vt 0.4578 0.0288 0.0000
vt 0.4685 0.0288 0.0000
vt 0.4740 0.0261 0.0000
vt 0.4740 0.0501 0.0000
vt 0.4684 0.0548 0.0000
vt 0.4579 0.0548 0.0000
vt 0.4601 0.0486 0.0000
vt 0.4662 0.0486 0.0000
vt 0.4524 0.0501 0.0000
vt 0.4524 0.0261 0.0000
vt 0.4579 0.0214 0.0000
vt 0.4684 0.0214 0.0000
vt 0.4662 0.0276 0.0000
vt 0.4601 0.0276 0.0000
vt 0.5724 0.9171 0.0000
vt 0.5914 0.9171 0.0000
vt 0.5962 0.9218 0.0000
vt 0.5914 0.9707 0.0000
vt 0.5962 0.9659 0.0000
vt 0.5677 0.9659 0.0000
vt 0.5724 0.9707 0.0000
vt 0.5677 0.9218 0.0000
vt 0.5690 0.9089 0.0000
vt 0.5948 0.9089 0.0000
vt 0.6044 0.9184 0.0000
vt 0.6044 0.9693 0.0000
vt 0.5948 0.9789 0.0000
vt 0.5690 0.9789 0.0000
vt 0.5595 0.9693 0.0000
vt 0.5595 0.9184 0.0000
vt 0.8004 0.2483 0.0000
vt 0.8003 0.2591 0.0000
vt 0.7817 0.2589 0.0000
vt 0.7818 0.2482 0.0000
vt 0.7791 0.2427 0.0000
vt 0.8032 0.2429 0.0000
vt 0.8078 0.2485 0.0000
vt 0.8077 0.2590 0.0000
vt 0.8015 0.2568 0.0000
vt 0.8016 0.2506 0.0000
vt 0.8030 0.2645 0.0000
vt 0.7790 0.2644 0.0000
vt 0.7743 0.2588 0.0000
vt 0.7744 0.2483 0.0000
vt 0.7806 0.2505 0.0000
vt 0.7806 0.2566 0.0000
vt 0.4640 0.0996 0.0000
vt 0.4646 0.1137 0.0000
vt 0.4614 0.1137 0.0000
vt 0.4621 0.0996 0.0000
vt 0.4616 0.0974 0.0000
vt 0.4645 0.0974 0.0000
vt 0.4665 0.0999 0.0000
vt 0.4685 0.1140 0.0000
vt 0.4658 0.1189 0.0000
vt 0.4602 0.1189 0.0000
vt 0.4617 0.1164 0.0000
vt 0.4643 0.1164 0.0000
vt 0.4576 0.1139 0.0000
vt 0.4667 0.1213 0.0000
vt 0.4594 0.1213 0.0000
vt 0.4552 0.1167 0.0000
vt 0.4596 0.0999 0.0000
vt 0.4708 0.1167 0.0000
vt 0.4602 0.0840 0.0000
vt 0.4659 0.0840 0.0000
vt 0.4602 0.0808 0.0000
vt 0.4659 0.0808 0.0000
vt 0.5012 0.0494 0.0000
vt 0.4904 0.0494 0.0000
vt 0.4904 0.0309 0.0000
vt 0.5012 0.0309 0.0000
vt 0.5067 0.0281 0.0000
vt 0.5067 0.0522 0.0000
vt 0.5010 0.0568 0.0000
vt 0.4906 0.0568 0.0000
vt 0.4927 0.0506 0.0000
vt 0.4989 0.0506 0.0000
vt 0.4850 0.0522 0.0000
vt 0.4850 0.0281 0.0000
vt 0.4906 0.0235 0.0000
vt 0.5010 0.0235 0.0000
vt 0.4989 0.0298 0.0000
vt 0.4927 0.0298 0.0000
vt 0.6045 0.2443 0.0000
vt 0.6363 0.2443 0.0000
vt 0.6363 0.2472 0.0000
vt 0.6048 0.2472 0.0000
vt 0.6037 0.2419 0.0000
vt 0.6350 0.2419 0.0000
vt 0.6028 0.2387 0.0000
vt 0.6325 0.2387 0.0000
vt 0.6034 0.2333 0.0000
vt 0.6337 0.2333 0.0000
vt 0.5533 0.2443 0.0000
vt 0.5536 0.2472 0.0000
vt 0.5530 0.2419 0.0000
vt 0.5531 0.2387 0.0000
vt 0.5535 0.2333 0.0000
vt 0.5307 0.2443 0.0000
vt 0.5320 0.2472 0.0000
vt 0.5305 0.2419 0.0000
vt 0.5320 0.2387 0.0000
vt 0.5331 0.2333 0.0000
vt 0.6538 0.2443 0.0000
vt 0.6545 0.2472 0.0000
vt 0.6524 0.2419 0.0000
vt 0.6506 0.2387 0.0000
vt 0.6516 0.2333 0.0000
vt 0.5189 0.2472 0.0000
vt 0.5186 0.2443 0.0000
vt 0.5184 0.2419 0.0000
vt 0.5193 0.2387 0.0000
vt 0.5205 0.2333 0.0000
vt 0.5043 0.0873 0.0000
vt 0.5043 0.1230 0.0000
vt 0.4941 0.1230 0.0000
vt 0.4941 0.0873 0.0000
vt 0.6731 0.7377 0.0000
vt 0.6973 0.7377 0.0000
vt 0.6973 0.7862 0.0000
vt 0.6731 0.7862 0.0000
vt 0.5121 0.0795 0.0000
vt 0.4863 0.0795 0.0000
vt 0.4865 0.0768 0.0000
vt 0.5119 0.0768 0.0000
vt 0.4863 0.1308 0.0000
vt 0.4836 0.1306 0.0000
vt 0.4836 0.0797 0.0000
vt 0.5121 0.1308 0.0000
vt 0.5119 0.1335 0.0000
vt 0.4865 0.1335 0.0000
vt 0.5148 0.0797 0.0000
vt 0.5148 0.1306 0.0000
vt 0.7421 0.2634 0.0000
vt 0.7417 0.2595 0.0000
vt 0.7093 0.2607 0.0000
vt 0.7090 0.2654 0.0000
vt 0.7552 0.2318 0.0000
vt 0.7480 0.2345 0.0000
vt 0.7481 0.2567 0.0000
vt 0.7554 0.2589 0.0000
vt 0.7090 0.2731 0.0000
vt 0.7447 0.2705 0.0000
vt 0.6835 0.2608 0.0000
vt 0.6906 0.2584 0.0000
vt 0.6903 0.2361 0.0000
vt 0.6831 0.2337 0.0000
vt 0.7081 0.2204 0.0000
vt 0.6941 0.2220 0.0000
vt 0.6963 0.2293 0.0000
vt 0.7085 0.2282 0.0000
vt 0.7474 0.2601 0.0000
vt 0.7535 0.2643 0.0000
vt 0.7531 0.2264 0.0000
vt 0.7472 0.2311 0.0000
vt 0.6933 0.2638 0.0000
vt 0.6894 0.2700 0.0000
vt 0.6949 0.2721 0.0000
vt 0.6968 0.2649 0.0000
vt 0.6909 0.2327 0.0000
vt 0.6851 0.2282 0.0000
vt 0.7455 0.2622 0.0000
vt 0.7500 0.2681 0.0000
vt 0.7493 0.2228 0.0000
vt 0.7452 0.2291 0.0000
vt 0.7438 0.2208 0.0000
vt 0.7417 0.2281 0.0000
vt 0.6914 0.2617 0.0000
vt 0.6856 0.2663 0.0000
vt 0.6928 0.2305 0.0000
vt 0.6887 0.2244 0.0000
vt 0.6971 0.2608 0.0000
vt 0.6966 0.2334 0.0000
vt 0.7089 0.2327 0.0000
vt 0.7415 0.2326 0.0000
vt 0.6978 0.2352 0.0000
vt 0.6982 0.2589 0.0000
vt 0.7082 0.2586 0.0000
vt 0.7078 0.2348 0.0000
vt 0.8572 0.2529 0.0000
vt 0.8538 0.2529 0.0000
vt 0.8530 0.2571 0.0000
vt 0.8562 0.2582 0.0000
vt 0.8509 0.2608 0.0000
vt 0.8535 0.2629 0.0000
vt 0.8476 0.2636 0.0000
vt 0.8494 0.2664 0.0000
vt 0.8436 0.2650 0.0000
vt 0.8443 0.2683 0.0000
vt 0.8393 0.2650 0.0000
vt 0.8388 0.2684 0.0000
vt 0.8353 0.2635 0.0000
vt 0.8337 0.2665 0.0000
vt 0.8321 0.2608 0.0000
vt 0.8295 0.2630 0.0000
vt 0.8299 0.2571 0.0000
vt 0.8268 0.2583 0.0000
vt 0.8292 0.2529 0.0000
vt 0.8258 0.2529 0.0000
vt 0.8299 0.2487 0.0000
vt 0.8268 0.2475 0.0000
vt 0.8321 0.2450 0.0000
vt 0.8295 0.2428 0.0000
vt 0.8353 0.2423 0.0000
vt 0.8337 0.2393 0.0000
vt 0.8393 0.2408 0.0000
vt 0.8389 0.2374 0.0000
vt 0.8436 0.2408 0.0000
vt 0.8443 0.2375 0.0000
vt 0.8476 0.2422 0.0000
vt 0.8494 0.2393 0.0000
vt 0.8509 0.2450 0.0000
vt 0.8535 0.2428 0.0000
vt 0.8530 0.2487 0.0000
vt 0.8562 0.2475 0.0000
vt 0.8366 0.2203 0.0000
vt 0.8366 0.2232 0.0000
vt 0.7811 0.2232 0.0000
vt 0.7811 0.2203 0.0000
vt 0.8391 0.2173 0.0000
vt 0.8391 0.2262 0.0000
vt 0.7786 0.2262 0.0000
vt 0.7786 0.2173 0.0000
# 928 texture coords

g delivery_truck_body
usemtl 07___Default
s off
f 1/1/1 2/2/2 3/3/3 
f 4/4/4 5/5/5 6/6/6 7/7/7 
f 8/8/1 9/9/1 10/10/8 
f 4/4/4 11/11/1 12/12/5 5/5/5 
f 12/12/5 11/11/1 13/13/6 
f 14/14/1 15/15/1 16/16/8 
f 17/17/9 18/18/10 2/2/2 19/19/11 
f 2/2/2 1/1/1 20/20/12 19/19/11 
f 17/17/9 21/21/13 22/22/14 18/18/10 
f 22/22/14 21/21/13 23/23/15 24/24/16 
f 25/25/17 20/20/12 1/1/1 26/26/8 
f 13/13/6 11/11/1 16/16/8 15/15/1 
f 27/27/8 28/28/18 29/29/19 
f 27/27/8 30/30/8 31/31/20 28/28/18 
f 7/7/7 6/6/6 27/27/8 29/29/19 
f 32/32/5 33/33/8 34/34/8 
f 32/32/5 34/34/8 35/35/5 36/36/5 
f 37/37/5 36/36/5 35/35/5 
f 38/38/8 37/37/5 35/35/5 
f 38/38/8 35/35/5 39/39/8 40/40/8 
f 35/35/5 41/41/21 42/42/22 39/39/8 
f 34/34/23 18/18/24 22/22/25 35/35/26 
f 41/41/27 35/35/26 22/22/25 24/24/28 
f 4/4/4 43/43/5 44/44/6 
f 45/45/29 46/46/30 47/47/31 48/48/32 
f 46/46/30 49/49/33 50/50/34 47/47/31 
f 51/51/35 52/52/36 53/53/37 54/54/38 
f 55/55/39 56/56/39 57/57/40 58/58/40 
f 59/59/41 60/60/42 61/61/43 62/62/44 
f 15/63/45 14/64/46 63/65/47 64/66/45 
f 13/67/48 15/63/45 64/66/45 65/68/48 
f 5/69/49 12/70/50 66/71/50 67/72/51 
f 6/73/52 5/69/49 67/72/51 68/74/52 
f 27/75/53 6/73/52 68/74/52 69/76/53 
f 30/77/54 27/75/53 69/76/53 70/78/54 
f 31/79/55 30/80/55 70/81/55 
f 71/82/56 72/83/57 73/84/58 74/85/59 
f 12/70/50 13/67/48 65/68/48 66/71/50 
f 14/64/46 75/86/60 63/65/47 
f 49/49/33 59/59/41 62/62/44 50/50/34 
f 76/87/61 51/51/35 54/54/38 77/88/62 
f 52/52/36 71/82/56 74/85/59 53/53/37 
f 39/89/63 42/90/63 78/91/63 
f 79/92/64 80/93/65 81/94/66 82/95/67 
f 83/96/68 84/97/68 10/98/68 
f 60/60/42 85/99/69 86/100/70 61/61/43 
f 47/47/31 87/101/71 88/102/72 48/48/32 
f 50/50/34 89/103/73 87/101/71 47/47/31 
f 57/57/40 90/104/40 91/105/40 58/58/40 
f 61/61/43 92/106/74 93/107/75 62/62/44 
f 94/108/76 95/109/77 96/110/78 86/111/79 
f 62/62/44 93/107/75 89/103/73 50/50/34 
f 74/85/59 97/112/59 98/113/37 53/53/37 
f 96/114/78 99/115/80 92/106/74 86/100/70 
f 61/61/43 86/100/70 92/106/74 
f 70/116/5 69/117/5 64/118/5 63/119/1 
f 68/120/1 65/121/1 64/118/1 69/117/6 
f 65/121/1 68/120/1 67/122/1 66/123/6 
f 100/124/81 7/7/7 29/29/19 101/125/82 
f 102/126/83 28/28/18 31/31/20 103/127/84 
f 104/128/85 4/4/4 7/7/7 100/124/81 
f 101/125/82 29/29/19 28/28/18 102/126/83 
f 105/129/86 100/130/81 101/131/82 106/132/87 
f 51/51/35 105/129/86 106/132/87 52/52/36 
f 107/133/88 102/134/83 103/135/84 108/136/89 
f 71/82/56 107/133/88 108/136/89 72/83/57 
f 109/137/90 104/138/85 100/130/81 105/129/86 
f 76/87/61 109/137/90 105/129/86 51/51/35 
f 106/132/87 101/131/82 102/134/83 107/133/88 
f 52/52/36 106/132/87 107/133/88 71/82/56 
f 4/4/4 44/44/6 11/11/1 
f 110/139/91 23/23/15 21/21/13 111/140/92 
f 111/140/92 21/21/13 17/17/9 112/141/93 
f 113/142/94 19/19/11 20/20/12 114/143/95 
f 115/144/96 20/20/12 25/25/17 116/145/97 
f 112/141/93 17/17/9 19/19/11 113/142/94 
f 20/20/12 115/144/96 114/143/95 
f 117/146/98 110/147/91 111/148/92 118/149/99 
f 45/45/29 117/146/98 118/149/99 46/46/30 
f 118/149/99 111/148/92 112/150/93 119/151/100 
f 46/46/30 118/149/99 119/151/100 49/49/33 
f 109/137/101 76/87/102 120/152/103 
f 121/153/104 113/154/94 114/155/95 122/156/105 
f 59/59/41 121/153/104 122/156/105 60/60/42 
f 123/157/106 115/158/96 116/159/97 124/160/107 
f 124/160/107 125/161/108 85/162/69 123/157/106 
f 119/151/100 112/150/93 113/154/94 121/153/104 
f 49/49/33 119/151/100 121/153/104 59/59/41 
f 122/156/105 114/155/95 115/163/96 123/164/106 
f 60/60/42 122/156/105 123/164/106 85/99/69 
f 26/26/109 1/1/110 126/165/111 127/166/112 
f 16/16/113 128/167/114 126/165/111 1/1/110 
f 44/44/115 43/43/116 129/168/117 130/169/118 
f 11/11/119 44/44/115 130/169/118 131/170/120 
f 16/16/113 11/11/119 131/170/120 128/167/114 
f 33/33/8 8/8/1 10/10/8 34/34/8 
f 34/34/121 10/10/122 84/10/123 18/18/124 
f 132/171/125 133/172/125 134/173/125 135/174/125 
f 18/18/10 84/10/126 136/175/127 137/176/128 
f 25/25/17 26/26/8 43/43/5 4/4/4 
f 138/177/129 76/87/130 77/88/131 139/178/132 
f 77/88/131 140/179/133 141/180/134 139/178/132 
f 104/128/135 116/145/97 25/25/17 4/4/4 
f 109/137/136 124/160/107 116/159/97 104/138/135 
f 120/152/103 142/181/137 124/160/107 109/137/101 
f 26/26/109 127/166/112 129/168/117 43/43/116 
f 94/108/138 125/161/138 55/55/138 58/58/139 
f 142/181/140 120/152/140 143/182/140 144/183/141 
f 138/177/142 139/178/142 57/57/142 56/56/143 
f 141/180/144 90/104/144 57/57/144 139/178/144 
f 144/183/145 55/55/145 125/161/145 142/181/146 
f 56/56/147 143/182/147 120/152/147 138/177/148 
f 138/177/129 120/152/103 76/87/102 
f 85/162/69 125/161/108 94/108/76 86/111/70 
f 142/181/137 125/161/108 124/160/107 
f 55/55/39 144/183/39 143/182/39 56/56/39 
f 145/184/149 3/3/3 2/2/2 
f 146/185/125 147/186/125 148/187/125 149/188/125 
f 149/188/125 148/187/125 134/173/125 133/172/125 
f 18/18/10 137/176/128 150/189/150 
f 151/190/151 145/184/149 2/2/2 
f 152/191/152 151/190/151 2/2/2 18/18/10 
f 150/189/150 152/191/152 18/18/10 
f 3/3/3 16/16/8 1/1/1 
f 136/175/127 84/10/126 83/192/153 153/193/154 
f 83/192/153 75/194/1 14/14/1 16/16/8 
f 153/193/154 83/192/153 16/16/8 
f 3/3/3 153/193/154 16/16/8 
f 153/193/155 3/3/156 133/172/157 132/171/158 
f 3/3/156 145/184/159 149/188/160 133/172/157 
f 145/184/159 151/190/161 146/185/162 149/188/160 
f 151/190/161 152/191/163 147/186/164 146/185/162 
f 152/191/163 150/189/165 148/187/166 147/186/164 
f 150/189/165 137/176/167 134/173/168 148/187/166 
f 137/176/167 136/175/169 135/174/170 134/173/168 
f 136/175/169 153/193/155 132/171/158 135/174/170 
f 130/169/6 129/168/8 128/167/1 
f 127/166/5 126/165/5 128/167/1 129/168/8 
f 131/170/6 130/169/6 128/167/1 
f 94/108/171 58/58/171 91/105/171 95/109/171 
f 154/195/172 155/196/172 156/197/172 157/198/173 
f 158/199/133 159/200/133 156/197/133 141/180/133 
f 155/196/174 90/104/174 141/180/174 156/197/175 
f 157/198/176 95/109/176 91/105/176 154/195/177 
f 155/196/40 154/195/178 91/105/40 90/104/40 
f 160/201/179 161/202/180 24/24/16 23/23/15 
f 41/41/21 162/203/181 163/204/182 42/42/22 
f 161/202/183 162/203/184 41/41/27 24/24/28 
f 164/205/185 165/206/185 166/207/185 167/208/186 
f 167/208/186 166/207/185 168/209/185 169/210/187 
f 45/45/29 165/211/188 170/212/189 117/146/98 
f 171/213/190 160/201/179 23/23/15 110/139/91 
f 170/212/189 171/214/190 110/147/91 117/146/98 
f 162/215/191 161/216/185 164/205/185 
f 162/215/191 80/93/65 79/92/64 163/217/192 
f 165/211/188 45/45/29 48/48/32 166/218/193 
f 48/48/32 88/102/72 168/219/194 166/218/193 
f 164/205/185 170/220/185 165/206/185 
f 171/221/185 164/205/185 160/222/185 
f 170/220/185 164/205/185 171/221/185 
f 157/198/133 156/197/133 159/200/133 172/223/133 
f 80/93/65 164/205/185 167/208/186 81/94/66 
f 161/216/185 160/222/185 164/205/185 
f 164/205/185 80/93/65 162/215/191 
f 82/95/195 81/94/195 173/224/195 174/225/196 
f 163/226/197 79/227/197 78/91/197 42/90/198 
f 175/228/199 176/229/200 177/230/201 
f 178/231/202 179/232/203 180/233/204 181/234/199 
f 182/235/199 183/236/205 184/237/199 
f 178/231/202 181/234/199 185/238/206 186/239/205 
f 185/238/206 187/240/205 186/239/205 
f 188/241/199 189/242/204 190/243/199 
f 191/244/207 192/245/208 177/230/201 193/246/209 
f 177/230/201 192/245/208 194/247/210 175/228/199 
f 191/244/207 193/246/209 195/248/211 196/249/212 
f 195/248/211 197/250/213 198/251/214 196/249/212 
f 199/252/215 200/253/199 175/228/199 194/247/210 
f 187/240/205 190/243/199 189/242/204 186/239/205 
f 201/254/205 202/255/216 203/256/217 
f 201/254/205 203/256/217 204/257/218 205/258/206 
f 179/232/203 202/255/216 201/254/205 180/233/204 
f 206/259/206 207/260/205 208/261/206 
f 206/259/206 209/262/205 210/263/204 207/260/205 
f 211/264/204 210/263/204 209/262/205 
f 212/265/204 210/263/204 211/264/204 
f 212/265/204 213/266/206 214/267/205 210/263/204 
f 210/263/204 214/267/205 215/268/219 216/269/220 
f 207/260/221 210/263/222 195/248/223 193/246/224 
f 216/269/225 197/250/226 195/248/223 210/263/222 
f 178/231/202 217/270/205 218/271/199 
f 219/272/227 88/102/72 87/101/71 220/273/228 
f 220/273/228 87/101/71 89/103/73 221/274/229 
f 222/275/230 223/276/38 98/113/37 224/277/231 
f 225/278/39 226/279/232 227/280/40 228/281/40 
f 229/282/233 93/107/75 92/106/74 230/283/234 
f 190/284/235 231/285/235 232/286/236 188/287/46 
f 187/288/237 233/289/237 231/285/235 190/284/235 
f 181/290/51 234/291/49 235/292/238 185/293/238 
f 180/294/239 236/295/239 234/291/49 181/290/51 
f 201/296/240 237/297/240 236/295/239 180/294/239 
f 205/298/241 238/299/54 237/297/240 201/296/240 
f 238/300/55 205/301/55 204/302/55 
f 239/303/242 97/112/59 240/304/243 241/305/244 
f 185/293/238 235/292/238 233/289/237 187/288/237 
f 188/287/46 232/286/236 242/306/60 
f 221/274/229 89/103/73 93/107/75 229/282/233 
f 243/307/245 244/308/62 223/276/38 222/275/230 
f 224/277/231 98/113/37 97/112/59 239/303/242 
f 214/309/246 245/310/246 215/311/246 
f 246/312/247 247/313/248 248/314/249 249/315/250 
f 250/316/251 183/317/251 251/318/251 
f 230/283/234 92/106/74 99/115/80 252/319/252 
f 81/94/66 167/208/186 169/210/187 248/314/253 
f 54/54/38 53/53/37 98/113/37 223/276/38 
f 227/280/40 226/279/232 253/320/254 254/321/255 
f 73/322/256 70/81/256 238/300/256 240/323/257 
f 255/324/58 256/325/58 257/326/58 258/327/58 
f 63/328/47 75/329/60 242/330/60 232/331/236 
f 259/332/258 99/333/80 96/110/78 260/334/77 
f 75/329/259 83/96/259 250/316/259 242/330/260 
f 140/179/62 77/88/62 54/54/38 223/276/38 
f 244/308/62 140/179/62 223/276/38 
f 214/309/261 39/89/261 78/91/261 245/310/262 
f 40/335/259 39/89/259 214/309/259 213/336/259 
f 38/337/263 40/335/264 213/336/264 212/338/263 
f 37/339/265 38/337/263 212/338/263 211/340/265 
f 36/341/266 37/339/265 211/340/265 209/342/266 
f 32/343/267 36/341/266 209/342/266 206/344/267 
f 33/345/268 32/343/267 206/344/267 208/346/269 
f 8/347/270 33/345/268 208/346/269 182/348/270 
f 9/349/271 8/347/270 182/348/270 184/350/271 
f 10/351/260 9/349/260 184/350/260 183/352/259 
f 261/353/272 262/354/272 263/355/272 264/356/272 
f 79/92/64 82/95/67 247/313/248 246/312/247 
f 83/96/68 10/98/68 183/317/68 250/316/68 
f 238/300/273 70/81/273 63/328/273 232/331/273 
f 238/357/199 232/358/199 231/359/199 237/360/205 
f 236/361/206 237/360/206 231/359/206 233/362/206 
f 233/362/204 235/363/204 234/364/204 236/361/205 
f 265/365/274 266/366/275 202/255/216 179/232/203 
f 267/367/276 268/368/277 204/257/218 203/256/217 
f 269/369/278 265/365/274 179/232/203 178/231/202 
f 266/366/275 267/367/276 203/256/217 202/255/216 
f 270/370/279 271/371/280 266/372/275 265/373/274 
f 222/275/230 224/277/231 271/371/280 270/370/279 
f 272/374/281 273/375/282 268/376/277 267/377/276 
f 239/303/242 241/305/244 273/375/282 272/374/281 
f 274/378/283 270/370/279 265/373/274 269/379/278 
f 243/307/245 222/275/230 270/370/279 274/378/283 
f 271/371/280 272/374/281 267/377/276 266/372/275 
f 224/277/231 239/303/242 272/374/281 271/371/280 
f 178/231/202 186/239/205 217/270/205 
f 275/380/284 276/381/285 196/249/212 198/251/214 
f 276/381/285 277/382/286 191/244/207 196/249/212 
f 278/383/287 279/384/288 194/247/210 192/245/208 
f 280/385/289 281/386/290 199/252/215 194/247/210 
f 277/382/286 278/383/287 192/245/208 191/244/207 
f 194/247/210 279/384/288 280/385/289 
f 282/387/291 283/388/292 276/389/285 275/390/284 
f 219/272/227 220/273/228 283/388/292 282/387/291 
f 283/388/292 284/391/293 277/392/286 276/389/285 
f 220/273/228 221/274/229 284/391/293 283/388/292 
f 274/378/294 285/393/295 243/307/296 
f 286/394/297 287/395/298 279/396/288 278/397/287 
f 229/282/233 230/283/234 287/395/298 286/394/297 
f 288/398/299 289/399/300 281/400/290 280/401/289 
f 289/399/300 288/398/299 252/402/252 290/403/301 
f 284/391/293 286/394/297 278/397/287 277/392/286 
f 221/274/229 229/282/233 286/394/297 284/391/293 
f 287/395/298 288/404/299 280/405/289 279/396/288 
f 230/283/234 252/319/252 288/404/299 287/395/298 
f 200/253/302 291/406/303 292/407/304 175/228/305 
f 189/242/306 175/228/305 292/407/304 293/408/307 
f 217/270/308 294/409/309 295/410/310 218/271/311 
f 186/239/312 296/411/313 294/409/309 217/270/308 
f 189/242/306 293/408/307 296/411/313 186/239/312 
f 208/261/206 207/260/205 183/236/205 182/235/199 
f 207/260/314 193/246/315 251/236/316 183/236/317 
f 297/412/318 298/413/318 299/414/318 300/415/318 
f 193/246/209 301/416/319 302/417/320 251/236/321 
f 199/252/215 178/231/202 218/271/199 200/253/199 
f 303/418/322 304/419/323 244/308/324 243/307/130 
f 158/199/133 140/179/133 244/308/324 304/419/323 
f 269/369/325 178/231/202 199/252/215 281/386/290 
f 274/378/326 269/379/325 281/400/290 289/399/300 
f 285/393/295 274/378/294 289/399/300 305/420/327 
f 200/253/302 218/271/311 295/410/310 291/406/303 
f 259/332/328 226/279/328 225/278/328 290/403/329 
f 305/420/330 306/421/330 307/422/330 285/393/331 
f 303/418/332 228/281/333 227/280/334 304/419/335 
f 158/199/336 304/419/335 227/280/334 254/321/337 
f 306/421/338 305/420/338 290/403/338 225/278/339 
f 228/281/333 303/418/332 285/393/340 307/422/341 
f 303/418/322 243/307/296 285/393/295 
f 252/402/252 99/333/80 259/332/258 290/403/301 
f 305/420/327 289/399/300 290/403/301 
f 225/278/39 228/281/40 307/422/39 306/421/40 
f 308/423/342 177/230/201 176/229/200 
f 309/424/318 300/415/318 299/414/318 310/425/318 
f 311/426/318 309/424/318 310/425/318 312/427/318 
f 193/246/209 313/428/343 301/416/319 
f 314/429/344 177/230/201 308/423/342 
f 315/430/345 193/246/209 177/230/201 314/429/344 
f 313/428/343 193/246/209 315/430/345 
f 176/229/200 175/228/199 189/242/204 
f 302/417/320 316/431/346 250/432/347 251/236/321 
f 188/241/199 242/433/199 250/432/347 189/242/204 
f 316/431/346 189/242/204 250/432/347 
f 176/229/200 189/242/204 316/431/346 
f 316/431/348 297/412/349 300/415/350 176/229/351 
f 176/229/351 300/415/350 309/424/352 308/423/353 
f 308/423/353 309/424/352 311/426/354 314/429/355 
f 314/429/355 311/426/354 312/427/356 315/430/357 
f 315/430/357 312/427/356 310/425/358 313/428/359 
f 313/428/359 310/425/358 299/414/360 301/416/361 
f 301/416/361 299/414/360 298/413/362 302/417/363 
f 302/417/363 298/413/362 297/412/349 316/431/348 
f 294/409/204 293/408/205 295/410/204 
f 291/406/205 295/410/204 293/408/205 292/407/205 
f 296/411/204 293/408/205 294/409/204 
f 259/332/171 260/334/171 253/320/171 226/279/171 
f 317/434/364 172/223/365 159/200/366 318/435/367 
f 260/334/77 96/110/78 95/109/77 
f 318/435/367 159/200/366 158/199/336 254/321/337 
f 172/223/365 317/434/364 253/320/368 260/334/369 
f 318/435/370 254/321/255 253/320/254 317/434/371 
f 319/436/372 198/251/214 197/250/213 320/437/373 
f 216/269/220 215/268/219 321/438/374 322/439/375 
f 320/437/376 197/250/226 216/269/225 322/439/377 
f 219/272/227 282/387/291 323/440/378 324/441/379 
f 325/442/380 275/380/284 198/251/214 319/436/372 
f 323/440/378 282/387/291 275/390/284 325/443/380 
f 322/444/185 326/445/185 320/446/185 
f 322/444/381 321/447/382 246/312/247 249/315/250 
f 324/441/379 168/219/194 88/102/72 219/272/227 
f 325/448/185 319/449/185 326/445/185 
f 247/313/383 327/450/383 328/451/383 248/314/384 
f 248/314/385 328/451/385 173/224/385 81/94/386 
f 82/95/387 174/225/387 327/450/387 247/313/388 
f 321/452/389 215/311/389 245/310/389 246/453/390 
f 245/310/391 78/91/391 79/227/391 246/453/392 
f 74/85/59 73/84/58 329/454/58 330/455/243 
f 73/84/58 240/304/243 331/456/243 329/454/58 
f 240/304/243 97/112/59 332/457/58 331/456/243 
f 97/112/59 74/85/59 330/455/243 332/457/58 
f 333/455/243 334/454/58 335/458/58 336/459/243 
f 337/456/243 338/460/243 335/458/58 334/454/58 
f 337/456/243 339/457/58 340/461/58 338/460/243 
f 333/455/243 336/459/243 340/461/58 339/457/58 
f 330/455/1 329/454/1 334/454/1 333/455/1 
f 329/454/260 331/456/260 337/456/260 334/454/260 
f 331/456/199 332/457/199 339/457/199 337/456/199 
f 332/457/393 330/455/393 333/455/393 339/457/393 
f 256/325/394 255/324/394 336/459/394 335/458/394 
f 255/324/395 258/327/395 340/461/395 336/459/395 
f 258/327/396 257/326/396 338/460/396 340/461/396 
f 257/326/397 256/325/397 335/458/397 338/460/397 
f 157/198/133 172/223/133 260/334/77 95/109/77 
f 141/180/134 140/179/133 158/199/133 
f 174/225/398 173/224/399 341/462/398 342/463/398 
f 173/224/399 328/451/399 343/464/399 341/462/398 
f 328/451/399 327/450/398 344/465/399 343/464/399 
f 327/450/398 174/225/398 342/463/398 344/465/399 
f 342/463/400 341/462/400 262/354/400 261/353/401 
f 341/462/402 343/464/402 263/355/402 262/354/402 
f 343/464/403 344/465/403 264/356/403 263/355/404 
f 344/465/405 342/463/405 261/353/405 264/356/405 
f 70/81/406 103/466/406 31/79/406 
f 70/81/256 73/322/256 72/467/256 
f 108/468/407 103/466/407 70/81/407 
f 72/467/408 108/468/408 70/81/408 
f 241/469/256 240/323/256 238/300/256 
f 204/302/409 268/470/409 238/300/409 
f 273/471/410 241/469/410 238/300/410 
f 268/470/411 273/471/411 238/300/411 
f 319/449/185 320/446/185 326/445/185 
f 249/315/250 248/314/249 169/210/187 326/445/185 
f 326/445/185 169/210/187 168/209/185 324/472/185 
f 326/445/185 324/472/185 323/473/185 
f 326/445/185 323/473/185 325/448/185 
f 322/444/185 249/315/250 326/445/185 
f 345/474/259 346/475/259 347/476/259 348/477/259 
f 349/478/393 350/479/393 351/480/393 352/481/393 
f 353/482/412 354/483/413 355/484/414 
f 345/474/259 348/477/259 356/485/259 357/486/259 
f 349/478/393 358/487/393 359/488/393 350/479/393 
f 360/489/415 361/490/416 362/491/417 363/492/418 
f 364/493/259 365/494/259 366/495/259 367/496/259 
f 368/497/393 369/498/393 370/499/393 371/500/393 
f 372/501/419 373/502/420 374/503/421 375/504/422 
f 367/496/259 366/495/259 353/482/259 355/505/259 
f 376/506/423 369/498/424 367/507/424 355/508/423 
f 377/509/393 370/499/393 369/498/393 376/506/393 
f 353/482/425 366/495/426 375/504/422 354/483/427 
f 347/476/259 346/475/259 378/510/259 379/511/259 
f 351/480/393 380/512/393 381/513/393 352/481/393 
f 348/477/428 347/476/429 382/514/430 360/489/415 
f 364/493/259 357/486/259 356/485/259 365/494/259 
f 368/497/431 358/487/431 357/515/431 364/516/431 
f 359/488/393 358/487/393 368/497/393 371/500/393 
f 365/494/432 356/485/433 363/492/418 372/501/419 
f 352/481/434 346/517/434 345/518/435 349/478/435 
f 354/483/413 383/519/436 376/520/437 355/484/414 
f 349/478/431 345/518/431 357/515/431 358/487/431 
f 348/477/428 360/489/415 363/492/418 356/485/433 
f 368/497/438 364/516/438 367/507/424 369/498/424 
f 365/494/432 372/501/419 375/504/422 366/495/426 
f 383/519/439 354/483/427 375/504/422 374/503/421 
f 346/517/434 352/481/434 381/513/440 378/521/440 
f 361/490/416 360/489/415 382/514/430 384/522/441 
f 373/502/420 372/501/419 363/492/418 362/491/417 
f 350/479/442 359/488/443 362/491/444 361/490/445 
f 371/500/446 370/499/447 374/503/448 373/502/449 
f 370/499/447 377/509/450 383/519/451 374/503/448 
f 351/480/452 350/479/442 361/490/445 384/522/453 
f 359/488/443 371/500/446 373/502/449 362/491/444 
f 385/523/259 386/524/259 379/511/259 378/510/259 
f 387/525/393 381/513/393 380/512/393 388/526/393 
f 389/527/454 390/528/455 391/529/456 
f 385/523/259 392/530/259 393/531/259 386/524/259 
f 387/525/393 388/526/393 394/532/393 395/533/393 
f 396/534/457 397/535/458 398/536/459 399/537/460 
f 400/538/259 401/539/259 402/540/259 403/541/259 
f 404/542/393 405/543/393 406/544/393 407/545/393 
f 408/546/461 409/547/462 410/548/463 411/549/464 
f 401/539/259 390/550/259 389/527/259 402/540/259 
f 412/551/465 390/552/465 401/553/466 407/545/466 
f 413/554/393 412/551/393 407/545/393 406/544/393 
f 389/527/467 391/529/468 409/547/462 402/540/469 
f 386/524/470 396/534/457 414/555/471 379/511/472 
f 400/538/259 403/541/259 393/531/259 392/530/259 
f 404/542/473 400/556/473 392/557/473 395/533/473 
f 394/532/393 405/543/393 404/542/393 395/533/393 
f 403/541/474 408/546/461 397/535/458 393/531/475 
f 381/513/440 387/525/476 385/558/476 378/521/440 
f 415/559/477 384/522/441 382/514/430 414/555/471 
f 412/560/478 413/554/479 416/561/479 
f 387/525/473 395/533/473 392/557/473 385/558/473 
f 386/524/470 393/531/475 397/535/458 396/534/457 
f 404/542/480 407/545/466 401/553/466 400/556/480 
f 403/541/474 402/540/469 409/547/462 408/546/461 
f 416/561/481 410/548/463 409/547/462 391/529/468 
f 399/537/460 415/559/477 414/555/471 396/534/457 
f 411/549/464 398/536/459 397/535/458 408/546/461 
f 384/522/453 415/559/482 380/512/483 351/480/452 
f 388/526/484 399/537/485 398/536/486 394/532/487 
f 405/543/488 411/549/489 410/548/490 406/544/491 
f 406/544/491 410/548/490 416/561/492 413/554/493 
f 380/512/483 415/559/482 399/537/485 388/526/484 
f 394/532/487 398/536/486 411/549/489 405/543/488 
f 383/519/436 377/509/436 376/520/437 
f 412/560/478 416/561/479 391/529/456 390/528/455 
f 417/562/259 418/563/259 419/564/259 420/565/259 
f 421/566/393 422/567/393 423/568/393 424/569/393 
f 419/564/494 425/570/495 426/571/496 427/572/497 
f 428/573/498 429/574/499 430/575/500 
f 417/562/259 431/576/259 432/577/259 418/563/259 
f 421/566/393 424/569/393 433/578/393 434/579/393 
f 435/580/501 436/581/502 437/582/503 438/583/504 
f 439/584/259 440/585/259 441/586/259 442/587/259 
f 443/588/393 444/589/393 445/590/393 446/591/393 
f 447/592/505 448/593/506 449/594/507 450/595/508 
f 440/585/259 429/596/259 428/573/259 441/586/259 
f 451/597/509 429/596/509 440/585/510 446/598/510 
f 452/599/393 451/600/393 446/591/393 445/590/393 
f 428/573/511 430/575/512 448/593/506 441/586/513 
f 419/564/259 427/572/259 453/601/259 420/565/259 
f 454/602/393 455/603/393 423/568/393 422/567/393 
f 418/563/514 435/580/501 425/570/495 419/564/494 
f 439/584/259 442/587/259 432/577/259 431/576/259 
f 443/604/515 439/584/515 431/576/515 434/605/515 
f 433/578/393 444/589/393 443/588/393 434/579/393 
f 442/587/516 447/592/505 436/581/502 432/577/517 
f 422/606/518 421/607/519 417/562/519 420/565/518 
f 456/608/520 457/609/521 426/571/496 425/570/495 
f 451/610/522 458/611/523 430/575/500 429/574/499 
f 421/607/515 434/605/515 431/576/515 417/562/515 
f 418/563/514 432/577/517 436/581/502 435/580/501 
f 443/604/524 446/598/510 440/585/510 439/584/524 
f 442/587/516 441/586/513 448/593/506 447/592/505 
f 458/611/525 449/594/507 448/593/506 430/575/512 
f 454/612/58 422/606/518 420/565/518 453/601/58 
f 438/583/504 456/608/520 425/570/495 435/580/501 
f 450/595/508 437/582/503 436/581/502 447/592/505 
f 455/603/526 457/609/527 456/608/528 423/568/529 
f 424/569/530 438/583/531 437/582/532 433/578/533 
f 444/589/534 450/595/535 449/594/536 445/590/537 
f 445/590/537 449/594/536 458/611/538 452/599/539 
f 423/568/529 456/608/528 438/583/531 424/569/530 
f 433/578/533 437/582/532 450/595/535 444/589/534 
f 459/613/259 460/614/259 461/615/259 462/616/259 
f 463/617/393 464/618/393 465/619/393 466/620/393 
f 461/615/540 427/572/497 426/571/496 467/621/541 
f 468/622/542 469/623/543 470/624/544 
f 459/613/259 462/616/259 471/625/259 472/626/259 
f 463/617/393 473/627/393 474/628/393 464/618/393 
f 475/629/545 476/630/546 477/631/547 478/632/548 
f 479/633/259 480/634/259 481/635/259 482/636/259 
f 483/637/393 484/638/393 485/639/393 486/640/393 
f 487/641/549 488/642/550 489/643/551 490/644/552 
f 482/636/259 481/635/259 468/622/259 470/645/259 
f 491/646/553 484/647/554 482/636/554 470/645/553 
f 492/648/393 485/639/393 484/638/393 491/649/393 
f 468/622/555 481/635/556 490/644/552 469/623/557 
f 461/615/259 460/614/259 453/601/259 427/572/259 
f 454/602/393 466/620/393 465/619/393 455/603/393 
f 462/616/558 461/615/540 467/621/541 475/629/545 
f 479/633/259 472/626/259 471/625/259 480/634/259 
f 483/650/559 473/651/559 472/626/559 479/633/559 
f 474/628/393 473/627/393 483/637/393 486/640/393 
f 480/634/560 471/625/561 478/632/548 487/641/549 
f 466/652/562 460/614/562 459/613/563 463/653/563 
f 493/654/564 467/621/541 426/571/496 457/609/521 
f 469/623/543 494/655/565 491/656/566 470/624/544 
f 463/653/559 459/613/559 472/626/559 473/651/559 
f 462/616/558 475/629/545 478/632/548 471/625/561 
f 483/650/567 479/633/567 482/636/554 484/647/554 
f 480/634/560 487/641/549 490/644/552 481/635/556 
f 494/655/568 469/623/557 490/644/552 489/643/551 
f 454/612/58 453/601/58 460/614/562 466/652/562 
f 476/630/546 475/629/545 467/621/541 493/654/564 
f 488/642/550 487/641/549 478/632/548 477/631/547 
f 455/603/526 465/619/569 493/654/570 457/609/527 
f 464/618/571 474/628/572 477/631/573 476/630/574 
f 486/640/575 485/639/576 489/643/577 488/642/578 
f 485/639/576 492/648/579 494/655/580 489/643/577 
f 465/619/569 464/618/571 476/630/574 493/654/570 
f 474/628/572 486/640/575 488/642/578 477/631/573 
f 451/610/522 452/657/523 458/611/523 
f 494/655/565 492/658/565 491/656/566 
f 495/659/581 496/660/582 497/661/582 498/662/581 
f 499/663/6 500/664/6 496/660/6 495/659/6 
f 501/665/583 502/666/583 500/664/584 499/663/583 
f 498/662/204 497/661/204 502/667/204 501/668/204 
f 498/662/581 503/669/585 504/670/585 495/659/581 
f 495/659/586 504/670/586 505/671/586 499/663/586 
f 499/663/583 505/671/587 506/672/587 501/665/583 
f 501/668/588 506/673/588 503/669/588 498/662/588 
f 507/674/582 504/670/585 503/669/585 508/675/582 
f 509/676/204 505/671/204 504/670/204 507/674/204 
f 510/677/589 506/672/587 505/671/587 509/676/589 
f 508/675/6 503/669/6 506/673/6 510/678/6 
f 511/679/58 512/680/58 513/681/58 514/682/58 
f 515/683/6 516/684/6 512/680/6 511/679/6 
f 516/684/590 517/685/590 513/681/590 512/680/590 
f 517/685/199 518/686/199 514/682/199 513/681/199 
f 518/686/591 515/683/591 511/679/591 514/682/591 
f 347/476/429 379/511/472 414/555/471 382/514/430 
f 519/687/5 520/688/1 521/689/1 522/690/5 
f 523/691/592 524/692/592 520/688/592 519/687/592 
f 525/693/199 526/694/199 524/692/199 523/691/199 
f 522/690/593 521/689/593 526/694/593 525/693/593 
f 527/695/8 519/687/5 522/690/5 528/696/8 
f 529/697/594 523/691/594 519/687/594 527/695/594 
f 530/698/206 525/693/199 523/691/199 529/697/206 
f 528/696/595 522/690/595 525/693/595 530/698/595 
f 531/699/8 527/695/8 528/696/8 532/700/8 
f 533/701/596 529/697/596 527/695/596 531/699/596 
f 534/702/206 530/698/206 529/697/206 533/701/206 
f 532/700/597 528/696/597 530/698/597 534/702/597 
f 535/703/598 536/704/598 537/705/598 538/706/598 
f 539/707/599 540/708/600 535/703/600 538/706/599 
f 541/709/601 542/710/602 543/711/602 544/712/601 
f 545/713/603 546/714/604 537/705/604 536/704/603 
f 547/715/605 548/716/606 549/717/606 550/718/605 
f 540/708/600 541/709/601 544/712/601 535/703/600 
f 538/706/599 549/717/606 548/716/606 539/707/599 
f 542/710/602 545/713/603 536/704/603 543/711/602 
f 546/714/604 547/715/605 550/718/605 537/705/604 
f 550/718/598 549/717/598 538/706/598 537/705/598 
f 544/712/598 543/711/598 536/704/598 535/703/598 
f 551/719/5 552/720/5 553/721/5 554/722/5 
f 553/721/5 555/723/1 554/722/5 
f 556/724/5 551/719/5 554/722/5 557/725/5 
f 558/726/1 551/719/5 556/724/5 
f 559/727/68 560/728/68 552/720/68 551/719/68 
f 561/729/58 562/730/58 555/723/58 553/721/58 
f 563/731/393 564/732/393 557/725/393 554/722/393 
f 565/733/607 566/734/607 558/726/607 556/724/607 
f 560/728/608 561/729/608 553/721/608 552/720/608 
f 551/719/609 558/726/609 566/734/609 559/727/609 
f 562/730/610 563/731/610 554/722/610 555/723/610 
f 564/732/611 565/733/611 556/724/611 557/725/611 
f 567/735/1 568/736/1 569/737/1 570/738/1 
f 571/739/612 572/740/613 567/735/613 570/738/612 
f 573/741/614 574/742/615 575/743/615 576/744/614 
f 577/745/616 578/746/617 569/737/617 568/736/616 
f 579/747/618 580/748/619 581/749/619 582/750/618 
f 572/740/613 573/741/614 576/744/614 567/735/613 
f 570/738/612 581/749/619 580/748/619 571/739/612 
f 574/742/615 577/745/616 568/736/616 575/743/615 
f 578/746/617 579/747/618 582/750/618 569/737/617 
f 582/750/1 581/749/1 570/738/1 569/737/1 
f 576/744/1 575/743/1 568/736/1 567/735/1 
f 583/751/620 584/752/621 585/753/622 586/754/623 
f 587/755/624 588/756/625 583/751/624 586/754/626 
f 588/757/627 589/758/628 584/752/629 583/751/630 
f 590/759/631 591/760/632 592/761/633 593/762/634 
f 591/760/635 594/763/636 585/753/637 592/761/638 
f 595/764/639 596/765/639 591/760/632 590/759/631 
f 596/765/640 597/766/640 594/763/636 591/760/635 
f 593/762/641 592/761/641 585/753/622 584/752/621 
f 590/759/642 593/762/643 584/752/629 589/758/628 
f 587/767/644 586/754/645 585/753/637 594/763/636 
f 595/764/646 590/759/642 589/758/628 598/768/646 
f 594/769/647 589/770/648 588/756/649 587/755/650 
f 597/771/651 598/772/651 589/770/651 594/769/651 
f 599/773/6 600/774/6 601/775/6 602/776/6 
f 603/777/612 604/778/613 599/773/613 602/776/612 
f 605/779/614 606/780/615 607/781/615 608/782/614 
f 609/783/616 610/784/617 601/775/617 600/774/616 
f 611/785/618 612/786/619 613/787/619 614/788/618 
f 604/778/613 605/779/614 608/782/614 599/773/613 
f 602/776/612 613/787/619 612/786/619 603/777/612 
f 606/780/615 609/783/616 600/774/616 607/781/615 
f 610/784/617 611/785/618 614/788/618 601/775/617 
f 614/788/1 613/787/1 602/776/6 601/775/6 
f 608/782/1 607/781/1 600/774/6 599/773/6 
f 615/789/652 616/790/653 617/791/654 618/792/655 
f 619/793/656 620/794/657 616/790/658 615/789/659 
f 621/795/660 622/796/661 620/794/662 619/793/663 
f 618/797/664 617/798/665 622/796/666 621/795/667 
f 623/799/668 615/789/652 618/792/655 624/800/669 
f 625/801/670 619/793/671 615/789/672 623/799/673 
f 626/802/674 621/795/660 619/793/663 625/801/675 
f 624/803/676 618/797/677 621/795/678 626/802/679 
f 627/804/680 623/799/668 624/800/669 628/805/681 
f 629/806/682 625/801/683 623/799/684 627/804/685 
f 630/807/686 626/802/674 625/801/675 629/806/687 
f 628/808/688 624/803/689 626/802/690 630/807/691 
f 617/791/654 616/790/653 631/809/692 632/810/693 
f 616/790/694 620/794/694 633/811/694 631/809/695 
f 620/794/696 622/796/696 634/812/696 633/811/697 
f 622/796/698 617/798/698 632/813/698 634/812/699 
f 627/804/680 628/805/681 635/814/700 636/815/701 
f 629/806/702 627/804/702 636/815/702 637/816/703 
f 630/807/704 629/806/704 637/816/704 638/817/705 
f 635/818/706 628/808/706 630/807/706 638/817/707 
f 639/819/708 640/820/709 641/821/708 642/822/708 
f 643/823/710 644/824/710 645/825/710 646/826/710 
f 647/827/259 648/828/259 644/829/259 643/830/259 
f 648/828/711 649/831/711 645/832/711 644/833/711 
f 649/831/393 650/834/393 646/835/393 645/836/393 
f 650/834/712 647/827/713 643/837/713 646/838/712 
f 647/827/714 650/834/714 640/820/714 639/819/715 
f 650/834/716 649/831/716 641/821/716 640/820/716 
f 649/831/717 648/828/717 642/822/717 641/821/717 
f 648/828/718 647/827/718 639/819/718 642/822/718 
f 651/687/205 652/690/205 653/689/205 654/688/206 
f 655/691/592 651/687/592 654/688/592 656/692/592 
f 657/693/1 655/691/1 656/692/1 658/694/8 
f 652/690/593 657/693/593 658/694/593 653/689/593 
f 659/695/204 660/696/204 652/690/205 651/687/205 
f 661/697/594 659/695/594 651/687/594 655/691/594 
f 662/698/6 661/697/6 655/691/1 657/693/1 
f 660/696/595 662/698/595 657/693/595 652/690/595 
f 663/699/204 664/700/204 660/696/204 659/695/204 
f 665/701/596 663/699/596 659/695/596 661/697/596 
f 666/702/6 665/701/6 661/697/6 662/698/6 
f 664/700/597 666/702/597 662/698/597 660/696/597 
f 667/703/719 668/706/720 669/705/720 670/704/719 
f 671/707/721 668/706/721 667/703/722 672/708/722 
f 673/709/723 674/712/723 675/711/724 676/710/724 
f 677/713/725 670/704/725 669/705/726 678/714/726 
f 679/715/727 680/718/727 681/717/728 682/716/728 
f 672/708/722 667/703/722 674/712/723 673/709/723 
f 668/706/721 671/707/721 682/716/728 681/717/728 
f 676/710/724 675/711/724 670/704/725 677/713/725 
f 678/714/726 669/705/726 680/718/727 679/715/727 
f 680/718/720 669/705/720 668/706/720 681/717/720 
f 674/712/719 667/703/719 670/704/719 675/711/719 
f 683/724/204 684/725/204 685/722/205 686/719/206 
f 687/721/206 686/719/206 685/722/205 688/723/205 
f 687/721/206 689/720/206 686/719/206 
f 690/726/199 683/724/204 686/719/206 
f 691/727/68 686/719/68 689/720/68 692/728/68 
f 693/729/58 687/721/58 688/723/58 694/730/58 
f 695/731/393 685/722/393 684/725/393 696/732/393 
f 697/733/607 683/724/607 690/726/607 698/734/607 
f 692/728/608 689/720/608 687/721/608 693/729/608 
f 686/719/609 691/727/609 698/734/609 690/726/609 
f 694/730/610 688/723/610 685/722/610 695/731/610 
f 696/732/611 684/725/611 683/724/611 697/733/611 
f 699/735/199 700/738/199 701/737/199 702/736/199 
f 703/739/612 700/738/612 699/735/613 704/740/613 
f 705/741/614 706/744/614 707/743/615 708/742/615 
f 709/745/616 702/736/616 701/737/617 710/746/617 
f 711/747/618 712/750/618 713/749/619 714/748/619 
f 704/740/613 699/735/613 706/744/614 705/741/614 
f 700/738/612 703/739/612 714/748/619 713/749/619 
f 708/742/615 707/743/615 702/736/616 709/745/616 
f 710/746/617 701/737/617 712/750/618 711/747/618 
f 712/750/199 701/737/199 700/738/199 713/749/199 
f 706/744/199 699/735/199 702/736/199 707/743/199 
f 715/773/199 716/776/199 717/775/199 718/774/199 
f 719/777/612 716/776/612 715/773/613 720/778/613 
f 721/779/614 722/782/614 723/781/615 724/780/615 
f 725/783/616 718/774/616 717/775/617 726/784/617 
f 727/785/618 728/788/618 729/787/619 730/786/619 
f 720/778/613 715/773/613 722/782/614 721/779/614 
f 716/776/612 719/777/612 730/786/619 729/787/619 
f 724/780/615 723/781/615 718/774/616 725/783/616 
f 726/784/617 717/775/617 728/788/618 727/785/618 
f 728/788/199 717/775/199 716/776/199 729/787/199 
f 722/782/199 715/773/199 718/774/199 723/781/199 
f 731/789/729 732/792/730 733/791/731 734/790/732 
f 735/793/733 731/789/734 734/790/735 736/794/736 
f 737/795/737 735/793/738 736/794/739 738/796/740 
f 732/797/741 737/795/742 738/796/743 733/798/744 
f 739/799/745 740/800/746 732/792/730 731/789/729 
f 741/801/747 739/799/748 731/789/749 735/793/750 
f 742/802/751 741/801/752 735/793/738 737/795/737 
f 740/803/753 742/802/754 737/795/755 732/797/756 
f 743/804/757 744/805/758 740/800/746 739/799/745 
f 745/806/759 743/804/760 739/799/761 741/801/762 
f 746/807/763 745/806/764 741/801/752 742/802/751 
f 744/808/765 746/807/766 742/802/767 740/803/768 
f 733/791/769 747/810/769 748/809/769 734/790/770 
f 734/790/771 748/809/771 749/811/771 736/794/772 
f 736/794/773 749/811/773 750/812/773 738/796/774 
f 738/796/775 750/812/775 747/813/775 733/798/776 
f 743/804/757 751/815/777 752/814/778 744/805/758 
f 745/806/779 753/816/779 751/815/779 743/804/780 
f 746/807/763 754/817/781 753/816/782 745/806/764 
f 752/818/783 754/817/783 746/807/783 744/808/784 
f 755/819/785 756/822/785 757/821/785 758/820/786 
f 759/823/787 760/826/787 761/825/787 762/824/787 
f 763/827/259 759/830/259 762/829/259 764/828/259 
f 764/828/788 762/833/788 761/832/788 765/831/788 
f 765/831/393 761/836/393 760/835/393 766/834/393 
f 766/834/789 760/838/789 759/837/789 763/827/789 
f 763/827/790 755/819/790 758/820/790 766/834/790 
f 766/834/791 758/820/791 757/821/791 765/831/791 
f 765/831/792 757/821/792 756/822/792 764/828/792 
f 764/828/793 756/822/793 755/819/793 763/827/793 
f 767/839/794 768/840/795 769/841/796 770/842/797 
f 771/843/798 772/844/799 773/845/800 774/846/801 
f 775/847/802 776/848/803 767/839/804 770/842/805 
f 777/849/806 778/850/807 779/851/808 780/852/809 
f 781/853/810 782/854/811 783/855/812 784/856/813 
f 785/857/814 786/858/815 774/846/801 773/845/800 
f 787/859/816 788/860/817 772/844/799 771/843/798 
f 789/861/818 790/862/819 791/863/820 792/864/821 
f 793/865/822 794/866/823 780/852/809 779/851/808 
f 795/867/824 796/868/825 786/858/815 785/857/814 
f 767/839/804 776/848/803 796/868/825 795/867/824 
f 797/869/826 798/870/827 788/860/817 787/859/816 
f 799/871/828 800/872/829 798/870/827 797/869/826 
f 801/873/830 802/874/831 790/862/819 789/861/818 
f 778/850/807 777/849/806 802/874/831 801/873/830 
f 803/875/832 804/876/833 794/866/823 793/865/822 
f 783/855/812 782/854/811 804/876/833 803/875/832 
f 792/864/834 805/877/835 789/861/836 
f 773/845/837 768/840/795 785/857/838 
f 779/851/839 806/878/840 793/865/841 
f 783/855/842 806/878/840 807/879/796 784/856/843 
f 808/880/844 772/844/845 788/860/846 
f 779/851/839 778/850/847 805/877/835 806/878/840 
f 809/881/848 810/882/848 811/883/848 812/884/848 
f 773/845/837 772/844/845 808/880/844 768/840/795 
f 808/880/844 798/870/849 800/872/850 
f 808/880/844 788/860/846 798/870/849 
f 785/857/838 768/840/795 795/867/851 
f 795/867/851 768/840/795 767/839/794 
f 801/873/852 805/877/835 778/850/847 
f 789/861/836 805/877/835 801/873/852 
f 793/865/841 806/878/840 803/875/853 
f 803/875/853 806/878/840 783/855/842 
f 770/842/797 769/841/796 805/877/835 792/864/834 
f 775/847/802 770/842/805 792/864/821 791/863/820 
f 781/853/810 784/856/813 800/872/829 799/871/828 
f 800/872/850 784/856/843 807/879/796 808/880/844 
f 807/879/796 769/841/796 768/840/795 808/880/844 
f 806/878/854 809/881/854 812/884/854 807/879/854 
f 807/879/855 812/884/855 811/883/855 769/841/855 
f 769/841/856 811/883/856 810/882/856 805/877/856 
f 805/877/857 810/882/857 809/881/857 806/878/857 
f 813/885/858 814/886/859 815/887/860 816/888/861 
f 816/888/861 815/887/860 817/889/862 818/890/863 
f 818/890/863 817/889/862 819/891/864 820/892/865 
f 820/892/865 819/891/864 821/893/866 822/894/867 
f 822/894/867 821/893/866 823/895/868 824/896/869 
f 824/896/869 823/895/868 825/897/870 826/898/871 
f 826/898/871 825/897/870 827/899/872 828/900/873 
f 828/900/873 827/899/872 829/901/874 830/902/875 
f 830/902/875 829/901/874 831/903/876 832/904/877 
f 832/904/877 831/903/876 833/905/878 834/906/879 
f 834/906/879 833/905/878 835/907/880 836/908/881 
f 836/908/881 835/907/880 837/909/882 838/910/883 
f 838/910/883 837/909/882 839/911/884 840/912/885 
f 840/912/885 839/911/884 841/913/886 842/914/887 
f 842/914/887 841/913/886 843/915/888 844/916/889 
f 844/916/889 843/915/888 845/917/890 846/918/891 
f 846/918/891 845/917/890 847/919/892 848/920/893 
f 848/920/893 847/919/892 814/886/859 813/885/858 
f 847/919/894 845/917/894 843/915/894 819/891/894 
f 827/899/894 819/891/894 843/915/894 835/907/894 
f 839/911/894 835/907/894 843/915/894 841/913/894 
f 839/911/894 837/909/894 835/907/894 
f 831/903/894 827/899/894 835/907/894 833/905/894 
f 831/903/894 829/901/894 827/899/894 
f 823/895/894 819/891/894 827/899/894 825/897/894 
f 823/895/894 821/893/894 819/891/894 
f 815/887/894 847/919/894 819/891/894 817/889/894 
f 814/886/895 847/919/894 815/887/894 
f 849/839/896 850/842/897 851/841/898 852/840/899 
f 853/843/900 854/846/901 855/845/902 856/844/903 
f 857/847/904 850/842/905 849/839/906 858/848/907 
f 859/849/908 860/852/909 861/851/910 862/850/911 
f 863/853/912 864/856/913 865/855/914 866/854/915 
f 867/857/916 855/845/902 854/846/901 868/858/917 
f 869/859/918 853/843/900 856/844/903 870/860/919 
f 871/861/920 872/864/921 873/863/922 874/862/923 
f 875/865/924 861/851/910 860/852/909 876/866/925 
f 877/867/926 867/857/916 868/858/917 878/868/927 
f 849/839/906 877/867/926 878/868/927 858/848/907 
f 879/869/928 869/859/918 870/860/919 880/870/929 
f 881/871/930 879/869/928 880/870/929 882/872/931 
f 883/873/932 871/861/920 874/862/923 884/874/933 
f 862/850/911 883/873/932 884/874/933 859/849/908 
f 885/875/934 875/865/924 876/866/925 886/876/935 
f 865/855/914 885/875/934 886/876/935 866/854/915 
f 872/864/936 871/861/937 887/877/938 
f 855/845/939 867/857/940 852/840/899 
f 861/851/941 875/865/942 888/878/943 
f 865/855/944 864/856/945 889/879/898 888/878/943 
f 890/880/946 870/860/947 856/844/948 
f 861/851/941 888/878/943 887/877/938 862/850/949 
f 891/881/950 892/884/950 893/883/950 894/882/950 
f 855/845/939 852/840/899 890/880/946 856/844/948 
f 890/880/946 882/872/951 880/870/952 
f 890/880/946 880/870/952 870/860/947 
f 867/857/940 877/867/953 852/840/899 
f 877/867/953 849/839/896 852/840/899 
f 883/873/954 862/850/949 887/877/938 
f 871/861/937 883/873/954 887/877/938 
f 875/865/942 885/875/955 888/878/943 
f 885/875/955 865/855/944 888/878/943 
f 850/842/897 872/864/936 887/877/938 851/841/898 
f 857/847/904 873/863/922 872/864/921 850/842/905 
f 863/853/912 881/871/930 882/872/931 864/856/913 
f 882/872/951 890/880/946 889/879/898 864/856/945 
f 889/879/898 890/880/946 852/840/899 851/841/898 
f 888/878/956 889/879/956 892/884/956 891/881/956 
f 889/879/957 851/841/957 893/883/957 892/884/957 
f 851/841/958 887/877/958 894/882/958 893/883/958 
f 887/877/959 888/878/959 891/881/959 894/882/959 
f 895/885/960 896/888/961 897/887/962 898/886/963 
f 896/888/961 899/890/964 900/889/965 897/887/962 
f 899/890/964 901/892/966 902/891/967 900/889/965 
f 901/892/966 903/894/968 904/893/969 902/891/967 
f 903/894/968 905/896/970 906/895/971 904/893/969 
f 905/896/970 907/898/972 908/897/973 906/895/971 
f 907/898/972 909/900/974 910/899/975 908/897/973 
f 909/900/974 911/902/976 912/901/977 910/899/975 
f 911/902/976 913/904/978 914/903/979 912/901/977 
f 913/904/978 915/906/980 916/905/981 914/903/979 
f 915/906/980 917/908/982 918/907/983 916/905/981 
f 917/908/982 919/910/984 920/909/985 918/907/983 
f 919/910/984 921/912/986 922/911/987 920/909/985 
f 921/912/986 923/914/988 924/913/989 922/911/987 
f 923/914/988 925/916/990 926/915/991 924/913/989 
f 925/916/990 927/918/992 928/917/993 926/915/991 
f 927/918/992 929/920/994 930/919/995 928/917/993 
f 929/920/994 895/885/960 898/886/963 930/919/995 
f 897/887/996 900/889/996 902/891/996 930/919/996 
f 926/915/996 930/919/996 902/891/996 910/899/996 
f 906/895/996 910/899/996 902/891/996 904/893/996 
f 906/895/996 908/897/996 910/899/996 
f 918/907/996 926/915/996 910/899/996 914/903/996 
f 910/899/996 912/901/996 914/903/996 
f 914/903/996 916/905/996 918/907/996 
f 922/911/996 926/915/996 918/907/996 920/909/996 
f 922/911/996 924/913/996 926/915/996 
f 926/915/996 928/917/996 930/919/996 
f 898/886/997 897/887/996 930/919/996 
f 931/679/58 932/680/58 933/681/58 934/682/58 
f 935/683/6 936/684/6 932/680/6 931/679/6 
f 936/684/590 937/685/590 933/681/590 932/680/590 
f 937/685/199 938/686/199 934/682/199 933/681/199 
f 938/686/591 935/683/591 931/679/591 934/682/591 
f 939/679/58 940/680/58 941/681/58 942/682/58 
f 943/683/6 944/684/6 940/680/6 939/679/6 
f 944/684/590 945/685/590 941/681/590 940/680/590 
f 945/685/199 946/686/199 942/682/199 941/681/199 
f 946/686/591 943/683/591 939/679/591 942/682/591 
f 947/679/58 948/680/58 949/681/58 950/682/58 
f 951/683/6 952/684/6 948/680/6 947/679/6 
f 952/684/590 953/685/590 949/681/590 948/680/590 
f 953/685/199 954/686/199 950/682/199 949/681/199 
f 954/686/591 951/683/591 947/679/591 950/682/591 
f 955/921/58 956/922/58 957/923/58 958/924/58 
f 959/925/259 960/926/259 956/922/259 955/921/259 
f 960/926/998 961/927/998 957/923/998 956/922/998 
f 961/927/393 962/928/393 958/924/393 957/923/393 
f 962/928/999 959/925/999 955/921/999 958/924/999 
f 963/921/58 964/922/58 965/923/58 966/924/58 
f 967/925/259 968/926/259 964/922/259 963/921/259 
f 968/926/998 969/927/998 965/923/998 964/922/998 
f 969/927/393 970/928/393 966/924/393 965/923/393 
f 970/928/999 967/925/999 963/921/999 966/924/999 
f 971/921/58 972/922/58 973/923/58 974/924/58 
f 975/925/259 976/926/259 972/922/259 971/921/259 
f 976/926/998 977/927/998 973/923/998 972/922/998 
f 977/927/393 978/928/393 974/924/393 973/923/393 
f 978/928/999 975/925/999 971/921/999 974/924/999 
f 979/921/58 980/922/58 981/923/58 982/924/58 
f 983/925/259 984/926/259 980/922/259 979/921/259 
f 984/926/998 985/927/998 981/923/998 980/922/998 
f 985/927/393 986/928/393 982/924/393 981/923/393 
f 986/928/999 983/925/999 979/921/999 982/924/999 
f 987/921/58 988/922/58 989/923/58 990/924/58 
f 991/925/259 992/926/259 988/922/259 987/921/259 
f 992/926/998 993/927/998 989/923/998 988/922/998 
f 993/927/393 994/928/393 990/924/393 989/923/393 
f 994/928/999 991/925/999 987/921/999 990/924/999 
f 995/921/58 996/922/58 997/923/58 998/924/58 
f 999/925/259 1000/926/259 996/922/259 995/921/259 
f 1000/926/998 1001/927/998 997/923/998 996/922/998 
f 1001/927/393 1002/928/393 998/924/393 997/923/393 
f 1002/928/999 999/925/999 995/921/999 998/924/999 
f 1003/921/58 1004/922/58 1005/923/58 1006/924/58 
f 1007/925/259 1008/926/259 1004/922/259 1003/921/259 
f 1008/926/998 1009/927/998 1005/923/998 1004/922/998 
f 1009/927/393 1010/928/393 1006/924/393 1005/923/393 
f 1010/928/999 1007/925/999 1003/921/999 1006/924/999 
f 1011/921/58 1012/922/58 1013/923/58 1014/924/58 
f 1015/925/259 1016/926/259 1012/922/259 1011/921/259 
f 1016/926/998 1017/927/998 1013/923/998 1012/922/998 
f 1017/927/393 1018/928/393 1014/924/393 1013/923/393 
f 1018/928/999 1015/925/999 1011/921/999 1014/924/999 
f 1019/921/58 1020/922/58 1021/923/58 1022/924/58 
f 1023/925/259 1024/926/259 1020/922/259 1019/921/259 
f 1024/926/998 1025/927/998 1021/923/998 1020/922/998 
f 1025/927/393 1026/928/393 1022/924/393 1021/923/393 
f 1026/928/999 1023/925/999 1019/921/999 1022/924/999 
f 1027/921/58 1028/922/58 1029/923/58 1030/924/58 
f 1031/925/259 1032/926/259 1028/922/259 1027/921/259 
f 1032/926/998 1033/927/998 1029/923/998 1028/922/998 
f 1033/927/393 1034/928/393 1030/924/393 1029/923/393 
f 1034/928/999 1031/925/999 1027/921/999 1030/924/999 
f 1035/751/1000 1036/754/1001 1037/753/1002 1038/752/1003 
f 1039/755/1004 1036/754/1005 1035/751/1004 1040/756/1006 
f 1040/757/1007 1035/751/1008 1038/752/1009 1041/758/1010 
f 1042/759/1011 1043/762/1012 1044/761/1013 1045/760/1014 
f 1045/760/1015 1044/761/1016 1037/753/1017 1046/763/1018 
f 1047/764/1019 1042/759/1011 1045/760/1014 1048/765/1019 
f 1048/765/1020 1045/760/1015 1046/763/1018 1049/766/1020 
f 1043/762/1021 1038/752/1003 1037/753/1002 1044/761/1021 
f 1042/759/1022 1041/758/1010 1038/752/1009 1043/762/1023 
f 1039/767/1024 1046/763/1018 1037/753/1017 1036/754/1025 
f 1047/764/1026 1050/768/1026 1041/758/1010 1042/759/1022 
f 1046/769/1027 1039/755/1028 1040/756/1029 1041/770/1030 
f 1049/771/1031 1046/769/1031 1041/770/1031 1050/772/1031 
f 1051/735/1032 1052/736/1032 1053/737/1032 1054/738/1032 
f 1055/739/1033 1056/740/1034 1051/735/1034 1054/738/1033 
f 1057/741/1035 1058/742/1036 1059/743/1036 1060/744/1035 
f 1061/745/1037 1062/746/1038 1053/737/1038 1052/736/1037 
f 1063/747/1039 1064/748/1040 1065/749/1040 1066/750/1039 
f 1056/740/1034 1057/741/1035 1060/744/1035 1051/735/1034 
f 1054/738/1033 1065/749/1040 1064/748/1040 1055/739/1033 
f 1058/742/1036 1061/745/1037 1052/736/1037 1059/743/1036 
f 1062/746/1038 1063/747/1039 1066/750/1039 1053/737/1038 
f 1066/750/1032 1065/749/1041 1054/738/1032 1053/737/1032 
f 1060/744/1032 1059/743/1041 1052/736/1032 1051/735/1032 
f 1067/735/1032 1068/736/1032 1069/737/1032 1070/738/1032 
f 1071/739/1033 1072/740/1034 1067/735/1034 1070/738/1033 
f 1073/741/1035 1074/742/1036 1075/743/1036 1076/744/1035 
f 1077/745/1037 1078/746/1038 1069/737/1038 1068/736/1037 
f 1079/747/1039 1080/748/1040 1081/749/1040 1082/750/1039 
f 1072/740/1034 1073/741/1035 1076/744/1035 1067/735/1034 
f 1070/738/1033 1081/749/1040 1080/748/1040 1071/739/1033 
f 1074/742/1036 1077/745/1037 1068/736/1037 1075/743/1036 
f 1078/746/1038 1079/747/1039 1082/750/1039 1069/737/1038 
f 1082/750/1032 1081/749/1032 1070/738/1032 1069/737/1032 
f 1076/744/1041 1075/743/1032 1068/736/1032 1067/735/1032 
f 1083/703/1042 1084/704/1042 1085/705/1043 1086/706/1043 
f 1087/707/1044 1088/708/1045 1083/703/1045 1086/706/1044 
f 1089/709/1046 1090/710/1047 1091/711/1047 1092/712/1046 
f 1093/713/1048 1094/714/1049 1085/705/1049 1084/704/1048 
f 1095/715/1050 1096/716/1051 1097/717/1051 1098/718/1050 
f 1088/708/1045 1089/709/1046 1092/712/1046 1083/703/1045 
f 1086/706/1044 1097/717/1051 1096/716/1051 1087/707/1044 
f 1090/710/1047 1093/713/1048 1084/704/1048 1091/711/1047 
f 1094/714/1049 1095/715/1050 1098/718/1050 1085/705/1049 
f 1098/718/1043 1097/717/1043 1086/706/1043 1085/705/1043 
f 1092/712/1043 1091/711/1043 1084/704/1042 1083/703/1042 
f 1099/703/1043 1100/704/1043 1101/705/1042 1102/706/1042 
f 1103/707/1044 1104/708/1045 1099/703/1045 1102/706/1044 
f 1105/709/1046 1106/710/1047 1107/711/1047 1108/712/1046 
f 1109/713/1048 1110/714/1049 1101/705/1049 1100/704/1048 
f 1111/715/1050 1112/716/1051 1113/717/1051 1114/718/1050 
f 1104/708/1045 1105/709/1046 1108/712/1046 1099/703/1045 
f 1102/706/1044 1113/717/1051 1112/716/1051 1103/707/1044 
f 1106/710/1047 1109/713/1048 1100/704/1048 1107/711/1047 
f 1110/714/1049 1111/715/1050 1114/718/1050 1101/705/1049 
f 1114/718/1043 1113/717/1043 1102/706/1042 1101/705/1042 
f 1108/712/1043 1107/711/1043 1100/704/1043 1099/703/1043 
f 1115/735/1032 1116/736/1032 1117/737/1032 1118/738/1032 
f 1119/739/1033 1120/740/1034 1115/735/1034 1118/738/1033 
f 1121/741/1035 1122/742/1036 1123/743/1036 1124/744/1035 
f 1125/745/1037 1126/746/1038 1117/737/1038 1116/736/1037 
f 1127/747/1039 1128/748/1040 1129/749/1040 1130/750/1039 
f 1120/740/1034 1121/741/1035 1124/744/1035 1115/735/1034 
f 1118/738/1033 1129/749/1040 1128/748/1040 1119/739/1033 
f 1122/742/1036 1125/745/1037 1116/736/1037 1123/743/1036 
f 1126/746/1038 1127/747/1039 1130/750/1039 1117/737/1038 
f 1130/750/1032 1129/749/1041 1118/738/1032 1117/737/1032 
f 1124/744/1032 1123/743/1032 1116/736/1032 1115/735/1032 
f 1131/735/1032 1132/736/1032 1133/737/1032 1134/738/1032 
f 1135/739/1033 1136/740/1034 1131/735/1034 1134/738/1033 
f 1137/741/1035 1138/742/1036 1139/743/1036 1140/744/1035 
f 1141/745/1037 1142/746/1038 1133/737/1038 1132/736/1037 
f 1143/747/1039 1144/748/1040 1145/749/1040 1146/750/1039 
f 1136/740/1034 1137/741/1035 1140/744/1035 1131/735/1034 
f 1134/738/1033 1145/749/1040 1144/748/1040 1135/739/1033 
f 1138/742/1036 1141/745/1037 1132/736/1037 1139/743/1036 
f 1142/746/1038 1143/747/1039 1146/750/1039 1133/737/1038 
f 1146/750/1032 1145/749/1032 1134/738/1032 1133/737/1032 
f 1140/744/1032 1139/743/1032 1132/736/1032 1131/735/1032 
f 1147/703/1052 1148/704/1052 1149/705/1052 1150/706/1052 
f 1151/707/1053 1152/708/1054 1147/703/1054 1150/706/1053 
f 1153/709/1055 1154/710/1056 1155/711/1057 1156/712/1055 
f 1157/713/1058 1158/714/1059 1149/705/1059 1148/704/1058 
f 1159/715/1060 1160/716/1061 1161/717/1061 1162/718/1060 
f 1152/708/1054 1153/709/1055 1156/712/1055 1147/703/1054 
f 1150/706/1053 1161/717/1061 1160/716/1061 1151/707/1053 
f 1154/710/1056 1157/713/1058 1148/704/1058 1155/711/1057 
f 1158/714/1059 1159/715/1060 1162/718/1060 1149/705/1059 
f 1162/718/1052 1161/717/1052 1150/706/1052 1149/705/1052 
f 1156/712/1052 1155/711/1052 1148/704/1052 1147/703/1052 
f 1163/116/1 1164/117/1 1165/118/1 1166/119/6 
f 1167/120/1 1168/121/1 1165/118/1 1164/117/1 
f 1168/121/5 1167/120/5 1169/122/5 1170/123/6 
f 1171/300/1062 1163/81/1062 1166/328/1062 1172/331/1062 
f 1171/357/199 1172/358/199 1173/359/199 1174/360/205 
f 1175/361/205 1174/360/205 1173/359/205 1176/362/206 
f 1176/362/206 1177/363/206 1178/364/206 1175/361/206 
# 914 polygons - 124 triangles

#
# object delivery_truck_wheel
#

v  -177.3290 26.9615 158.6664
v  -169.2381 26.9615 158.6664
v  -169.2381 39.3001 160.8420
v  -177.3290 39.3001 160.8419
v  -177.3290 16.1111 152.4019
v  -169.2381 16.1111 152.4019
v  -177.3290 8.0576 142.8041
v  -169.2381 8.0576 142.8041
v  -177.3290 3.7724 131.0307
v  -169.2381 3.7725 131.0307
v  -177.3290 3.7724 118.5018
v  -169.2381 3.7725 118.5018
v  -177.3290 8.0576 106.7285
v  -169.2381 8.0576 106.7285
v  -177.3290 16.1111 97.1307
v  -169.2381 16.1111 97.1307
v  -177.3290 26.9615 90.8662
v  -169.2381 26.9615 90.8662
v  -177.3290 39.3001 88.6906
v  -169.2381 39.3001 88.6906
v  -177.3290 51.6387 90.8662
v  -169.2381 51.6387 90.8662
v  -177.3290 62.4891 97.1307
v  -169.2381 62.4891 97.1307
v  -177.3290 70.5425 106.7285
v  -169.2381 70.5425 106.7285
v  -177.3290 74.8277 118.5018
v  -169.2381 74.8277 118.5018
v  -177.3290 74.8277 131.0307
v  -169.2381 74.8277 131.0307
v  -177.3290 70.5426 142.8041
v  -169.2381 70.5426 142.8041
v  -177.3290 62.4891 152.4018
v  -169.2381 62.4891 152.4018
v  -177.3290 51.6387 158.6664
v  -169.2381 51.6387 158.6664
v  -180.5301 28.0732 155.6119
v  -180.5301 39.3001 157.5915
v  -180.5301 18.2004 149.9119
v  -180.5301 10.8726 141.1789
v  -180.5301 6.9735 130.4663
v  -180.5301 6.9735 119.0662
v  -180.5301 10.8726 108.3537
v  -180.5301 18.2004 99.6207
v  -180.5301 28.0732 93.9206
v  -180.5301 39.3001 91.9411
v  -180.5301 50.5270 93.9206
v  -180.5301 60.3997 99.6207
v  -180.5301 67.7276 108.3537
v  -180.5301 71.6266 119.0662
v  -180.5301 71.6266 130.4663
v  -180.5301 67.7276 141.1789
v  -180.5301 60.3997 149.9119
v  -180.5301 50.5270 155.6119
v  -181.3791 39.3001 152.0628
v  -181.3791 29.9641 150.4166
v  -181.3791 48.6361 150.4166
v  -181.3791 56.8459 145.6766
v  -181.3791 62.9396 138.4145
v  -181.3791 66.1819 129.5063
v  -181.3791 66.1819 120.0263
v  -181.3791 62.9395 111.1181
v  -181.3791 56.8459 103.8560
v  -181.3791 48.6360 99.1160
v  -181.3791 39.3001 97.4698
v  -181.3791 29.9641 99.1160
v  -181.3791 21.7542 103.8560
v  -181.3791 15.6606 111.1181
v  -181.3791 12.4183 120.0263
v  -181.3791 12.4183 129.5062
v  -181.3791 15.6606 138.4145
v  -181.3791 21.7542 145.6766
v  -178.7109 39.3001 148.1986
v  -178.7109 31.2858 146.7854
v  -178.7109 47.3144 146.7854
v  -178.7109 54.3621 142.7165
v  -178.7109 59.5931 136.4824
v  -178.7109 62.3764 128.8353
v  -178.7109 62.3764 120.6973
v  -178.7109 59.5931 113.0501
v  -178.7109 54.3621 106.8161
v  -178.7109 47.3144 102.7471
v  -178.7109 39.3001 101.3340
v  -178.7109 31.2858 102.7471
v  -178.7109 24.2381 106.8161
v  -178.7109 19.0071 113.0501
v  -178.7109 16.2237 120.6973
v  -178.7109 16.2237 128.8353
v  -178.7109 19.0071 136.4824
v  -178.7109 24.2381 142.7165
v  -178.7109 39.3001 144.8967
v  -178.7109 32.4151 143.6827
v  -178.7109 52.2397 140.1871
v  -178.7109 46.1851 143.6827
v  -178.7109 59.1247 128.2619
v  -178.7109 56.7335 134.8315
v  -178.7109 56.7335 114.7011
v  -178.7109 59.1247 121.2707
v  -178.7109 46.1851 105.8499
v  -178.7109 52.2397 109.3455
v  -178.7109 32.4151 105.8499
v  -178.7109 39.3001 104.6359
v  -178.7109 21.8666 114.7011
v  -178.7109 26.3605 109.3455
v  -178.7109 19.4755 128.2619
v  -178.7109 19.4755 121.2707
v  -178.7109 26.3605 140.1871
v  -178.7109 21.8666 134.8315
v  -177.9343 41.8412 131.7479
v  -177.9343 44.0758 130.4577
v  -177.9343 45.7344 128.4811
v  -177.9343 36.7590 131.7479
v  -177.9343 32.8658 128.4811
v  -177.9343 44.0758 119.0748
v  -177.9343 46.6169 123.4761
v  -177.9343 46.6169 126.0564
v  -177.9343 45.7344 121.0514
v  -177.9343 34.5244 119.0748
v  -177.9343 39.3001 117.3366
v  -177.9343 41.8412 117.7846
v  -177.9343 36.7590 117.7846
v  -177.9343 31.9832 123.4761
v  -177.9343 32.8658 121.0514
v  -177.9343 31.9832 126.0564
v  -177.9343 34.5244 130.4577
v  -177.9343 39.3001 132.1960
v  -173.3735 39.3001 136.9887
v  -173.3735 43.4804 136.2516
v  -173.3735 47.1565 134.1292
v  -173.3735 49.8851 130.8775
v  -173.3735 51.3369 126.8887
v  -173.3735 51.3369 122.6439
v  -173.3735 49.8850 118.6550
v  -173.3735 47.1565 115.4033
v  -173.3735 43.4804 113.2809
v  -173.3735 39.3001 112.5438
v  -173.3735 35.1197 113.2809
v  -173.3735 31.4436 115.4033
v  -173.3735 28.7151 118.6550
v  -173.3735 27.2633 122.6439
v  -173.3735 27.2633 126.8887
v  -173.3735 28.7151 130.8775
v  -173.3735 31.4436 134.1292
v  -173.3735 35.1197 136.2516
v  -161.1472 26.9615 158.6664
v  -161.1472 39.3001 160.8419
v  -161.1472 16.1111 152.4019
v  -161.1472 8.0576 142.8041
v  -161.1472 3.7724 131.0307
v  -161.1472 3.7724 118.5018
v  -161.1472 8.0576 106.7285
v  -161.1472 16.1111 97.1307
v  -161.1472 26.9615 90.8662
v  -161.1472 39.3001 88.6906
v  -161.1472 51.6387 90.8662
v  -161.1472 62.4891 97.1307
v  -161.1472 70.5425 106.7285
v  -161.1472 74.8277 118.5018
v  -161.1472 74.8277 131.0307
v  -161.1472 70.5426 142.8041
v  -161.1472 62.4891 152.4018
v  -161.1472 51.6387 158.6664
v  -157.9462 28.0732 155.6119
v  -157.9462 39.3001 157.5915
v  -157.9462 18.2004 149.9119
v  -157.9462 10.8726 141.1789
v  -157.9462 6.9735 130.4663
v  -157.9462 6.9735 119.0662
v  -157.9462 10.8726 108.3537
v  -157.9462 18.2004 99.6207
v  -157.9462 28.0732 93.9206
v  -157.9462 39.3001 91.9411
v  -157.9462 50.5270 93.9206
v  -157.9462 60.3997 99.6207
v  -157.9462 67.7276 108.3537
v  -157.9462 71.6266 119.0662
v  -157.9462 71.6266 130.4663
v  -157.9462 67.7276 141.1789
v  -157.9462 60.3997 149.9119
v  -157.9462 50.5270 155.6119
v  -157.0972 29.9641 150.4166
v  -157.0972 39.3001 152.0628
v  -157.0972 48.6361 150.4166
v  -157.0972 56.8459 145.6766
v  -157.0972 62.9396 138.4145
v  -157.0972 66.1819 129.5063
v  -157.0972 66.1819 120.0263
v  -157.0972 62.9395 111.1181
v  -157.0972 56.8459 103.8560
v  -157.0972 48.6360 99.1160
v  -157.0972 39.3001 97.4698
v  -157.0972 29.9641 99.1160
v  -157.0972 21.7542 103.8560
v  -157.0972 15.6606 111.1181
v  -157.0972 12.4183 120.0263
v  -157.0972 12.4183 129.5062
v  -157.0972 15.6606 138.4145
v  -157.0972 21.7542 145.6766
v  -159.7653 39.3001 148.1986
v  -159.7653 31.2858 146.7854
v  -159.7653 47.3144 146.7854
v  -159.7653 54.3621 142.7165
v  -159.7654 59.5931 136.4824
v  -159.7654 62.3764 128.8353
v  -159.7654 62.3764 120.6973
v  -159.7654 59.5931 113.0501
v  -159.7654 54.3621 106.8161
v  -159.7654 47.3144 102.7471
v  -159.7654 39.3001 101.3340
v  -159.7654 31.2858 102.7471
v  -159.7654 24.2381 106.8161
v  -159.7654 19.0071 113.0501
v  -159.7654 16.2237 120.6973
v  -159.7654 16.2237 128.8353
v  -159.7654 19.0071 136.4824
v  -159.7654 24.2381 142.7165
v  -159.7653 32.4151 143.6827
v  -159.7653 39.3001 144.8967
v  -159.7653 46.1851 143.6827
v  -159.7653 52.2397 140.1871
v  -159.7653 56.7335 134.8315
v  -159.7653 59.1247 128.2619
v  -159.7653 59.1247 121.2707
v  -159.7653 56.7335 114.7011
v  -159.7653 52.2397 109.3455
v  -159.7653 46.1851 105.8499
v  -159.7653 39.3001 104.6359
v  -159.7653 32.4151 105.8499
v  -159.7653 26.3605 109.3455
v  -159.7653 21.8666 114.7011
v  -159.7653 19.4755 121.2707
v  -159.7653 19.4755 128.2619
v  -159.7653 21.8666 134.8315
v  -159.7653 26.3605 140.1871
v  -160.5420 36.7590 131.7479
v  -160.5420 34.5244 130.4577
v  -160.5420 32.8658 128.4811
v  -160.5420 45.7344 128.4811
v  -160.5420 44.0758 119.0748
v  -160.5420 34.5244 119.0748
v  -160.5420 31.9832 123.4761
v  -160.5420 31.9832 126.0564
v  -160.5420 32.8658 121.0514
v  -160.5420 39.3001 117.3366
v  -160.5420 36.7590 117.7846
v  -160.5420 41.8412 117.7846
v  -160.5420 46.6169 123.4761
v  -160.5420 45.7344 121.0514
v  -160.5420 46.6169 126.0564
v  -160.5420 41.8412 131.7479
v  -160.5420 44.0758 130.4577
v  -160.5420 39.3001 132.1960
v  -165.1028 39.3001 136.9887
v  -165.1028 43.4804 136.2516
v  -165.1028 47.1565 134.1292
v  -165.1028 49.8851 130.8775
v  -165.1028 51.3369 126.8887
v  -165.1028 51.3369 122.6439
v  -165.1028 49.8850 118.6550
v  -165.1028 47.1565 115.4033
v  -165.1028 43.4804 113.2809
v  -165.1028 39.3001 112.5438
v  -165.1028 35.1197 113.2809
v  -165.1028 31.4436 115.4033
v  -165.1028 28.7151 118.6550
v  -165.1028 27.2633 122.6439
v  -165.1028 27.2633 126.8887
v  -165.1028 28.7151 130.8775
v  -165.1028 31.4436 134.1292
v  -165.1028 35.1197 136.2516
# 270 vertices

vn -0.0000 -0.3420 0.9397
vn -0.0000 0.0000 1.0000
vn 0.0000 -0.6428 0.7660
vn 0.0000 -0.8660 0.5000
vn 0.0000 -0.9848 0.1736
vn 0.0000 -0.9848 -0.1736
vn 0.0000 -0.8660 -0.5000
vn 0.0000 -0.6428 -0.7660
vn 0.0000 -0.3420 -0.9397
vn 0.0000 0.0000 -1.0000
vn 0.0000 -0.0000 -1.0000
vn -0.0000 0.3420 -0.9397
vn -0.0000 0.6428 -0.7660
vn -0.0000 0.8660 -0.5000
vn -0.0000 0.9848 -0.1736
vn 0.0000 0.9848 -0.1736
vn 0.0000 0.9848 0.1736
vn -0.0000 0.9848 0.1736
vn -0.0000 0.8660 0.5000
vn -0.0000 0.6428 0.7660
vn 0.0000 0.6428 0.7660
vn 0.0000 0.3420 0.9397
vn -0.7125 -0.2400 0.6594
vn -0.7125 -0.0000 0.7017
vn -0.7125 -0.4510 0.5375
vn -0.7125 -0.6077 0.3508
vn -0.7125 -0.6910 0.1218
vn -0.7125 -0.6910 -0.1218
vn -0.7125 -0.6077 -0.3508
vn -0.7125 -0.4510 -0.5375
vn -0.7125 -0.2400 -0.6594
vn -0.7125 -0.0000 -0.7017
vn -0.7125 0.2400 -0.6594
vn -0.7125 0.4510 -0.5375
vn -0.7125 0.6077 -0.3508
vn -0.7125 0.6910 -0.1218
vn -0.7125 0.6910 0.1218
vn -0.7125 0.6077 0.3508
vn -0.7125 0.4510 0.5375
vn -0.7125 0.2400 0.6594
vn -0.9884 -0.0000 0.1518
vn -0.9884 0.0000 0.1518
vn -0.9884 -0.0519 0.1426
vn -0.9884 0.0519 0.1426
vn -0.9884 0.0976 0.1163
vn -0.9884 0.1314 0.0759
vn -0.9884 0.1495 0.0264
vn -0.9884 0.1495 -0.0264
vn -0.9884 0.1314 -0.0759
vn -0.9884 0.0976 -0.1163
vn -0.9884 0.0519 -0.1426
vn -0.9884 0.0000 -0.1518
vn -0.9884 -0.0519 -0.1426
vn -0.9884 -0.0976 -0.1163
vn -0.9884 -0.1314 -0.0759
vn -0.9884 -0.1495 -0.0264
vn -0.9884 -0.1495 0.0264
vn -0.9884 -0.1314 0.0759
vn -0.9884 -0.0976 0.1163
vn -0.8229 -0.0000 -0.5682
vn -0.8229 0.1943 -0.5339
vn -0.8229 -0.1943 -0.5339
vn -0.8229 -0.3652 -0.4353
vn -0.8229 -0.4921 -0.2841
vn -0.8229 -0.5596 -0.0987
vn -0.8229 -0.5596 0.0987
vn -0.8229 -0.4921 0.2841
vn -0.8229 -0.3652 0.4353
vn -0.8229 -0.1943 0.5339
vn -0.8229 0.0000 0.5682
vn -0.8229 0.1943 0.5339
vn -0.8229 0.3652 0.4353
vn -0.8229 0.4921 0.2841
vn -0.8229 0.5596 0.0987
vn -0.8229 0.5596 -0.0987
vn -0.8229 0.4921 -0.2841
vn -0.8229 0.3652 -0.4353
vn -1.0000 0.0000 -0.0000
vn -0.9998 0.0031 -0.0174
vn -1.0000 -0.0000 0.0000
vn -0.9998 -0.0136 -0.0114
vn -1.0000 0.0000 0.0000
vn -0.9998 -0.0166 0.0061
vn -0.9998 -0.0031 0.0174
vn -1.0000 -0.0000 -0.0000
vn -0.9998 0.0136 0.0114
vn -0.9998 0.0166 -0.0061
vn -0.9997 -0.0183 -0.0153
vn -0.9997 0.0041 -0.0235
vn -0.9997 0.0224 -0.0082
vn -0.9997 -0.0224 0.0082
vn -0.9997 0.0183 0.0153
vn -0.9997 -0.0041 0.0235
vn -0.7191 0.1207 0.6843
vn -0.7244 0.2358 0.6478
vn -0.7191 0.3474 0.6018
vn -0.7191 0.6530 0.2377
vn -0.7244 0.6789 0.1197
vn -0.7191 0.6949 -0.0000
vn -0.7191 0.5323 -0.4467
vn -0.7244 0.4431 -0.5281
vn -0.7191 0.3474 -0.6018
vn -0.7191 -0.1207 -0.6843
vn -0.7244 -0.2358 -0.6478
vn -0.7191 -0.3474 -0.6018
vn -0.7191 -0.6530 -0.2377
vn -0.7244 -0.6789 -0.1197
vn -0.7191 -0.6949 -0.0000
vn -0.7191 -0.5323 0.4467
vn -0.7244 -0.4431 0.5281
vn -0.7191 -0.3474 0.6018
vn -0.8249 -0.2827 -0.4896
vn -0.8289 -0.1913 -0.5257
vn -0.8289 -0.5509 -0.0971
vn -0.8249 -0.5312 -0.1934
vn -0.8249 -0.2827 0.4896
vn -0.8289 -0.3596 0.4286
vn -0.8289 0.1913 0.5257
vn -0.8249 0.0982 0.5567
vn -0.8249 0.5653 -0.0000
vn -0.8289 0.5509 0.0971
vn -0.8289 0.3596 -0.4286
vn -0.8249 0.4331 -0.3634
vn -0.8249 -0.0982 -0.5567
vn -0.8249 -0.5653 0.0000
vn -0.8249 -0.4331 0.3634
vn -0.8249 0.2827 0.4896
vn -0.8249 0.5312 0.1934
vn -0.8249 0.2827 -0.4896
vn 0.0000 -0.9397 -0.3420
vn -0.0000 1.0000 0.0000
vn 0.0000 -0.7660 0.6428
vn 0.0000 0.5000 -0.8660
vn -0.0000 0.1736 0.9848
vn -0.0000 -0.5000 -0.8660
vn -0.0000 0.9397 0.3420
vn 0.0000 -1.0000 0.0000
vn 0.0000 0.7660 -0.6428
vn 0.0000 -0.5000 0.8660
vn -0.0000 -0.1737 -0.9848
vn -0.0000 0.5000 0.8660
vn 0.0000 -0.3420 0.9397
vn 0.0000 0.0000 1.0000
vn -0.0000 -0.6428 0.7660
vn -0.0000 -0.8660 0.5000
vn -0.0000 -0.9848 0.1736
vn -0.0000 -0.9848 -0.1736
vn -0.0000 -0.8660 -0.5000
vn -0.0000 -0.6428 -0.7660
vn -0.0000 -0.3420 -0.9397
vn -0.0000 0.0000 -1.0000
vn 0.0000 0.3420 -0.9397
vn 0.0000 0.6428 -0.7660
vn 0.0000 0.8660 -0.5000
vn 0.0000 0.8660 0.5000
vn 0.7125 -0.2400 0.6594
vn 0.7125 -0.0000 0.7017
vn 0.7125 -0.4510 0.5375
vn 0.7125 -0.6077 0.3508
vn 0.7125 -0.6910 0.1218
vn 0.7125 -0.6910 -0.1218
vn 0.7125 -0.6077 -0.3508
vn 0.7125 -0.4510 -0.5375
vn 0.7125 -0.2400 -0.6594
vn 0.7125 -0.0000 -0.7017
vn 0.7125 0.2400 -0.6594
vn 0.7125 0.4510 -0.5375
vn 0.7125 0.6077 -0.3508
vn 0.7125 0.6910 -0.1218
vn 0.7125 0.6910 0.1218
vn 0.7125 0.6077 0.3508
vn 0.7125 0.4510 0.5375
vn 0.7125 0.2400 0.6594
vn 0.9884 -0.0000 0.1518
vn 0.9884 -0.0519 0.1426
vn 0.9884 0.0000 0.1518
vn 0.9884 0.0519 0.1426
vn 0.9884 0.0976 0.1163
vn 0.9884 0.1314 0.0759
vn 0.9884 0.1495 0.0264
vn 0.9884 0.1495 -0.0264
vn 0.9884 0.1314 -0.0759
vn 0.9884 0.0976 -0.1163
vn 0.9884 0.0519 -0.1426
vn 0.9884 0.0000 -0.1518
vn 0.9884 -0.0519 -0.1426
vn 0.9884 -0.0976 -0.1163
vn 0.9884 -0.1314 -0.0759
vn 0.9884 -0.1495 -0.0264
vn 0.9884 -0.1495 0.0264
vn 0.9884 -0.1314 0.0759
vn 0.9884 -0.0976 0.1163
vn 0.8229 -0.0000 -0.5682
vn 0.8229 0.1943 -0.5339
vn 0.8229 -0.1943 -0.5339
vn 0.8229 -0.3652 -0.4353
vn 0.8229 -0.4921 -0.2841
vn 0.8229 -0.5596 -0.0987
vn 0.8229 -0.5596 0.0987
vn 0.8229 -0.4921 0.2841
vn 0.8229 -0.3652 0.4353
vn 0.8229 -0.1943 0.5339
vn 0.8229 0.0000 0.5682
vn 0.8229 0.1943 0.5339
vn 0.8229 0.3652 0.4353
vn 0.8229 0.4921 0.2841
vn 0.8229 0.5596 0.0987
vn 0.8229 0.5596 -0.0987
vn 0.8229 0.4921 -0.2841
vn 0.8229 0.3652 -0.4353
vn 1.0000 0.0000 -0.0000
vn 1.0000 -0.0000 0.0000
vn 0.9998 0.0031 -0.0174
vn 0.9998 -0.0136 -0.0114
vn 1.0000 0.0000 0.0000
vn 0.9998 -0.0166 0.0061
vn 0.9998 -0.0031 0.0174
vn 1.0000 -0.0000 -0.0000
vn 0.9998 0.0136 0.0114
vn 0.9998 0.0166 -0.0061
vn 0.9997 0.0041 -0.0235
vn 0.9997 0.0224 -0.0082
vn 0.9997 -0.0183 -0.0153
vn 0.9997 0.0183 0.0153
vn 0.9997 -0.0041 0.0235
vn 0.9997 -0.0224 0.0082
vn 0.7191 0.1207 0.6843
vn 0.7244 0.2358 0.6478
vn 0.7191 0.3474 0.6018
vn 0.7191 0.6530 0.2377
vn 0.7244 0.6789 0.1197
vn 0.7191 0.6949 -0.0000
vn 0.7191 0.5323 -0.4467
vn 0.7244 0.4431 -0.5281
vn 0.7191 0.3474 -0.6018
vn 0.7191 -0.1207 -0.6843
vn 0.7244 -0.2358 -0.6478
vn 0.7191 -0.3474 -0.6018
vn 0.7191 -0.6530 -0.2377
vn 0.7244 -0.6789 -0.1197
vn 0.7191 -0.6949 -0.0000
vn 0.7191 -0.5323 0.4467
vn 0.7244 -0.4431 0.5281
vn 0.7191 -0.3474 0.6018
vn 0.8249 -0.2827 -0.4896
vn 0.8289 -0.1913 -0.5257
vn 0.8289 -0.5509 -0.0971
vn 0.8249 -0.5312 -0.1934
vn 0.8249 -0.2827 0.4896
vn 0.8289 -0.3596 0.4286
vn 0.8289 0.1913 0.5257
vn 0.8249 0.0982 0.5567
vn 0.8249 0.5653 -0.0000
vn 0.8289 0.5509 0.0971
vn 0.8289 0.3596 -0.4286
vn 0.8249 0.4331 -0.3634
vn 0.8249 -0.0982 -0.5567
vn 0.8249 -0.5653 0.0000
vn 0.8249 -0.4331 0.3634
vn 0.8249 0.2827 0.4896
vn 0.8249 0.5312 0.1934
vn 0.8249 0.2827 -0.4896
vn -0.0000 -0.9397 -0.3420
vn 0.0000 1.0000 0.0000
vn -0.0000 -0.7660 0.6428
vn -0.0000 0.5000 -0.8660
vn 0.0000 0.1736 0.9848
vn 0.0000 -0.5000 -0.8660
vn 0.0000 0.9397 0.3420
vn -0.0000 -1.0000 0.0000
vn -0.0000 0.7660 -0.6428
vn -0.0000 -0.5000 0.8660
vn 0.0000 -0.1737 -0.9848
vn 0.0000 0.5000 0.8660
# 274 vertex normals

vt 0.9738 0.3507 0.0000
vt 0.9840 0.3507 0.0000
vt 0.9840 0.3638 0.0000
vt 0.9738 0.3638 0.0000
vt 0.9738 0.3376 0.0000
vt 0.9840 0.3376 0.0000
vt 0.9738 0.3245 0.0000
vt 0.9840 0.3245 0.0000
vt 0.9738 0.3113 0.0000
vt 0.9840 0.3113 0.0000
vt 0.9738 0.2982 0.0000
vt 0.9840 0.2982 0.0000
vt 0.9738 0.2851 0.0000
vt 0.9840 0.2851 0.0000
vt 0.9738 0.2720 0.0000
vt 0.9840 0.2720 0.0000
vt 0.9738 0.2588 0.0000
vt 0.9840 0.2588 0.0000
vt 0.9738 0.2457 0.0000
vt 0.9840 0.2457 0.0000
vt 0.9738 0.2326 0.0000
vt 0.9840 0.2326 0.0000
vt 0.9738 0.2195 0.0000
vt 0.9840 0.2195 0.0000
vt 0.9738 0.2063 0.0000
vt 0.9840 0.2063 0.0000
vt 0.9738 0.1932 0.0000
vt 0.9840 0.1932 0.0000
vt 0.9738 0.1801 0.0000
vt 0.9840 0.1801 0.0000
vt 0.9738 0.1670 0.0000
vt 0.9840 0.1670 0.0000
vt 0.9738 0.1538 0.0000
vt 0.9840 0.1538 0.0000
vt 0.9738 0.3770 0.0000
vt 0.9840 0.3770 0.0000
vt 0.9840 0.3901 0.0000
vt 0.9738 0.3901 0.0000
vt 0.9680 0.3495 0.0000
vt 0.9680 0.3626 0.0000
vt 0.9680 0.3365 0.0000
vt 0.9680 0.3235 0.0000
vt 0.9680 0.3104 0.0000
vt 0.9680 0.2974 0.0000
vt 0.9680 0.2843 0.0000
vt 0.9680 0.2713 0.0000
vt 0.9680 0.2582 0.0000
vt 0.9680 0.2452 0.0000
vt 0.9680 0.2321 0.0000
vt 0.9680 0.2191 0.0000
vt 0.9680 0.2060 0.0000
vt 0.9680 0.1930 0.0000
vt 0.9680 0.1799 0.0000
vt 0.9680 0.1669 0.0000
vt 0.9680 0.1538 0.0000
vt 0.9680 0.3756 0.0000
vt 0.9680 0.3901 0.0000
vt 0.9610 0.3626 0.0000
vt 0.9610 0.3495 0.0000
vt 0.9610 0.3756 0.0000
vt 0.9610 0.3901 0.0000
vt 0.9610 0.1669 0.0000
vt 0.9610 0.1538 0.0000
vt 0.9610 0.1799 0.0000
vt 0.9610 0.1930 0.0000
vt 0.9610 0.2060 0.0000
vt 0.9610 0.2191 0.0000
vt 0.9610 0.2321 0.0000
vt 0.9610 0.2452 0.0000
vt 0.9610 0.2582 0.0000
vt 0.9610 0.2713 0.0000
vt 0.9610 0.2843 0.0000
vt 0.9610 0.2974 0.0000
vt 0.9610 0.3104 0.0000
vt 0.9610 0.3235 0.0000
vt 0.9610 0.3365 0.0000
vt 0.9551 0.3638 0.0000
vt 0.9551 0.3507 0.0000
vt 0.9551 0.3770 0.0000
vt 0.9551 0.3901 0.0000
vt 0.9551 0.1670 0.0000
vt 0.9551 0.1538 0.0000
vt 0.9551 0.1801 0.0000
vt 0.9551 0.1932 0.0000
vt 0.9551 0.2063 0.0000
vt 0.9551 0.2195 0.0000
vt 0.9551 0.2326 0.0000
vt 0.9551 0.2457 0.0000
vt 0.9551 0.2588 0.0000
vt 0.9551 0.2720 0.0000
vt 0.9551 0.2851 0.0000
vt 0.9551 0.2982 0.0000
vt 0.9551 0.3113 0.0000
vt 0.9551 0.3245 0.0000
vt 0.9551 0.3376 0.0000
vt 0.9976 0.0909 0.0000
vt 0.9932 0.0910 0.0000
vt 0.9916 0.0812 0.0000
vt 0.9957 0.0798 0.0000
vt 0.9897 0.1119 0.0000
vt 0.9865 0.1090 0.0000
vt 0.9927 0.1011 0.0000
vt 0.9965 0.1025 0.0000
vt 0.9705 0.1239 0.0000
vt 0.9698 0.1199 0.0000
vt 0.9788 0.1153 0.0000
vt 0.9810 0.1191 0.0000
vt 0.9484 0.1188 0.0000
vt 0.9505 0.1150 0.0000
vt 0.9598 0.1185 0.0000
vt 0.9590 0.1228 0.0000
vt 0.9341 0.1016 0.0000
vt 0.9383 0.1002 0.0000
vt 0.9421 0.1095 0.0000
vt 0.9389 0.1121 0.0000
vt 0.9334 0.0789 0.0000
vt 0.9372 0.0803 0.0000
vt 0.9366 0.0904 0.0000
vt 0.9323 0.0904 0.0000
vt 0.9488 0.0623 0.0000
vt 0.9511 0.0660 0.0000
vt 0.9434 0.0724 0.0000
vt 0.9401 0.0695 0.0000
vt 0.9709 0.0586 0.0000
vt 0.9700 0.0629 0.0000
vt 0.9600 0.0614 0.0000
vt 0.9594 0.0574 0.0000
vt 0.9909 0.0692 0.0000
vt 0.9878 0.0718 0.0000
vt 0.9793 0.0663 0.0000
vt 0.9815 0.0625 0.0000
vt 0.9735 0.0939 0.0000
vt 0.9724 0.0981 0.0000
vt 0.9708 0.0994 0.0000
vt 0.9750 0.0879 0.0000
vt 0.9696 0.0813 0.0000
vt 0.9579 0.0965 0.0000
vt 0.9623 0.1008 0.0000
vt 0.9664 0.0997 0.0000
vt 0.9603 0.1001 0.0000
vt 0.9575 0.0833 0.0000
vt 0.9545 0.0914 0.0000
vt 0.9548 0.0934 0.0000
vt 0.9563 0.0875 0.0000
vt 0.9634 0.0816 0.0000
vt 0.9591 0.0820 0.0000
vt 0.9676 0.0805 0.0000
vt 0.9720 0.0848 0.0000
vt 0.9754 0.0900 0.0000
vt 0.9819 0.0935 0.0000
vt 0.9813 0.0968 0.0000
vt 0.9796 0.0997 0.0000
vt 0.9710 0.1068 0.0000
vt 0.9678 0.1079 0.0000
vt 0.9645 0.1079 0.0000
vt 0.9540 0.1040 0.0000
vt 0.9515 0.1018 0.0000
vt 0.9498 0.0989 0.0000
vt 0.9480 0.0879 0.0000
vt 0.9486 0.0846 0.0000
vt 0.9503 0.0817 0.0000
vt 0.9589 0.0746 0.0000
vt 0.9621 0.0735 0.0000
vt 0.9654 0.0735 0.0000
vt 0.9759 0.0774 0.0000
vt 0.9784 0.0796 0.0000
vt 0.9800 0.0825 0.0000
# 167 texture coords

g delivery_truck_wheel
usemtl 07___Default
s off
f 1179/929/1063 1180/930/1063 1181/931/1064 1182/932/1064 
f 1183/933/1065 1184/934/1065 1180/930/1063 1179/929/1063 
f 1185/935/1066 1186/936/1066 1184/934/1065 1183/933/1065 
f 1187/937/1067 1188/938/1067 1186/936/1066 1185/935/1066 
f 1189/939/1068 1190/940/1068 1188/938/1067 1187/937/1067 
f 1191/941/1069 1192/942/1069 1190/940/1068 1189/939/1068 
f 1193/943/1070 1194/944/1070 1192/942/1069 1191/941/1069 
f 1195/945/1071 1196/946/1071 1194/944/1070 1193/943/1070 
f 1197/947/1072 1198/948/1073 1196/946/1071 1195/945/1071 
f 1199/949/1074 1200/950/1074 1198/948/1073 1197/947/1072 
f 1201/951/1075 1202/952/1075 1200/950/1074 1199/949/1074 
f 1203/953/1076 1204/954/1076 1202/952/1075 1201/951/1075 
f 1205/955/1077 1206/956/1078 1204/954/1076 1203/953/1076 
f 1207/957/1079 1208/958/1080 1206/956/1078 1205/955/1077 
f 1209/959/1081 1210/960/1081 1208/958/1080 1207/957/1079 
f 1211/961/1082 1212/962/1083 1210/960/1081 1209/959/1081 
f 1213/963/1084 1214/964/1084 1212/965/1083 1211/966/1082 
f 1182/932/1064 1181/931/1064 1214/964/1084 1213/963/1084 
f 1215/967/1085 1179/929/1085 1182/932/1086 1216/968/1086 
f 1217/969/1087 1183/933/1087 1179/929/1085 1215/967/1085 
f 1218/970/1088 1185/935/1088 1183/933/1087 1217/969/1087 
f 1219/971/1089 1187/937/1089 1185/935/1088 1218/970/1088 
f 1220/972/1090 1189/939/1090 1187/937/1089 1219/971/1089 
f 1221/973/1091 1191/941/1091 1189/939/1090 1220/972/1090 
f 1222/974/1092 1193/943/1092 1191/941/1091 1221/973/1091 
f 1223/975/1093 1195/945/1093 1193/943/1092 1222/974/1092 
f 1224/976/1094 1197/947/1094 1195/945/1093 1223/975/1093 
f 1225/977/1095 1199/949/1095 1197/947/1094 1224/976/1094 
f 1226/978/1096 1201/951/1096 1199/949/1095 1225/977/1095 
f 1227/979/1097 1203/953/1097 1201/951/1096 1226/978/1096 
f 1228/980/1098 1205/955/1098 1203/953/1097 1227/979/1097 
f 1229/981/1099 1207/957/1099 1205/955/1098 1228/980/1098 
f 1230/982/1100 1209/959/1100 1207/957/1099 1229/981/1099 
f 1231/983/1101 1211/961/1101 1209/959/1100 1230/982/1100 
f 1232/984/1102 1213/963/1102 1211/966/1101 1231/985/1101 
f 1216/968/1086 1182/932/1086 1213/963/1102 1232/984/1102 
f 1216/968/1103 1233/986/1104 1234/987/1105 1215/967/1105 
f 1232/984/1106 1235/988/1106 1233/986/1104 1216/968/1103 
f 1231/985/1107 1236/989/1107 1235/988/1106 1232/984/1106 
f 1230/982/1108 1237/990/1108 1236/991/1107 1231/983/1107 
f 1229/981/1109 1238/992/1109 1237/990/1108 1230/982/1108 
f 1228/980/1110 1239/993/1110 1238/992/1109 1229/981/1109 
f 1227/979/1111 1240/994/1111 1239/993/1110 1228/980/1110 
f 1226/978/1112 1241/995/1112 1240/994/1111 1227/979/1111 
f 1225/977/1113 1242/996/1113 1241/995/1112 1226/978/1112 
f 1224/976/1114 1243/997/1114 1242/996/1113 1225/977/1113 
f 1223/975/1115 1244/998/1115 1243/997/1114 1224/976/1114 
f 1222/974/1116 1245/999/1116 1244/998/1115 1223/975/1115 
f 1221/973/1117 1246/1000/1117 1245/999/1116 1222/974/1116 
f 1220/972/1118 1247/1001/1118 1246/1000/1117 1221/973/1117 
f 1219/971/1119 1248/1002/1119 1247/1001/1118 1220/972/1118 
f 1218/970/1120 1249/1003/1120 1248/1002/1119 1219/971/1119 
f 1217/969/1121 1250/1004/1121 1249/1003/1120 1218/970/1120 
f 1215/967/1105 1234/987/1105 1250/1004/1121 1217/969/1121 
f 1251/1005/1122 1252/1006/1123 1234/987/1123 1233/986/1122 
f 1253/1007/1124 1251/1005/1122 1233/986/1122 1235/988/1124 
f 1254/1008/1125 1253/1007/1124 1235/988/1124 1236/989/1125 
f 1255/1009/1126 1254/1010/1125 1236/991/1125 1237/990/1126 
f 1256/1011/1127 1255/1009/1126 1237/990/1126 1238/992/1127 
f 1257/1012/1128 1256/1011/1127 1238/992/1127 1239/993/1128 
f 1258/1013/1129 1257/1012/1128 1239/993/1128 1240/994/1129 
f 1259/1014/1130 1258/1013/1129 1240/994/1129 1241/995/1130 
f 1260/1015/1131 1259/1014/1130 1241/995/1130 1242/996/1131 
f 1261/1016/1132 1260/1015/1131 1242/996/1131 1243/997/1132 
f 1262/1017/1133 1261/1016/1132 1243/997/1132 1244/998/1133 
f 1263/1018/1134 1262/1017/1133 1244/998/1133 1245/999/1134 
f 1264/1019/1135 1263/1018/1134 1245/999/1134 1246/1000/1135 
f 1265/1020/1136 1264/1019/1135 1246/1000/1135 1247/1001/1136 
f 1266/1021/1137 1265/1020/1136 1247/1001/1136 1248/1002/1137 
f 1267/1022/1138 1266/1021/1137 1248/1002/1137 1249/1003/1138 
f 1268/1023/1139 1267/1022/1138 1249/1003/1138 1250/1004/1139 
f 1252/1006/1123 1268/1023/1139 1250/1004/1139 1234/987/1123 
f 1251/1024/1140 1269/1025/1141 1270/1026/1141 1252/1027/1142 
f 1254/1028/1140 1271/1029/1143 1272/1030/1140 1253/1031/1140 
f 1256/1032/1144 1273/1033/1144 1274/1034/1143 1255/1035/1144 
f 1258/1036/1140 1275/1037/1145 1276/1038/1145 1257/1039/1140 
f 1260/1040/1140 1277/1041/1146 1278/1042/1140 1259/1043/1140 
f 1262/1044/1147 1279/1045/1147 1280/1046/1146 1261/1047/1140 
f 1264/1048/1147 1281/1049/1148 1282/1050/1148 1263/1051/1147 
f 1266/1052/1142 1283/1053/1149 1284/1054/1147 1265/1055/1147 
f 1268/1056/1142 1285/1057/1142 1286/1058/1149 1267/1059/1142 
f 1253/1031/1140 1272/1030/1140 1269/1025/1141 1251/1024/1140 
f 1255/1035/1144 1274/1034/1143 1271/1029/1143 1254/1028/1140 
f 1257/1039/1140 1276/1038/1145 1273/1033/1144 1256/1032/1144 
f 1259/1043/1140 1278/1042/1140 1275/1037/1145 1258/1036/1140 
f 1261/1047/1140 1280/1046/1146 1277/1041/1146 1260/1040/1140 
f 1263/1051/1147 1282/1050/1148 1279/1045/1147 1262/1044/1147 
f 1265/1055/1147 1284/1054/1147 1281/1049/1148 1264/1048/1147 
f 1267/1059/1142 1286/1058/1149 1283/1053/1149 1266/1052/1142 
f 1252/1027/1142 1270/1026/1141 1285/1057/1142 1268/1056/1142 
f 1287/1060/1140 1288/1061/1150 1289/1062/1150 1290/1063/1151 
f 1291/1064/1152 1290/1063/1151 1289/1062/1150 1292/1065/1140 
f 1293/1066/1153 1292/1065/1140 1289/1062/1150 1294/1067/1140 
f 1293/1066/1153 1295/1068/1153 1292/1065/1140 
f 1296/1069/1154 1291/1064/1152 1292/1065/1140 1297/1070/1155 
f 1292/1065/1140 1298/1071/1155 1297/1070/1155 
f 1297/1070/1155 1299/1072/1140 1296/1069/1154 
f 1300/1073/1140 1291/1064/1152 1296/1069/1154 1301/1074/1154 
f 1300/1073/1140 1302/1075/1152 1291/1064/1152 
f 1291/1064/1152 1303/1076/1140 1290/1063/1151 
f 1304/1077/1151 1287/1060/1140 1290/1063/1151 
f 1305/1078/1156 1306/1079/1157 1287/1060/1157 1304/1077/1156 
f 1306/1079/1157 1307/1080/1158 1288/1061/1158 1287/1060/1157 
f 1308/1081/1159 1309/1082/1160 1294/1067/1160 1289/1062/1159 
f 1309/1082/1160 1310/1083/1161 1293/1066/1161 1294/1067/1160 
f 1311/1084/1162 1312/1085/1163 1292/1065/1163 1295/1068/1162 
f 1312/1085/1163 1313/1086/1164 1298/1071/1164 1292/1065/1163 
f 1314/1087/1165 1315/1088/1166 1299/1072/1166 1297/1070/1165 
f 1315/1088/1166 1316/1089/1167 1296/1069/1167 1299/1072/1166 
f 1317/1090/1168 1318/1091/1169 1300/1073/1169 1301/1074/1168 
f 1318/1091/1169 1319/1092/1170 1302/1075/1170 1300/1073/1169 
f 1320/1093/1171 1321/1094/1172 1303/1076/1172 1291/1064/1171 
f 1321/1094/1172 1322/1095/1173 1290/1063/1173 1303/1076/1172 
f 1307/1080/1174 1306/1079/1175 1272/1030/1175 1271/1029/1174 
f 1309/1082/1176 1308/1081/1177 1274/1034/1177 1273/1033/1176 
f 1313/1086/1178 1312/1085/1179 1278/1042/1179 1277/1041/1178 
f 1315/1088/1180 1314/1087/1181 1280/1046/1181 1279/1045/1180 
f 1319/1092/1182 1318/1091/1183 1284/1054/1183 1283/1053/1182 
f 1321/1094/1184 1320/1093/1185 1286/1058/1185 1285/1057/1184 
f 1306/1079/1175 1305/1078/1186 1269/1025/1186 1272/1030/1175 
f 1310/1083/1187 1309/1082/1176 1273/1033/1176 1276/1038/1187 
f 1312/1085/1179 1311/1084/1188 1275/1037/1188 1278/1042/1179 
f 1316/1089/1189 1315/1088/1180 1279/1045/1180 1282/1050/1189 
f 1318/1091/1183 1317/1090/1190 1281/1049/1190 1284/1054/1183 
f 1322/1095/1191 1321/1094/1184 1285/1057/1184 1270/1026/1191 
f 1274/1034/1143 1289/1062/1150 1288/1061/1150 1271/1029/1143 
f 1269/1025/1141 1304/1077/1151 1290/1063/1151 1270/1026/1141 
f 1286/1058/1149 1291/1064/1152 1302/1075/1152 1283/1053/1149 
f 1280/1046/1146 1297/1070/1155 1298/1071/1155 1277/1041/1146 
f 1281/1049/1148 1301/1074/1154 1296/1069/1154 1282/1050/1148 
f 1275/1037/1145 1295/1068/1153 1293/1066/1153 1276/1038/1145 
f 1322/1095/1192 1270/1026/1192 1290/1063/1192 
f 1304/1077/1193 1269/1025/1193 1305/1078/1193 
f 1307/1080/1194 1271/1029/1194 1288/1061/1194 
f 1289/1062/1195 1274/1034/1195 1308/1081/1195 
f 1310/1083/1196 1276/1038/1196 1293/1066/1196 
f 1295/1068/1197 1275/1037/1197 1311/1084/1197 
f 1313/1086/1198 1277/1041/1198 1298/1071/1198 
f 1297/1070/1199 1280/1046/1199 1314/1087/1199 
f 1316/1089/1200 1282/1050/1200 1296/1069/1200 
f 1301/1074/1201 1281/1049/1201 1317/1090/1201 
f 1319/1092/1202 1283/1053/1202 1302/1075/1202 
f 1291/1064/1203 1286/1058/1203 1320/1093/1203 
f 1323/929/1204 1324/932/1205 1181/931/1064 1180/930/1063 
f 1325/933/1206 1323/929/1204 1180/930/1063 1184/934/1065 
f 1326/935/1207 1325/933/1206 1184/934/1065 1186/936/1066 
f 1327/937/1208 1326/935/1207 1186/936/1066 1188/938/1067 
f 1328/939/1209 1327/937/1208 1188/938/1067 1190/940/1068 
f 1329/941/1210 1328/939/1209 1190/940/1068 1192/942/1069 
f 1330/943/1211 1329/941/1210 1192/942/1069 1194/944/1070 
f 1331/945/1212 1330/943/1211 1194/944/1070 1196/946/1071 
f 1332/947/1213 1331/945/1212 1196/946/1071 1198/948/1073 
f 1333/949/1214 1332/947/1213 1198/948/1073 1200/950/1074 
f 1334/951/1215 1333/949/1214 1200/950/1074 1202/952/1075 
f 1335/953/1216 1334/951/1215 1202/952/1075 1204/954/1076 
f 1336/955/1078 1335/953/1216 1204/954/1076 1206/956/1078 
f 1337/957/1079 1336/955/1078 1206/956/1078 1208/958/1080 
f 1338/959/1217 1337/957/1079 1208/958/1080 1210/960/1081 
f 1339/961/1083 1338/959/1217 1210/960/1081 1212/962/1083 
f 1340/963/1084 1339/966/1083 1212/965/1083 1214/964/1084 
f 1324/932/1205 1340/963/1084 1214/964/1084 1181/931/1064 
f 1341/967/1218 1342/968/1219 1324/932/1219 1323/929/1218 
f 1343/969/1220 1341/967/1218 1323/929/1218 1325/933/1220 
f 1344/970/1221 1343/969/1220 1325/933/1220 1326/935/1221 
f 1345/971/1222 1344/970/1221 1326/935/1221 1327/937/1222 
f 1346/972/1223 1345/971/1222 1327/937/1222 1328/939/1223 
f 1347/973/1224 1346/972/1223 1328/939/1223 1329/941/1224 
f 1348/974/1225 1347/973/1224 1329/941/1224 1330/943/1225 
f 1349/975/1226 1348/974/1225 1330/943/1225 1331/945/1226 
f 1350/976/1227 1349/975/1226 1331/945/1226 1332/947/1227 
f 1351/977/1228 1350/976/1227 1332/947/1227 1333/949/1228 
f 1352/978/1229 1351/977/1228 1333/949/1228 1334/951/1229 
f 1353/979/1230 1352/978/1229 1334/951/1229 1335/953/1230 
f 1354/980/1231 1353/979/1230 1335/953/1230 1336/955/1231 
f 1355/981/1232 1354/980/1231 1336/955/1231 1337/957/1232 
f 1356/982/1233 1355/981/1232 1337/957/1232 1338/959/1233 
f 1357/983/1234 1356/982/1233 1338/959/1233 1339/961/1234 
f 1358/984/1235 1357/985/1234 1339/966/1234 1340/963/1235 
f 1342/968/1219 1358/984/1235 1340/963/1235 1324/932/1219 
f 1342/968/1236 1341/967/1237 1359/987/1237 1360/986/1238 
f 1358/984/1239 1342/968/1236 1360/986/1238 1361/988/1239 
f 1357/985/1240 1358/984/1239 1361/988/1239 1362/989/1240 
f 1356/982/1241 1357/983/1240 1362/991/1240 1363/990/1241 
f 1355/981/1242 1356/982/1241 1363/990/1241 1364/992/1242 
f 1354/980/1243 1355/981/1242 1364/992/1242 1365/993/1243 
f 1353/979/1244 1354/980/1243 1365/993/1243 1366/994/1244 
f 1352/978/1245 1353/979/1244 1366/994/1244 1367/995/1245 
f 1351/977/1246 1352/978/1245 1367/995/1245 1368/996/1246 
f 1350/976/1247 1351/977/1246 1368/996/1246 1369/997/1247 
f 1349/975/1248 1350/976/1247 1369/997/1247 1370/998/1248 
f 1348/974/1249 1349/975/1248 1370/998/1248 1371/999/1249 
f 1347/973/1250 1348/974/1249 1371/999/1249 1372/1000/1250 
f 1346/972/1251 1347/973/1250 1372/1000/1250 1373/1001/1251 
f 1345/971/1252 1346/972/1251 1373/1001/1251 1374/1002/1252 
f 1344/970/1253 1345/971/1252 1374/1002/1252 1375/1003/1253 
f 1343/969/1254 1344/970/1253 1375/1003/1253 1376/1004/1254 
f 1341/967/1237 1343/969/1254 1376/1004/1254 1359/987/1237 
f 1377/1005/1255 1360/986/1255 1359/987/1256 1378/1006/1256 
f 1379/1007/1257 1361/988/1257 1360/986/1255 1377/1005/1255 
f 1380/1008/1258 1362/989/1258 1361/988/1257 1379/1007/1257 
f 1381/1009/1259 1363/990/1259 1362/991/1258 1380/1010/1258 
f 1382/1011/1260 1364/992/1260 1363/990/1259 1381/1009/1259 
f 1383/1012/1261 1365/993/1261 1364/992/1260 1382/1011/1260 
f 1384/1013/1262 1366/994/1262 1365/993/1261 1383/1012/1261 
f 1385/1014/1263 1367/995/1263 1366/994/1262 1384/1013/1262 
f 1386/1015/1264 1368/996/1264 1367/995/1263 1385/1014/1263 
f 1387/1016/1265 1369/997/1265 1368/996/1264 1386/1015/1264 
f 1388/1017/1266 1370/998/1266 1369/997/1265 1387/1016/1265 
f 1389/1018/1267 1371/999/1267 1370/998/1266 1388/1017/1266 
f 1390/1019/1268 1372/1000/1268 1371/999/1267 1389/1018/1267 
f 1391/1020/1269 1373/1001/1269 1372/1000/1268 1390/1019/1268 
f 1392/1021/1270 1374/1002/1270 1373/1001/1269 1391/1020/1269 
f 1393/1022/1271 1375/1003/1271 1374/1002/1270 1392/1021/1270 
f 1394/1023/1272 1376/1004/1272 1375/1003/1271 1393/1022/1271 
f 1378/1006/1256 1359/987/1256 1376/1004/1272 1394/1023/1272 
f 1377/1024/1273 1378/1027/1274 1395/1026/1275 1396/1025/1275 
f 1380/1028/1273 1379/1031/1273 1397/1030/1273 1398/1029/1276 
f 1382/1032/1277 1381/1035/1277 1399/1034/1276 1400/1033/1277 
f 1384/1036/1273 1383/1039/1273 1401/1038/1278 1402/1037/1278 
f 1386/1040/1273 1385/1043/1273 1403/1042/1273 1404/1041/1279 
f 1388/1044/1280 1387/1047/1273 1405/1046/1279 1406/1045/1280 
f 1390/1048/1280 1389/1051/1280 1407/1050/1281 1408/1049/1281 
f 1392/1052/1274 1391/1055/1280 1409/1054/1280 1410/1053/1282 
f 1394/1056/1274 1393/1059/1274 1411/1058/1282 1412/1057/1274 
f 1379/1031/1273 1377/1024/1273 1396/1025/1275 1397/1030/1273 
f 1381/1035/1277 1380/1028/1273 1398/1029/1276 1399/1034/1276 
f 1383/1039/1273 1382/1032/1277 1400/1033/1277 1401/1038/1278 
f 1385/1043/1273 1384/1036/1273 1402/1037/1278 1403/1042/1273 
f 1387/1047/1273 1386/1040/1273 1404/1041/1279 1405/1046/1279 
f 1389/1051/1280 1388/1044/1280 1406/1045/1280 1407/1050/1281 
f 1391/1055/1280 1390/1048/1280 1408/1049/1281 1409/1054/1280 
f 1393/1059/1274 1392/1052/1274 1410/1053/1282 1411/1058/1282 
f 1378/1027/1274 1394/1056/1274 1412/1057/1274 1395/1026/1275 
f 1413/1063/1283 1414/1076/1273 1415/1064/1284 1416/1062/1285 
f 1417/1065/1273 1416/1062/1285 1415/1064/1284 1418/1069/1286 
f 1419/1073/1273 1418/1069/1286 1415/1064/1284 1420/1075/1284 
f 1419/1073/1273 1421/1074/1286 1418/1069/1286 
f 1422/1070/1287 1417/1065/1273 1418/1069/1286 1423/1072/1273 
f 1422/1070/1287 1424/1071/1287 1417/1065/1273 
f 1425/1066/1288 1416/1062/1285 1417/1065/1273 1426/1068/1288 
f 1425/1066/1288 1427/1067/1273 1416/1062/1285 
f 1428/1060/1273 1413/1063/1283 1416/1062/1285 1429/1061/1285 
f 1430/1077/1283 1413/1063/1283 1428/1060/1273 
f 1431/1078/1289 1430/1077/1289 1428/1060/1290 1432/1079/1290 
f 1432/1079/1290 1428/1060/1290 1429/1061/1291 1433/1080/1291 
f 1434/1081/1292 1416/1062/1292 1427/1067/1293 1435/1082/1293 
f 1435/1082/1293 1427/1067/1293 1425/1066/1294 1436/1083/1294 
f 1437/1084/1295 1426/1068/1295 1417/1065/1296 1438/1085/1296 
f 1438/1085/1296 1417/1065/1296 1424/1071/1297 1439/1086/1297 
f 1440/1087/1298 1422/1070/1298 1423/1072/1299 1441/1088/1299 
f 1441/1088/1299 1423/1072/1299 1418/1069/1300 1442/1089/1300 
f 1443/1090/1301 1421/1074/1301 1419/1073/1302 1444/1091/1302 
f 1444/1091/1302 1419/1073/1302 1420/1075/1303 1445/1092/1303 
f 1446/1093/1304 1415/1064/1304 1414/1076/1305 1447/1094/1305 
f 1447/1094/1305 1414/1076/1305 1413/1063/1306 1448/1095/1306 
f 1433/1080/1307 1398/1029/1307 1397/1030/1308 1432/1079/1308 
f 1435/1082/1309 1400/1033/1309 1399/1034/1310 1434/1081/1310 
f 1439/1086/1311 1404/1041/1311 1403/1042/1312 1438/1085/1312 
f 1441/1088/1313 1406/1045/1313 1405/1046/1314 1440/1087/1314 
f 1445/1092/1315 1410/1053/1315 1409/1054/1316 1444/1091/1316 
f 1447/1094/1317 1412/1057/1317 1411/1058/1318 1446/1093/1318 
f 1432/1079/1308 1397/1030/1308 1396/1025/1319 1431/1078/1319 
f 1436/1083/1320 1401/1038/1320 1400/1033/1309 1435/1082/1309 
f 1438/1085/1312 1403/1042/1312 1402/1037/1321 1437/1084/1321 
f 1442/1089/1322 1407/1050/1322 1406/1045/1313 1441/1088/1313 
f 1444/1091/1316 1409/1054/1316 1408/1049/1323 1443/1090/1323 
f 1448/1095/1324 1395/1026/1324 1412/1057/1317 1447/1094/1317 
f 1399/1034/1276 1398/1029/1276 1429/1061/1285 1416/1062/1285 
f 1396/1025/1275 1395/1026/1275 1413/1063/1283 1430/1077/1283 
f 1411/1058/1282 1410/1053/1282 1420/1075/1284 1415/1064/1284 
f 1405/1046/1279 1404/1041/1279 1424/1071/1287 1422/1070/1287 
f 1408/1049/1281 1407/1050/1281 1418/1069/1286 1421/1074/1286 
f 1402/1037/1278 1401/1038/1278 1425/1066/1288 1426/1068/1288 
f 1448/1095/1325 1413/1063/1325 1395/1026/1325 
f 1430/1077/1326 1431/1078/1326 1396/1025/1326 
f 1433/1080/1327 1429/1061/1327 1398/1029/1327 
f 1416/1062/1328 1434/1081/1328 1399/1034/1328 
f 1436/1083/1329 1425/1066/1329 1401/1038/1329 
f 1426/1068/1330 1437/1084/1330 1402/1037/1330 
f 1439/1086/1331 1424/1071/1331 1404/1041/1331 
f 1422/1070/1332 1440/1087/1332 1405/1046/1332 
f 1442/1089/1333 1418/1069/1333 1407/1050/1333 
f 1421/1074/1334 1443/1090/1334 1408/1049/1334 
f 1445/1092/1335 1420/1075/1335 1410/1053/1335 
f 1415/1064/1336 1446/1093/1336 1411/1058/1336 
# 251 polygons - 34 triangles

#
# object delivery_truck_wheel001
#

v  -183.8862 26.9615 -161.5191
v  -175.7953 26.9615 -161.5191
v  -175.7953 39.3001 -159.3434
v  -183.8862 39.3001 -159.3435
v  -183.8862 16.1111 -167.7836
v  -175.7953 16.1111 -167.7836
v  -183.8862 8.0576 -177.3813
v  -175.7953 8.0576 -177.3813
v  -183.8862 3.7724 -189.1547
v  -175.7953 3.7725 -189.1547
v  -183.8862 3.7724 -201.6836
v  -175.7953 3.7725 -201.6836
v  -183.8862 8.0576 -213.4570
v  -175.7953 8.0576 -213.4570
v  -183.8862 16.1111 -223.0547
v  -175.7953 16.1111 -223.0547
v  -183.8862 26.9615 -229.3192
v  -175.7953 26.9615 -229.3192
v  -183.8862 39.3001 -231.4948
v  -175.7953 39.3001 -231.4948
v  -183.8862 51.6387 -229.3192
v  -175.7953 51.6387 -229.3192
v  -183.8862 62.4891 -223.0547
v  -175.7953 62.4891 -223.0547
v  -183.8862 70.5425 -213.4570
v  -175.7953 70.5425 -213.4570
v  -183.8862 74.8277 -201.6836
v  -175.7953 74.8277 -201.6836
v  -183.8862 74.8277 -189.1547
v  -175.7953 74.8277 -189.1547
v  -183.8862 70.5426 -177.3813
v  -175.7953 70.5426 -177.3813
v  -183.8862 62.4891 -167.7836
v  -175.7953 62.4891 -167.7836
v  -183.8862 51.6387 -161.5191
v  -175.7953 51.6387 -161.5191
v  -187.0872 28.0732 -164.5735
v  -187.0872 39.3001 -162.5939
v  -187.0872 18.2004 -170.2735
v  -187.0872 10.8726 -179.0065
v  -187.0872 6.9735 -189.7191
v  -187.0872 6.9735 -201.1192
v  -187.0872 10.8726 -211.8318
v  -187.0872 18.2004 -220.5647
v  -187.0872 28.0732 -226.2648
v  -187.0872 39.3001 -228.2444
v  -187.0872 50.5270 -226.2648
v  -187.0872 60.3997 -220.5647
v  -187.0872 67.7276 -211.8318
v  -187.0872 71.6266 -201.1192
v  -187.0872 71.6266 -189.7191
v  -187.0872 67.7276 -179.0066
v  -187.0872 60.3997 -170.2736
v  -187.0872 50.5270 -164.5735
v  -187.9362 39.3001 -168.1227
v  -187.9362 29.9641 -169.7688
v  -187.9362 48.6361 -169.7688
v  -187.9362 56.8459 -174.5088
v  -187.9362 62.9396 -181.7709
v  -187.9362 66.1819 -190.6792
v  -187.9362 66.1819 -200.1591
v  -187.9362 62.9395 -209.0674
v  -187.9362 56.8459 -216.3295
v  -187.9362 48.6360 -221.0694
v  -187.9362 39.3001 -222.7156
v  -187.9362 29.9641 -221.0694
v  -187.9362 21.7542 -216.3295
v  -187.9362 15.6606 -209.0674
v  -187.9362 12.4183 -200.1591
v  -187.9362 12.4183 -190.6792
v  -187.9362 15.6606 -181.7709
v  -187.9362 21.7542 -174.5088
v  -185.2681 39.3001 -171.9868
v  -185.2681 31.2858 -173.4000
v  -185.2681 47.3144 -173.4000
v  -185.2681 54.3621 -177.4689
v  -185.2680 59.5931 -183.7030
v  -185.2680 62.3764 -191.3502
v  -185.2680 62.3764 -199.4881
v  -185.2680 59.5931 -207.1353
v  -185.2680 54.3621 -213.3693
v  -185.2680 47.3144 -217.4383
v  -185.2680 39.3001 -218.8515
v  -185.2680 31.2858 -217.4383
v  -185.2680 24.2381 -213.3693
v  -185.2680 19.0071 -207.1353
v  -185.2680 16.2237 -199.4881
v  -185.2680 16.2237 -191.3502
v  -185.2680 19.0071 -183.7030
v  -185.2680 24.2381 -177.4689
v  -185.2681 39.3001 -175.2887
v  -185.2681 32.4151 -176.5028
v  -185.2681 52.2397 -179.9984
v  -185.2681 46.1851 -176.5028
v  -185.2681 59.1247 -191.9235
v  -185.2681 56.7335 -185.3539
v  -185.2681 56.7335 -205.4843
v  -185.2681 59.1247 -198.9148
v  -185.2681 46.1851 -214.3355
v  -185.2681 52.2397 -210.8399
v  -185.2681 32.4151 -214.3355
v  -185.2681 39.3001 -215.5496
v  -185.2681 21.8666 -205.4843
v  -185.2681 26.3605 -210.8399
v  -185.2681 19.4755 -191.9235
v  -185.2681 19.4755 -198.9148
v  -185.2681 26.3605 -179.9983
v  -185.2681 21.8666 -185.3539
v  -184.4914 41.8412 -188.4375
v  -184.4914 44.0758 -189.7277
v  -184.4914 45.7344 -191.7043
v  -184.4914 36.7590 -188.4375
v  -184.4914 32.8658 -191.7043
v  -184.4914 44.0758 -201.1106
v  -184.4914 46.6169 -196.7093
v  -184.4914 46.6169 -194.1290
v  -184.4914 45.7344 -199.1340
v  -184.4914 34.5244 -201.1106
v  -184.4914 39.3001 -202.8489
v  -184.4914 41.8412 -202.4008
v  -184.4914 36.7590 -202.4008
v  -184.4914 31.9832 -196.7093
v  -184.4914 32.8658 -199.1340
v  -184.4914 31.9832 -194.1290
v  -184.4914 34.5244 -189.7277
v  -184.4914 39.3001 -187.9895
v  -179.9306 39.3001 -183.1967
v  -179.9306 43.4804 -183.9338
v  -179.9306 47.1565 -186.0562
v  -179.9306 49.8851 -189.3079
v  -179.9306 51.3369 -193.2967
v  -179.9306 51.3369 -197.5416
v  -179.9306 49.8850 -201.5304
v  -179.9306 47.1565 -204.7821
v  -179.9306 43.4804 -206.9045
v  -179.9306 39.3001 -207.6416
v  -179.9306 35.1197 -206.9045
v  -179.9306 31.4436 -204.7821
v  -179.9306 28.7151 -201.5304
v  -179.9306 27.2633 -197.5416
v  -179.9306 27.2633 -193.2967
v  -179.9306 28.7151 -189.3079
v  -179.9306 31.4436 -186.0562
v  -179.9306 35.1197 -183.9338
v  -167.7044 26.9615 -161.5191
v  -167.7044 39.3001 -159.3435
v  -167.7044 16.1111 -167.7836
v  -167.7044 8.0576 -177.3813
v  -167.7044 3.7724 -189.1547
v  -167.7044 3.7724 -201.6836
v  -167.7044 8.0576 -213.4570
v  -167.7044 16.1111 -223.0547
v  -167.7044 26.9615 -229.3192
v  -167.7044 39.3001 -231.4948
v  -167.7044 51.6387 -229.3192
v  -167.7044 62.4891 -223.0547
v  -167.7044 70.5425 -213.4570
v  -167.7044 74.8277 -201.6836
v  -167.7044 74.8277 -189.1547
v  -167.7044 70.5426 -177.3813
v  -167.7044 62.4891 -167.7836
v  -167.7044 51.6387 -161.5191
v  -164.5033 28.0732 -164.5735
v  -164.5033 39.3001 -162.5939
v  -164.5033 18.2004 -170.2735
v  -164.5033 10.8726 -179.0065
v  -164.5033 6.9735 -189.7191
v  -164.5033 6.9735 -201.1192
v  -164.5033 10.8726 -211.8318
v  -164.5033 18.2004 -220.5647
v  -164.5033 28.0732 -226.2648
v  -164.5033 39.3001 -228.2444
v  -164.5033 50.5270 -226.2648
v  -164.5033 60.3997 -220.5647
v  -164.5033 67.7276 -211.8318
v  -164.5033 71.6266 -201.1192
v  -164.5033 71.6266 -189.7191
v  -164.5033 67.7276 -179.0066
v  -164.5033 60.3997 -170.2736
v  -164.5033 50.5270 -164.5735
v  -163.6543 29.9641 -169.7688
v  -163.6543 39.3001 -168.1227
v  -163.6543 48.6361 -169.7688
v  -163.6543 56.8459 -174.5088
v  -163.6543 62.9396 -181.7709
v  -163.6543 66.1819 -190.6792
v  -163.6543 66.1819 -200.1591
v  -163.6543 62.9395 -209.0674
v  -163.6543 56.8459 -216.3295
v  -163.6543 48.6360 -221.0694
v  -163.6543 39.3001 -222.7156
v  -163.6543 29.9641 -221.0694
v  -163.6543 21.7542 -216.3295
v  -163.6543 15.6606 -209.0674
v  -163.6543 12.4183 -200.1591
v  -163.6543 12.4183 -190.6792
v  -163.6543 15.6606 -181.7709
v  -163.6543 21.7542 -174.5088
v  -166.3225 39.3001 -171.9868
v  -166.3225 31.2858 -173.4000
v  -166.3225 47.3144 -173.4000
v  -166.3225 54.3621 -177.4689
v  -166.3225 59.5931 -183.7030
v  -166.3225 62.3764 -191.3502
v  -166.3225 62.3764 -199.4881
v  -166.3225 59.5931 -207.1353
v  -166.3225 54.3621 -213.3693
v  -166.3225 47.3144 -217.4383
v  -166.3225 39.3001 -218.8515
v  -166.3225 31.2858 -217.4383
v  -166.3225 24.2381 -213.3693
v  -166.3225 19.0071 -207.1353
v  -166.3225 16.2237 -199.4881
v  -166.3225 16.2237 -191.3502
v  -166.3225 19.0071 -183.7030
v  -166.3225 24.2381 -177.4689
v  -166.3225 32.4151 -176.5028
v  -166.3225 39.3001 -175.2887
v  -166.3225 46.1851 -176.5028
v  -166.3225 52.2397 -179.9984
v  -166.3225 56.7335 -185.3539
v  -166.3225 59.1247 -191.9235
v  -166.3225 59.1247 -198.9148
v  -166.3225 56.7335 -205.4843
v  -166.3225 52.2397 -210.8399
v  -166.3225 46.1851 -214.3355
v  -166.3225 39.3001 -215.5496
v  -166.3225 32.4151 -214.3355
v  -166.3225 26.3605 -210.8399
v  -166.3225 21.8666 -205.4843
v  -166.3225 19.4755 -198.9148
v  -166.3225 19.4755 -191.9235
v  -166.3225 21.8666 -185.3539
v  -166.3225 26.3605 -179.9983
v  -167.0991 36.7590 -188.4375
v  -167.0991 34.5244 -189.7277
v  -167.0991 32.8658 -191.7043
v  -167.0991 45.7344 -191.7043
v  -167.0991 44.0758 -201.1106
v  -167.0991 34.5244 -201.1106
v  -167.0991 31.9832 -196.7093
v  -167.0991 31.9832 -194.1290
v  -167.0991 32.8658 -199.1340
v  -167.0991 39.3001 -202.8489
v  -167.0991 36.7590 -202.4008
v  -167.0991 41.8412 -202.4008
v  -167.0991 46.6169 -196.7093
v  -167.0991 45.7344 -199.1340
v  -167.0991 46.6169 -194.1290
v  -167.0991 41.8412 -188.4375
v  -167.0991 44.0758 -189.7277
v  -167.0991 39.3001 -187.9895
v  -171.6599 39.3001 -183.1967
v  -171.6599 43.4804 -183.9338
v  -171.6599 47.1565 -186.0562
v  -171.6599 49.8851 -189.3079
v  -171.6599 51.3369 -193.2967
v  -171.6599 51.3369 -197.5416
v  -171.6599 49.8850 -201.5304
v  -171.6599 47.1565 -204.7821
v  -171.6599 43.4804 -206.9045
v  -171.6599 39.3001 -207.6416
v  -171.6599 35.1197 -206.9045
v  -171.6599 31.4436 -204.7821
v  -171.6599 28.7151 -201.5304
v  -171.6599 27.2633 -197.5416
v  -171.6599 27.2633 -193.2967
v  -171.6599 28.7151 -189.3079
v  -171.6599 31.4436 -186.0562
v  -171.6599 35.1197 -183.9338
# 270 vertices

vn -0.0000 -0.3420 0.9397
vn -0.0000 0.0000 1.0000
vn 0.0000 -0.6428 0.7660
vn 0.0000 -0.8660 0.5000
vn 0.0000 -0.9848 0.1736
vn 0.0000 -0.9848 -0.1736
vn 0.0000 -0.8660 -0.5000
vn 0.0000 -0.6428 -0.7660
vn 0.0000 -0.3420 -0.9397
vn 0.0000 0.0000 -1.0000
vn 0.0000 -0.0000 -1.0000
vn -0.0000 0.3420 -0.9397
vn -0.0000 0.6428 -0.7660
vn -0.0000 0.8660 -0.5000
vn -0.0000 0.9848 -0.1736
vn 0.0000 0.9848 -0.1736
vn 0.0000 0.9848 0.1736
vn -0.0000 0.9848 0.1736
vn -0.0000 0.8660 0.5000
vn -0.0000 0.6428 0.7660
vn 0.0000 0.6428 0.7660
vn 0.0000 0.3420 0.9397
vn -0.7125 -0.2400 0.6594
vn -0.7125 -0.0000 0.7017
vn -0.7125 -0.4510 0.5375
vn -0.7125 -0.6077 0.3508
vn -0.7125 -0.6910 0.1218
vn -0.7125 -0.6910 -0.1218
vn -0.7125 -0.6077 -0.3508
vn -0.7125 -0.4510 -0.5375
vn -0.7125 -0.2400 -0.6594
vn -0.7125 -0.0000 -0.7017
vn -0.7125 0.2400 -0.6594
vn -0.7125 0.4510 -0.5375
vn -0.7125 0.6077 -0.3508
vn -0.7125 0.6910 -0.1218
vn -0.7125 0.6910 0.1218
vn -0.7125 0.6077 0.3508
vn -0.7125 0.4510 0.5375
vn -0.7125 0.2400 0.6594
vn -0.9884 -0.0000 0.1518
vn -0.9884 0.0000 0.1518
vn -0.9884 -0.0519 0.1426
vn -0.9884 0.0519 0.1426
vn -0.9884 0.0976 0.1163
vn -0.9884 0.1314 0.0759
vn -0.9884 0.1495 0.0264
vn -0.9884 0.1495 -0.0264
vn -0.9884 0.1314 -0.0759
vn -0.9884 0.0976 -0.1163
vn -0.9884 0.0519 -0.1426
vn -0.9884 0.0000 -0.1518
vn -0.9884 -0.0519 -0.1426
vn -0.9884 -0.0976 -0.1163
vn -0.9884 -0.1314 -0.0759
vn -0.9884 -0.1495 -0.0264
vn -0.9884 -0.1495 0.0264
vn -0.9884 -0.1314 0.0759
vn -0.9884 -0.0976 0.1163
vn -0.8229 -0.0000 -0.5682
vn -0.8229 0.1943 -0.5339
vn -0.8229 -0.1943 -0.5339
vn -0.8229 -0.3652 -0.4353
vn -0.8229 -0.4921 -0.2841
vn -0.8229 -0.5596 -0.0987
vn -0.8229 -0.5596 0.0987
vn -0.8229 -0.4921 0.2841
vn -0.8229 -0.3652 0.4353
vn -0.8229 -0.1943 0.5339
vn -0.8229 0.0000 0.5682
vn -0.8229 0.1943 0.5339
vn -0.8229 0.3652 0.4353
vn -0.8229 0.4921 0.2841
vn -0.8229 0.5596 0.0987
vn -0.8229 0.5596 -0.0987
vn -0.8229 0.4921 -0.2841
vn -0.8229 0.3652 -0.4353
vn -1.0000 0.0000 -0.0000
vn -0.9998 0.0031 -0.0174
vn -1.0000 -0.0000 0.0000
vn -0.9998 -0.0136 -0.0114
vn -1.0000 0.0000 0.0000
vn -0.9998 -0.0166 0.0061
vn -0.9998 -0.0031 0.0174
vn -1.0000 -0.0000 -0.0000
vn -0.9998 0.0136 0.0114
vn -0.9998 0.0166 -0.0061
vn -0.9997 -0.0183 -0.0153
vn -0.9997 0.0041 -0.0235
vn -0.9997 0.0224 -0.0082
vn -0.9997 -0.0224 0.0082
vn -0.9997 0.0183 0.0153
vn -0.9997 -0.0041 0.0235
vn -0.7191 0.1207 0.6843
vn -0.7244 0.2358 0.6478
vn -0.7191 0.3474 0.6018
vn -0.7191 0.6530 0.2377
vn -0.7244 0.6789 0.1197
vn -0.7191 0.6949 -0.0000
vn -0.7191 0.5323 -0.4467
vn -0.7244 0.4431 -0.5281
vn -0.7191 0.3474 -0.6018
vn -0.7191 -0.1207 -0.6843
vn -0.7244 -0.2358 -0.6478
vn -0.7191 -0.3474 -0.6018
vn -0.7191 -0.6530 -0.2377
vn -0.7244 -0.6789 -0.1197
vn -0.7191 -0.6949 -0.0000
vn -0.7191 -0.5323 0.4467
vn -0.7244 -0.4431 0.5281
vn -0.7191 -0.3474 0.6018
vn -0.8249 -0.2827 -0.4896
vn -0.8289 -0.1913 -0.5257
vn -0.8289 -0.5509 -0.0971
vn -0.8249 -0.5312 -0.1934
vn -0.8249 -0.2827 0.4896
vn -0.8289 -0.3596 0.4286
vn -0.8289 0.1913 0.5257
vn -0.8249 0.0982 0.5567
vn -0.8249 0.5653 -0.0000
vn -0.8289 0.5509 0.0971
vn -0.8289 0.3596 -0.4286
vn -0.8249 0.4331 -0.3634
vn -0.8249 -0.0982 -0.5567
vn -0.8249 -0.5653 0.0000
vn -0.8249 -0.4331 0.3634
vn -0.8249 0.2827 0.4896
vn -0.8249 0.5312 0.1934
vn -0.8249 0.2827 -0.4896
vn 0.0000 -0.9397 -0.3420
vn -0.0000 1.0000 0.0000
vn 0.0000 -0.7660 0.6428
vn 0.0000 0.5000 -0.8660
vn -0.0000 0.1736 0.9848
vn -0.0000 -0.5000 -0.8660
vn -0.0000 0.9397 0.3420
vn 0.0000 -1.0000 0.0000
vn 0.0000 0.7660 -0.6428
vn 0.0000 -0.5000 0.8660
vn -0.0000 -0.1737 -0.9848
vn -0.0000 0.5000 0.8660
vn 0.0000 -0.3420 0.9397
vn 0.0000 0.0000 1.0000
vn -0.0000 -0.6428 0.7660
vn -0.0000 -0.8660 0.5000
vn -0.0000 -0.9848 0.1736
vn -0.0000 -0.9848 -0.1736
vn -0.0000 -0.8660 -0.5000
vn -0.0000 -0.6428 -0.7660
vn -0.0000 -0.3420 -0.9397
vn -0.0000 0.0000 -1.0000
vn 0.0000 0.3420 -0.9397
vn 0.0000 0.6428 -0.7660
vn 0.0000 0.8660 -0.5000
vn 0.0000 0.8660 0.5000
vn 0.7125 -0.2400 0.6594
vn 0.7125 -0.0000 0.7017
vn 0.7125 -0.4510 0.5375
vn 0.7125 -0.6077 0.3508
vn 0.7125 -0.6910 0.1218
vn 0.7125 -0.6910 -0.1218
vn 0.7125 -0.6077 -0.3508
vn 0.7125 -0.4510 -0.5375
vn 0.7125 -0.2400 -0.6594
vn 0.7125 -0.0000 -0.7017
vn 0.7125 0.2400 -0.6594
vn 0.7125 0.4510 -0.5375
vn 0.7125 0.6077 -0.3508
vn 0.7125 0.6910 -0.1218
vn 0.7125 0.6910 0.1218
vn 0.7125 0.6077 0.3508
vn 0.7125 0.4510 0.5375
vn 0.7125 0.2400 0.6594
vn 0.9884 -0.0000 0.1518
vn 0.9884 -0.0519 0.1426
vn 0.9884 0.0000 0.1518
vn 0.9884 0.0519 0.1426
vn 0.9884 0.0976 0.1163
vn 0.9884 0.1314 0.0759
vn 0.9884 0.1495 0.0264
vn 0.9884 0.1495 -0.0264
vn 0.9884 0.1314 -0.0759
vn 0.9884 0.0976 -0.1163
vn 0.9884 0.0519 -0.1426
vn 0.9884 0.0000 -0.1518
vn 0.9884 -0.0519 -0.1426
vn 0.9884 -0.0976 -0.1163
vn 0.9884 -0.1314 -0.0759
vn 0.9884 -0.1495 -0.0264
vn 0.9884 -0.1495 0.0264
vn 0.9884 -0.1314 0.0759
vn 0.9884 -0.0976 0.1163
vn 0.8229 -0.0000 -0.5682
vn 0.8229 0.1943 -0.5339
vn 0.8229 -0.1943 -0.5339
vn 0.8229 -0.3652 -0.4353
vn 0.8229 -0.4921 -0.2841
vn 0.8229 -0.5596 -0.0987
vn 0.8229 -0.5596 0.0987
vn 0.8229 -0.4921 0.2841
vn 0.8229 -0.3652 0.4353
vn 0.8229 -0.1943 0.5339
vn 0.8229 0.0000 0.5682
vn 0.8229 0.1943 0.5339
vn 0.8229 0.3652 0.4353
vn 0.8229 0.4921 0.2841
vn 0.8229 0.5596 0.0987
vn 0.8229 0.5596 -0.0987
vn 0.8229 0.4921 -0.2841
vn 0.8229 0.3652 -0.4353
vn 1.0000 0.0000 -0.0000
vn 1.0000 -0.0000 0.0000
vn 0.9998 0.0031 -0.0174
vn 0.9998 -0.0136 -0.0114
vn 1.0000 0.0000 0.0000
vn 0.9998 -0.0166 0.0061
vn 0.9998 -0.0031 0.0174
vn 1.0000 -0.0000 -0.0000
vn 0.9998 0.0136 0.0114
vn 0.9998 0.0166 -0.0061
vn 0.9997 0.0041 -0.0235
vn 0.9997 0.0224 -0.0082
vn 0.9997 -0.0183 -0.0153
vn 0.9997 0.0183 0.0153
vn 0.9997 -0.0041 0.0235
vn 0.9997 -0.0224 0.0082
vn 0.7191 0.1207 0.6843
vn 0.7244 0.2358 0.6478
vn 0.7191 0.3474 0.6018
vn 0.7191 0.6530 0.2377
vn 0.7244 0.6789 0.1197
vn 0.7191 0.6949 -0.0000
vn 0.7191 0.5323 -0.4467
vn 0.7244 0.4431 -0.5281
vn 0.7191 0.3474 -0.6018
vn 0.7191 -0.1207 -0.6843
vn 0.7244 -0.2358 -0.6478
vn 0.7191 -0.3474 -0.6018
vn 0.7191 -0.6530 -0.2377
vn 0.7244 -0.6789 -0.1197
vn 0.7191 -0.6949 -0.0000
vn 0.7191 -0.5323 0.4467
vn 0.7244 -0.4431 0.5281
vn 0.7191 -0.3474 0.6018
vn 0.8249 -0.2827 -0.4896
vn 0.8289 -0.1913 -0.5257
vn 0.8289 -0.5509 -0.0971
vn 0.8249 -0.5312 -0.1934
vn 0.8249 -0.2827 0.4896
vn 0.8289 -0.3596 0.4286
vn 0.8289 0.1913 0.5257
vn 0.8249 0.0982 0.5567
vn 0.8249 0.5653 -0.0000
vn 0.8289 0.5509 0.0971
vn 0.8289 0.3596 -0.4286
vn 0.8249 0.4331 -0.3634
vn 0.8249 -0.0982 -0.5567
vn 0.8249 -0.5653 0.0000
vn 0.8249 -0.4331 0.3634
vn 0.8249 0.2827 0.4896
vn 0.8249 0.5312 0.1934
vn 0.8249 0.2827 -0.4896
vn -0.0000 -0.9397 -0.3420
vn 0.0000 1.0000 0.0000
vn -0.0000 -0.7660 0.6428
vn -0.0000 0.5000 -0.8660
vn 0.0000 0.1736 0.9848
vn 0.0000 -0.5000 -0.8660
vn 0.0000 0.9397 0.3420
vn -0.0000 -1.0000 0.0000
vn -0.0000 0.7660 -0.6428
vn -0.0000 -0.5000 0.8660
vn 0.0000 -0.1737 -0.9848
vn 0.0000 0.5000 0.8660
# 274 vertex normals

vt 0.9738 0.3507 0.0000
vt 0.9840 0.3507 0.0000
vt 0.9840 0.3638 0.0000
vt 0.9738 0.3638 0.0000
vt 0.9738 0.3376 0.0000
vt 0.9840 0.3376 0.0000
vt 0.9738 0.3245 0.0000
vt 0.9840 0.3245 0.0000
vt 0.9738 0.3113 0.0000
vt 0.9840 0.3113 0.0000
vt 0.9738 0.2982 0.0000
vt 0.9840 0.2982 0.0000
vt 0.9738 0.2851 0.0000
vt 0.9840 0.2851 0.0000
vt 0.9738 0.2720 0.0000
vt 0.9840 0.2720 0.0000
vt 0.9738 0.2588 0.0000
vt 0.9840 0.2588 0.0000
vt 0.9738 0.2457 0.0000
vt 0.9840 0.2457 0.0000
vt 0.9738 0.2326 0.0000
vt 0.9840 0.2326 0.0000
vt 0.9738 0.2195 0.0000
vt 0.9840 0.2195 0.0000
vt 0.9738 0.2063 0.0000
vt 0.9840 0.2063 0.0000
vt 0.9738 0.1932 0.0000
vt 0.9840 0.1932 0.0000
vt 0.9738 0.1801 0.0000
vt 0.9840 0.1801 0.0000
vt 0.9738 0.1670 0.0000
vt 0.9840 0.1670 0.0000
vt 0.9738 0.1538 0.0000
vt 0.9840 0.1538 0.0000
vt 0.9738 0.3770 0.0000
vt 0.9840 0.3770 0.0000
vt 0.9840 0.3901 0.0000
vt 0.9738 0.3901 0.0000
vt 0.9680 0.3495 0.0000
vt 0.9680 0.3626 0.0000
vt 0.9680 0.3365 0.0000
vt 0.9680 0.3235 0.0000
vt 0.9680 0.3104 0.0000
vt 0.9680 0.2974 0.0000
vt 0.9680 0.2843 0.0000
vt 0.9680 0.2713 0.0000
vt 0.9680 0.2582 0.0000
vt 0.9680 0.2452 0.0000
vt 0.9680 0.2321 0.0000
vt 0.9680 0.2191 0.0000
vt 0.9680 0.2060 0.0000
vt 0.9680 0.1930 0.0000
vt 0.9680 0.1799 0.0000
vt 0.9680 0.1669 0.0000
vt 0.9680 0.1538 0.0000
vt 0.9680 0.3756 0.0000
vt 0.9680 0.3901 0.0000
vt 0.9610 0.3626 0.0000
vt 0.9610 0.3495 0.0000
vt 0.9610 0.3756 0.0000
vt 0.9610 0.3901 0.0000
vt 0.9610 0.1669 0.0000
vt 0.9610 0.1538 0.0000
vt 0.9610 0.1799 0.0000
vt 0.9610 0.1930 0.0000
vt 0.9610 0.2060 0.0000
vt 0.9610 0.2191 0.0000
vt 0.9610 0.2321 0.0000
vt 0.9610 0.2452 0.0000
vt 0.9610 0.2582 0.0000
vt 0.9610 0.2713 0.0000
vt 0.9610 0.2843 0.0000
vt 0.9610 0.2974 0.0000
vt 0.9610 0.3104 0.0000
vt 0.9610 0.3235 0.0000
vt 0.9610 0.3365 0.0000
vt 0.9551 0.3638 0.0000
vt 0.9551 0.3507 0.0000
vt 0.9551 0.3770 0.0000
vt 0.9551 0.3901 0.0000
vt 0.9551 0.1670 0.0000
vt 0.9551 0.1538 0.0000
vt 0.9551 0.1801 0.0000
vt 0.9551 0.1932 0.0000
vt 0.9551 0.2063 0.0000
vt 0.9551 0.2195 0.0000
vt 0.9551 0.2326 0.0000
vt 0.9551 0.2457 0.0000
vt 0.9551 0.2588 0.0000
vt 0.9551 0.2720 0.0000
vt 0.9551 0.2851 0.0000
vt 0.9551 0.2982 0.0000
vt 0.9551 0.3113 0.0000
vt 0.9551 0.3245 0.0000
vt 0.9551 0.3376 0.0000
vt 0.9976 0.0909 0.0000
vt 0.9932 0.0910 0.0000
vt 0.9916 0.0812 0.0000
vt 0.9957 0.0798 0.0000
vt 0.9897 0.1119 0.0000
vt 0.9865 0.1090 0.0000
vt 0.9927 0.1011 0.0000
vt 0.9965 0.1025 0.0000
vt 0.9705 0.1239 0.0000
vt 0.9698 0.1199 0.0000
vt 0.9788 0.1153 0.0000
vt 0.9810 0.1191 0.0000
vt 0.9484 0.1188 0.0000
vt 0.9505 0.1150 0.0000
vt 0.9598 0.1185 0.0000
vt 0.9590 0.1228 0.0000
vt 0.9341 0.1016 0.0000
vt 0.9383 0.1002 0.0000
vt 0.9421 0.1095 0.0000
vt 0.9389 0.1121 0.0000
vt 0.9334 0.0789 0.0000
vt 0.9372 0.0803 0.0000
vt 0.9366 0.0904 0.0000
vt 0.9323 0.0904 0.0000
vt 0.9488 0.0623 0.0000
vt 0.9511 0.0660 0.0000
vt 0.9434 0.0724 0.0000
vt 0.9401 0.0695 0.0000
vt 0.9709 0.0586 0.0000
vt 0.9700 0.0629 0.0000
vt 0.9600 0.0614 0.0000
vt 0.9594 0.0574 0.0000
vt 0.9909 0.0692 0.0000
vt 0.9878 0.0718 0.0000
vt 0.9793 0.0663 0.0000
vt 0.9815 0.0625 0.0000
vt 0.9735 0.0939 0.0000
vt 0.9724 0.0981 0.0000
vt 0.9708 0.0994 0.0000
vt 0.9750 0.0879 0.0000
vt 0.9696 0.0813 0.0000
vt 0.9579 0.0965 0.0000
vt 0.9623 0.1008 0.0000
vt 0.9664 0.0997 0.0000
vt 0.9603 0.1001 0.0000
vt 0.9575 0.0833 0.0000
vt 0.9545 0.0914 0.0000
vt 0.9548 0.0934 0.0000
vt 0.9563 0.0875 0.0000
vt 0.9634 0.0816 0.0000
vt 0.9591 0.0820 0.0000
vt 0.9676 0.0805 0.0000
vt 0.9720 0.0848 0.0000
vt 0.9754 0.0900 0.0000
vt 0.9819 0.0935 0.0000
vt 0.9813 0.0968 0.0000
vt 0.9796 0.0997 0.0000
vt 0.9710 0.1068 0.0000
vt 0.9678 0.1079 0.0000
vt 0.9645 0.1079 0.0000
vt 0.9540 0.1040 0.0000
vt 0.9515 0.1018 0.0000
vt 0.9498 0.0989 0.0000
vt 0.9480 0.0879 0.0000
vt 0.9486 0.0846 0.0000
vt 0.9503 0.0817 0.0000
vt 0.9589 0.0746 0.0000
vt 0.9621 0.0735 0.0000
vt 0.9654 0.0735 0.0000
vt 0.9759 0.0774 0.0000
vt 0.9784 0.0796 0.0000
vt 0.9800 0.0825 0.0000
# 167 texture coords

g delivery_truck_wheel001
usemtl 07___Default
s off
f 1449/1096/1337 1450/1097/1337 1451/1098/1338 1452/1099/1338 
f 1453/1100/1339 1454/1101/1339 1450/1097/1337 1449/1096/1337 
f 1455/1102/1340 1456/1103/1340 1454/1101/1339 1453/1100/1339 
f 1457/1104/1341 1458/1105/1341 1456/1103/1340 1455/1102/1340 
f 1459/1106/1342 1460/1107/1342 1458/1105/1341 1457/1104/1341 
f 1461/1108/1343 1462/1109/1343 1460/1107/1342 1459/1106/1342 
f 1463/1110/1344 1464/1111/1344 1462/1109/1343 1461/1108/1343 
f 1465/1112/1345 1466/1113/1345 1464/1111/1344 1463/1110/1344 
f 1467/1114/1346 1468/1115/1347 1466/1113/1345 1465/1112/1345 
f 1469/1116/1348 1470/1117/1348 1468/1115/1347 1467/1114/1346 
f 1471/1118/1349 1472/1119/1349 1470/1117/1348 1469/1116/1348 
f 1473/1120/1350 1474/1121/1350 1472/1119/1349 1471/1118/1349 
f 1475/1122/1351 1476/1123/1352 1474/1121/1350 1473/1120/1350 
f 1477/1124/1353 1478/1125/1354 1476/1123/1352 1475/1122/1351 
f 1479/1126/1355 1480/1127/1355 1478/1125/1354 1477/1124/1353 
f 1481/1128/1356 1482/1129/1357 1480/1127/1355 1479/1126/1355 
f 1483/1130/1358 1484/1131/1358 1482/1132/1357 1481/1133/1356 
f 1452/1099/1338 1451/1098/1338 1484/1131/1358 1483/1130/1358 
f 1485/1134/1359 1449/1096/1359 1452/1099/1360 1486/1135/1360 
f 1487/1136/1361 1453/1100/1361 1449/1096/1359 1485/1134/1359 
f 1488/1137/1362 1455/1102/1362 1453/1100/1361 1487/1136/1361 
f 1489/1138/1363 1457/1104/1363 1455/1102/1362 1488/1137/1362 
f 1490/1139/1364 1459/1106/1364 1457/1104/1363 1489/1138/1363 
f 1491/1140/1365 1461/1108/1365 1459/1106/1364 1490/1139/1364 
f 1492/1141/1366 1463/1110/1366 1461/1108/1365 1491/1140/1365 
f 1493/1142/1367 1465/1112/1367 1463/1110/1366 1492/1141/1366 
f 1494/1143/1368 1467/1114/1368 1465/1112/1367 1493/1142/1367 
f 1495/1144/1369 1469/1116/1369 1467/1114/1368 1494/1143/1368 
f 1496/1145/1370 1471/1118/1370 1469/1116/1369 1495/1144/1369 
f 1497/1146/1371 1473/1120/1371 1471/1118/1370 1496/1145/1370 
f 1498/1147/1372 1475/1122/1372 1473/1120/1371 1497/1146/1371 
f 1499/1148/1373 1477/1124/1373 1475/1122/1372 1498/1147/1372 
f 1500/1149/1374 1479/1126/1374 1477/1124/1373 1499/1148/1373 
f 1501/1150/1375 1481/1128/1375 1479/1126/1374 1500/1149/1374 
f 1502/1151/1376 1483/1130/1376 1481/1133/1375 1501/1152/1375 
f 1486/1135/1360 1452/1099/1360 1483/1130/1376 1502/1151/1376 
f 1486/1135/1377 1503/1153/1378 1504/1154/1379 1485/1134/1379 
f 1502/1151/1380 1505/1155/1380 1503/1153/1378 1486/1135/1377 
f 1501/1152/1381 1506/1156/1381 1505/1155/1380 1502/1151/1380 
f 1500/1149/1382 1507/1157/1382 1506/1158/1381 1501/1150/1381 
f 1499/1148/1383 1508/1159/1383 1507/1157/1382 1500/1149/1382 
f 1498/1147/1384 1509/1160/1384 1508/1159/1383 1499/1148/1383 
f 1497/1146/1385 1510/1161/1385 1509/1160/1384 1498/1147/1384 
f 1496/1145/1386 1511/1162/1386 1510/1161/1385 1497/1146/1385 
f 1495/1144/1387 1512/1163/1387 1511/1162/1386 1496/1145/1386 
f 1494/1143/1388 1513/1164/1388 1512/1163/1387 1495/1144/1387 
f 1493/1142/1389 1514/1165/1389 1513/1164/1388 1494/1143/1388 
f 1492/1141/1390 1515/1166/1390 1514/1165/1389 1493/1142/1389 
f 1491/1140/1391 1516/1167/1391 1515/1166/1390 1492/1141/1390 
f 1490/1139/1392 1517/1168/1392 1516/1167/1391 1491/1140/1391 
f 1489/1138/1393 1518/1169/1393 1517/1168/1392 1490/1139/1392 
f 1488/1137/1394 1519/1170/1394 1518/1169/1393 1489/1138/1393 
f 1487/1136/1395 1520/1171/1395 1519/1170/1394 1488/1137/1394 
f 1485/1134/1379 1504/1154/1379 1520/1171/1395 1487/1136/1395 
f 1521/1172/1396 1522/1173/1397 1504/1154/1397 1503/1153/1396 
f 1523/1174/1398 1521/1172/1396 1503/1153/1396 1505/1155/1398 
f 1524/1175/1399 1523/1174/1398 1505/1155/1398 1506/1156/1399 
f 1525/1176/1400 1524/1177/1399 1506/1158/1399 1507/1157/1400 
f 1526/1178/1401 1525/1176/1400 1507/1157/1400 1508/1159/1401 
f 1527/1179/1402 1526/1178/1401 1508/1159/1401 1509/1160/1402 
f 1528/1180/1403 1527/1179/1402 1509/1160/1402 1510/1161/1403 
f 1529/1181/1404 1528/1180/1403 1510/1161/1403 1511/1162/1404 
f 1530/1182/1405 1529/1181/1404 1511/1162/1404 1512/1163/1405 
f 1531/1183/1406 1530/1182/1405 1512/1163/1405 1513/1164/1406 
f 1532/1184/1407 1531/1183/1406 1513/1164/1406 1514/1165/1407 
f 1533/1185/1408 1532/1184/1407 1514/1165/1407 1515/1166/1408 
f 1534/1186/1409 1533/1185/1408 1515/1166/1408 1516/1167/1409 
f 1535/1187/1410 1534/1186/1409 1516/1167/1409 1517/1168/1410 
f 1536/1188/1411 1535/1187/1410 1517/1168/1410 1518/1169/1411 
f 1537/1189/1412 1536/1188/1411 1518/1169/1411 1519/1170/1412 
f 1538/1190/1413 1537/1189/1412 1519/1170/1412 1520/1171/1413 
f 1522/1173/1397 1538/1190/1413 1520/1171/1413 1504/1154/1397 
f 1521/1191/1414 1539/1192/1415 1540/1193/1415 1522/1194/1416 
f 1524/1195/1414 1541/1196/1417 1542/1197/1414 1523/1198/1414 
f 1526/1199/1418 1543/1200/1418 1544/1201/1417 1525/1202/1418 
f 1528/1203/1414 1545/1204/1419 1546/1205/1419 1527/1206/1414 
f 1530/1207/1414 1547/1208/1420 1548/1209/1414 1529/1210/1414 
f 1532/1211/1421 1549/1212/1421 1550/1213/1420 1531/1214/1414 
f 1534/1215/1421 1551/1216/1422 1552/1217/1422 1533/1218/1421 
f 1536/1219/1416 1553/1220/1423 1554/1221/1421 1535/1222/1421 
f 1538/1223/1416 1555/1224/1416 1556/1225/1423 1537/1226/1416 
f 1523/1198/1414 1542/1197/1414 1539/1192/1415 1521/1191/1414 
f 1525/1202/1418 1544/1201/1417 1541/1196/1417 1524/1195/1414 
f 1527/1206/1414 1546/1205/1419 1543/1200/1418 1526/1199/1418 
f 1529/1210/1414 1548/1209/1414 1545/1204/1419 1528/1203/1414 
f 1531/1214/1414 1550/1213/1420 1547/1208/1420 1530/1207/1414 
f 1533/1218/1421 1552/1217/1422 1549/1212/1421 1532/1211/1421 
f 1535/1222/1421 1554/1221/1421 1551/1216/1422 1534/1215/1421 
f 1537/1226/1416 1556/1225/1423 1553/1220/1423 1536/1219/1416 
f 1522/1194/1416 1540/1193/1415 1555/1224/1416 1538/1223/1416 
f 1557/1227/1414 1558/1228/1424 1559/1229/1424 1560/1230/1425 
f 1561/1231/1426 1560/1230/1425 1559/1229/1424 1562/1232/1414 
f 1563/1233/1427 1562/1232/1414 1559/1229/1424 1564/1234/1414 
f 1563/1233/1427 1565/1235/1427 1562/1232/1414 
f 1566/1236/1428 1561/1231/1426 1562/1232/1414 1567/1237/1429 
f 1562/1232/1414 1568/1238/1429 1567/1237/1429 
f 1567/1237/1429 1569/1239/1414 1566/1236/1428 
f 1570/1240/1414 1561/1231/1426 1566/1236/1428 1571/1241/1428 
f 1570/1240/1414 1572/1242/1426 1561/1231/1426 
f 1561/1231/1426 1573/1243/1414 1560/1230/1425 
f 1574/1244/1425 1557/1227/1414 1560/1230/1425 
f 1575/1245/1430 1576/1246/1431 1557/1227/1431 1574/1244/1430 
f 1576/1246/1431 1577/1247/1432 1558/1228/1432 1557/1227/1431 
f 1578/1248/1433 1579/1249/1434 1564/1234/1434 1559/1229/1433 
f 1579/1249/1434 1580/1250/1435 1563/1233/1435 1564/1234/1434 
f 1581/1251/1436 1582/1252/1437 1562/1232/1437 1565/1235/1436 
f 1582/1252/1437 1583/1253/1438 1568/1238/1438 1562/1232/1437 
f 1584/1254/1439 1585/1255/1440 1569/1239/1440 1567/1237/1439 
f 1585/1255/1440 1586/1256/1441 1566/1236/1441 1569/1239/1440 
f 1587/1257/1442 1588/1258/1443 1570/1240/1443 1571/1241/1442 
f 1588/1258/1443 1589/1259/1444 1572/1242/1444 1570/1240/1443 
f 1590/1260/1445 1591/1261/1446 1573/1243/1446 1561/1231/1445 
f 1591/1261/1446 1592/1262/1447 1560/1230/1447 1573/1243/1446 
f 1577/1247/1448 1576/1246/1449 1542/1197/1449 1541/1196/1448 
f 1579/1249/1450 1578/1248/1451 1544/1201/1451 1543/1200/1450 
f 1583/1253/1452 1582/1252/1453 1548/1209/1453 1547/1208/1452 
f 1585/1255/1454 1584/1254/1455 1550/1213/1455 1549/1212/1454 
f 1589/1259/1456 1588/1258/1457 1554/1221/1457 1553/1220/1456 
f 1591/1261/1458 1590/1260/1459 1556/1225/1459 1555/1224/1458 
f 1576/1246/1449 1575/1245/1460 1539/1192/1460 1542/1197/1449 
f 1580/1250/1461 1579/1249/1450 1543/1200/1450 1546/1205/1461 
f 1582/1252/1453 1581/1251/1462 1545/1204/1462 1548/1209/1453 
f 1586/1256/1463 1585/1255/1454 1549/1212/1454 1552/1217/1463 
f 1588/1258/1457 1587/1257/1464 1551/1216/1464 1554/1221/1457 
f 1592/1262/1465 1591/1261/1458 1555/1224/1458 1540/1193/1465 
f 1544/1201/1417 1559/1229/1424 1558/1228/1424 1541/1196/1417 
f 1539/1192/1415 1574/1244/1425 1560/1230/1425 1540/1193/1415 
f 1556/1225/1423 1561/1231/1426 1572/1242/1426 1553/1220/1423 
f 1550/1213/1420 1567/1237/1429 1568/1238/1429 1547/1208/1420 
f 1551/1216/1422 1571/1241/1428 1566/1236/1428 1552/1217/1422 
f 1545/1204/1419 1565/1235/1427 1563/1233/1427 1546/1205/1419 
f 1592/1262/1466 1540/1193/1466 1560/1230/1466 
f 1574/1244/1467 1539/1192/1467 1575/1245/1467 
f 1577/1247/1468 1541/1196/1468 1558/1228/1468 
f 1559/1229/1469 1544/1201/1469 1578/1248/1469 
f 1580/1250/1470 1546/1205/1470 1563/1233/1470 
f 1565/1235/1471 1545/1204/1471 1581/1251/1471 
f 1583/1253/1472 1547/1208/1472 1568/1238/1472 
f 1567/1237/1473 1550/1213/1473 1584/1254/1473 
f 1586/1256/1474 1552/1217/1474 1566/1236/1474 
f 1571/1241/1475 1551/1216/1475 1587/1257/1475 
f 1589/1259/1476 1553/1220/1476 1572/1242/1476 
f 1561/1231/1477 1556/1225/1477 1590/1260/1477 
f 1593/1096/1478 1594/1099/1479 1451/1098/1338 1450/1097/1337 
f 1595/1100/1480 1593/1096/1478 1450/1097/1337 1454/1101/1339 
f 1596/1102/1481 1595/1100/1480 1454/1101/1339 1456/1103/1340 
f 1597/1104/1482 1596/1102/1481 1456/1103/1340 1458/1105/1341 
f 1598/1106/1483 1597/1104/1482 1458/1105/1341 1460/1107/1342 
f 1599/1108/1484 1598/1106/1483 1460/1107/1342 1462/1109/1343 
f 1600/1110/1485 1599/1108/1484 1462/1109/1343 1464/1111/1344 
f 1601/1112/1486 1600/1110/1485 1464/1111/1344 1466/1113/1345 
f 1602/1114/1487 1601/1112/1486 1466/1113/1345 1468/1115/1347 
f 1603/1116/1488 1602/1114/1487 1468/1115/1347 1470/1117/1348 
f 1604/1118/1489 1603/1116/1488 1470/1117/1348 1472/1119/1349 
f 1605/1120/1490 1604/1118/1489 1472/1119/1349 1474/1121/1350 
f 1606/1122/1352 1605/1120/1490 1474/1121/1350 1476/1123/1352 
f 1607/1124/1353 1606/1122/1352 1476/1123/1352 1478/1125/1354 
f 1608/1126/1491 1607/1124/1353 1478/1125/1354 1480/1127/1355 
f 1609/1128/1357 1608/1126/1491 1480/1127/1355 1482/1129/1357 
f 1610/1130/1358 1609/1133/1357 1482/1132/1357 1484/1131/1358 
f 1594/1099/1479 1610/1130/1358 1484/1131/1358 1451/1098/1338 
f 1611/1134/1492 1612/1135/1493 1594/1099/1493 1593/1096/1492 
f 1613/1136/1494 1611/1134/1492 1593/1096/1492 1595/1100/1494 
f 1614/1137/1495 1613/1136/1494 1595/1100/1494 1596/1102/1495 
f 1615/1138/1496 1614/1137/1495 1596/1102/1495 1597/1104/1496 
f 1616/1139/1497 1615/1138/1496 1597/1104/1496 1598/1106/1497 
f 1617/1140/1498 1616/1139/1497 1598/1106/1497 1599/1108/1498 
f 1618/1141/1499 1617/1140/1498 1599/1108/1498 1600/1110/1499 
f 1619/1142/1500 1618/1141/1499 1600/1110/1499 1601/1112/1500 
f 1620/1143/1501 1619/1142/1500 1601/1112/1500 1602/1114/1501 
f 1621/1144/1502 1620/1143/1501 1602/1114/1501 1603/1116/1502 
f 1622/1145/1503 1621/1144/1502 1603/1116/1502 1604/1118/1503 
f 1623/1146/1504 1622/1145/1503 1604/1118/1503 1605/1120/1504 
f 1624/1147/1505 1623/1146/1504 1605/1120/1504 1606/1122/1505 
f 1625/1148/1506 1624/1147/1505 1606/1122/1505 1607/1124/1506 
f 1626/1149/1507 1625/1148/1506 1607/1124/1506 1608/1126/1507 
f 1627/1150/1508 1626/1149/1507 1608/1126/1507 1609/1128/1508 
f 1628/1151/1509 1627/1152/1508 1609/1133/1508 1610/1130/1509 
f 1612/1135/1493 1628/1151/1509 1610/1130/1509 1594/1099/1493 
f 1612/1135/1510 1611/1134/1511 1629/1154/1511 1630/1153/1512 
f 1628/1151/1513 1612/1135/1510 1630/1153/1512 1631/1155/1513 
f 1627/1152/1514 1628/1151/1513 1631/1155/1513 1632/1156/1514 
f 1626/1149/1515 1627/1150/1514 1632/1158/1514 1633/1157/1515 
f 1625/1148/1516 1626/1149/1515 1633/1157/1515 1634/1159/1516 
f 1624/1147/1517 1625/1148/1516 1634/1159/1516 1635/1160/1517 
f 1623/1146/1518 1624/1147/1517 1635/1160/1517 1636/1161/1518 
f 1622/1145/1519 1623/1146/1518 1636/1161/1518 1637/1162/1519 
f 1621/1144/1520 1622/1145/1519 1637/1162/1519 1638/1163/1520 
f 1620/1143/1521 1621/1144/1520 1638/1163/1520 1639/1164/1521 
f 1619/1142/1522 1620/1143/1521 1639/1164/1521 1640/1165/1522 
f 1618/1141/1523 1619/1142/1522 1640/1165/1522 1641/1166/1523 
f 1617/1140/1524 1618/1141/1523 1641/1166/1523 1642/1167/1524 
f 1616/1139/1525 1617/1140/1524 1642/1167/1524 1643/1168/1525 
f 1615/1138/1526 1616/1139/1525 1643/1168/1525 1644/1169/1526 
f 1614/1137/1527 1615/1138/1526 1644/1169/1526 1645/1170/1527 
f 1613/1136/1528 1614/1137/1527 1645/1170/1527 1646/1171/1528 
f 1611/1134/1511 1613/1136/1528 1646/1171/1528 1629/1154/1511 
f 1647/1172/1529 1630/1153/1529 1629/1154/1530 1648/1173/1530 
f 1649/1174/1531 1631/1155/1531 1630/1153/1529 1647/1172/1529 
f 1650/1175/1532 1632/1156/1532 1631/1155/1531 1649/1174/1531 
f 1651/1176/1533 1633/1157/1533 1632/1158/1532 1650/1177/1532 
f 1652/1178/1534 1634/1159/1534 1633/1157/1533 1651/1176/1533 
f 1653/1179/1535 1635/1160/1535 1634/1159/1534 1652/1178/1534 
f 1654/1180/1536 1636/1161/1536 1635/1160/1535 1653/1179/1535 
f 1655/1181/1537 1637/1162/1537 1636/1161/1536 1654/1180/1536 
f 1656/1182/1538 1638/1163/1538 1637/1162/1537 1655/1181/1537 
f 1657/1183/1539 1639/1164/1539 1638/1163/1538 1656/1182/1538 
f 1658/1184/1540 1640/1165/1540 1639/1164/1539 1657/1183/1539 
f 1659/1185/1541 1641/1166/1541 1640/1165/1540 1658/1184/1540 
f 1660/1186/1542 1642/1167/1542 1641/1166/1541 1659/1185/1541 
f 1661/1187/1543 1643/1168/1543 1642/1167/1542 1660/1186/1542 
f 1662/1188/1544 1644/1169/1544 1643/1168/1543 1661/1187/1543 
f 1663/1189/1545 1645/1170/1545 1644/1169/1544 1662/1188/1544 
f 1664/1190/1546 1646/1171/1546 1645/1170/1545 1663/1189/1545 
f 1648/1173/1530 1629/1154/1530 1646/1171/1546 1664/1190/1546 
f 1647/1191/1547 1648/1194/1548 1665/1193/1549 1666/1192/1549 
f 1650/1195/1547 1649/1198/1547 1667/1197/1547 1668/1196/1550 
f 1652/1199/1551 1651/1202/1551 1669/1201/1550 1670/1200/1551 
f 1654/1203/1547 1653/1206/1547 1671/1205/1552 1672/1204/1552 
f 1656/1207/1547 1655/1210/1547 1673/1209/1547 1674/1208/1553 
f 1658/1211/1554 1657/1214/1547 1675/1213/1553 1676/1212/1554 
f 1660/1215/1554 1659/1218/1554 1677/1217/1555 1678/1216/1555 
f 1662/1219/1548 1661/1222/1554 1679/1221/1554 1680/1220/1556 
f 1664/1223/1548 1663/1226/1548 1681/1225/1556 1682/1224/1548 
f 1649/1198/1547 1647/1191/1547 1666/1192/1549 1667/1197/1547 
f 1651/1202/1551 1650/1195/1547 1668/1196/1550 1669/1201/1550 
f 1653/1206/1547 1652/1199/1551 1670/1200/1551 1671/1205/1552 
f 1655/1210/1547 1654/1203/1547 1672/1204/1552 1673/1209/1547 
f 1657/1214/1547 1656/1207/1547 1674/1208/1553 1675/1213/1553 
f 1659/1218/1554 1658/1211/1554 1676/1212/1554 1677/1217/1555 
f 1661/1222/1554 1660/1215/1554 1678/1216/1555 1679/1221/1554 
f 1663/1226/1548 1662/1219/1548 1680/1220/1556 1681/1225/1556 
f 1648/1194/1548 1664/1223/1548 1682/1224/1548 1665/1193/1549 
f 1683/1230/1557 1684/1243/1547 1685/1231/1558 1686/1229/1559 
f 1687/1232/1547 1686/1229/1559 1685/1231/1558 1688/1236/1560 
f 1689/1240/1547 1688/1236/1560 1685/1231/1558 1690/1242/1558 
f 1689/1240/1547 1691/1241/1560 1688/1236/1560 
f 1692/1237/1561 1687/1232/1547 1688/1236/1560 1693/1239/1547 
f 1692/1237/1561 1694/1238/1561 1687/1232/1547 
f 1695/1233/1562 1686/1229/1559 1687/1232/1547 1696/1235/1562 
f 1695/1233/1562 1697/1234/1547 1686/1229/1559 
f 1698/1227/1547 1683/1230/1557 1686/1229/1559 1699/1228/1559 
f 1700/1244/1557 1683/1230/1557 1698/1227/1547 
f 1701/1245/1563 1700/1244/1563 1698/1227/1564 1702/1246/1564 
f 1702/1246/1564 1698/1227/1564 1699/1228/1565 1703/1247/1565 
f 1704/1248/1566 1686/1229/1566 1697/1234/1567 1705/1249/1567 
f 1705/1249/1567 1697/1234/1567 1695/1233/1568 1706/1250/1568 
f 1707/1251/1569 1696/1235/1569 1687/1232/1570 1708/1252/1570 
f 1708/1252/1570 1687/1232/1570 1694/1238/1571 1709/1253/1571 
f 1710/1254/1572 1692/1237/1572 1693/1239/1573 1711/1255/1573 
f 1711/1255/1573 1693/1239/1573 1688/1236/1574 1712/1256/1574 
f 1713/1257/1575 1691/1241/1575 1689/1240/1576 1714/1258/1576 
f 1714/1258/1576 1689/1240/1576 1690/1242/1577 1715/1259/1577 
f 1716/1260/1578 1685/1231/1578 1684/1243/1579 1717/1261/1579 
f 1717/1261/1579 1684/1243/1579 1683/1230/1580 1718/1262/1580 
f 1703/1247/1581 1668/1196/1581 1667/1197/1582 1702/1246/1582 
f 1705/1249/1583 1670/1200/1583 1669/1201/1584 1704/1248/1584 
f 1709/1253/1585 1674/1208/1585 1673/1209/1586 1708/1252/1586 
f 1711/1255/1587 1676/1212/1587 1675/1213/1588 1710/1254/1588 
f 1715/1259/1589 1680/1220/1589 1679/1221/1590 1714/1258/1590 
f 1717/1261/1591 1682/1224/1591 1681/1225/1592 1716/1260/1592 
f 1702/1246/1582 1667/1197/1582 1666/1192/1593 1701/1245/1593 
f 1706/1250/1594 1671/1205/1594 1670/1200/1583 1705/1249/1583 
f 1708/1252/1586 1673/1209/1586 1672/1204/1595 1707/1251/1595 
f 1712/1256/1596 1677/1217/1596 1676/1212/1587 1711/1255/1587 
f 1714/1258/1590 1679/1221/1590 1678/1216/1597 1713/1257/1597 
f 1718/1262/1598 1665/1193/1598 1682/1224/1591 1717/1261/1591 
f 1669/1201/1550 1668/1196/1550 1699/1228/1559 1686/1229/1559 
f 1666/1192/1549 1665/1193/1549 1683/1230/1557 1700/1244/1557 
f 1681/1225/1556 1680/1220/1556 1690/1242/1558 1685/1231/1558 
f 1675/1213/1553 1674/1208/1553 1694/1238/1561 1692/1237/1561 
f 1678/1216/1555 1677/1217/1555 1688/1236/1560 1691/1241/1560 
f 1672/1204/1552 1671/1205/1552 1695/1233/1562 1696/1235/1562 
f 1718/1262/1599 1683/1230/1599 1665/1193/1599 
f 1700/1244/1600 1701/1245/1600 1666/1192/1600 
f 1703/1247/1601 1699/1228/1601 1668/1196/1601 
f 1686/1229/1602 1704/1248/1602 1669/1201/1602 
f 1706/1250/1603 1695/1233/1603 1671/1205/1603 
f 1696/1235/1604 1707/1251/1604 1672/1204/1604 
f 1709/1253/1605 1694/1238/1605 1674/1208/1605 
f 1692/1237/1606 1710/1254/1606 1675/1213/1606 
f 1712/1256/1607 1688/1236/1607 1677/1217/1607 
f 1691/1241/1608 1713/1257/1608 1678/1216/1608 
f 1715/1259/1609 1690/1242/1609 1680/1220/1609 
f 1685/1231/1610 1716/1260/1610 1681/1225/1610 
# 251 polygons - 34 triangles

#
# object delivery_truck_wheel002
#

v  8.0020 26.9615 158.6664
v  16.0929 26.9615 158.6664
v  16.0929 39.3001 160.8420
v  8.0020 39.3001 160.8419
v  8.0020 16.1111 152.4019
v  16.0929 16.1111 152.4019
v  8.0020 8.0576 142.8041
v  16.0929 8.0576 142.8041
v  8.0020 3.7724 131.0307
v  16.0929 3.7725 131.0307
v  8.0020 3.7724 118.5018
v  16.0929 3.7725 118.5018
v  8.0020 8.0576 106.7285
v  16.0929 8.0576 106.7285
v  8.0020 16.1111 97.1307
v  16.0929 16.1111 97.1307
v  8.0020 26.9615 90.8662
v  16.0929 26.9615 90.8662
v  8.0020 39.3001 88.6906
v  16.0929 39.3001 88.6906
v  8.0020 51.6387 90.8662
v  16.0929 51.6387 90.8662
v  8.0020 62.4891 97.1307
v  16.0929 62.4891 97.1307
v  8.0020 70.5425 106.7285
v  16.0929 70.5425 106.7285
v  8.0020 74.8277 118.5018
v  16.0929 74.8277 118.5018
v  8.0020 74.8277 131.0307
v  16.0929 74.8277 131.0307
v  8.0020 70.5426 142.8041
v  16.0929 70.5426 142.8041
v  8.0020 62.4891 152.4018
v  16.0929 62.4891 152.4018
v  8.0020 51.6387 158.6664
v  16.0929 51.6387 158.6664
v  4.8010 28.0732 155.6119
v  4.8010 39.3001 157.5915
v  4.8010 18.2004 149.9119
v  4.8010 10.8726 141.1789
v  4.8010 6.9735 130.4663
v  4.8010 6.9735 119.0662
v  4.8010 10.8726 108.3537
v  4.8010 18.2004 99.6207
v  4.8010 28.0732 93.9206
v  4.8010 39.3001 91.9411
v  4.8010 50.5270 93.9206
v  4.8010 60.3997 99.6207
v  4.8010 67.7276 108.3537
v  4.8010 71.6266 119.0662
v  4.8010 71.6266 130.4663
v  4.8010 67.7276 141.1789
v  4.8010 60.3997 149.9119
v  4.8010 50.5270 155.6119
v  3.9520 39.3001 152.0628
v  3.9520 29.9641 150.4166
v  3.9520 48.6361 150.4166
v  3.9520 56.8459 145.6766
v  3.9520 62.9396 138.4145
v  3.9520 66.1819 129.5063
v  3.9520 66.1819 120.0263
v  3.9520 62.9395 111.1181
v  3.9520 56.8459 103.8560
v  3.9520 48.6360 99.1160
v  3.9520 39.3001 97.4698
v  3.9520 29.9641 99.1160
v  3.9520 21.7542 103.8560
v  3.9520 15.6606 111.1181
v  3.9520 12.4183 120.0263
v  3.9520 12.4183 129.5062
v  3.9520 15.6606 138.4145
v  3.9520 21.7542 145.6766
v  6.6201 39.3001 148.1986
v  6.6201 31.2858 146.7854
v  6.6201 47.3144 146.7854
v  6.6201 54.3621 142.7165
v  6.6202 59.5931 136.4824
v  6.6202 62.3764 128.8353
v  6.6202 62.3764 120.6973
v  6.6202 59.5931 113.0501
v  6.6202 54.3621 106.8161
v  6.6202 47.3144 102.7471
v  6.6202 39.3001 101.3340
v  6.6202 31.2858 102.7471
v  6.6202 24.2381 106.8161
v  6.6202 19.0071 113.0501
v  6.6202 16.2237 120.6973
v  6.6202 16.2237 128.8353
v  6.6202 19.0071 136.4824
v  6.6202 24.2381 142.7165
v  6.6201 39.3001 144.8967
v  6.6201 32.4151 143.6827
v  6.6201 52.2397 140.1871
v  6.6201 46.1851 143.6827
v  6.6201 59.1247 128.2619
v  6.6201 56.7335 134.8315
v  6.6201 56.7335 114.7011
v  6.6201 59.1247 121.2707
v  6.6201 46.1851 105.8499
v  6.6201 52.2397 109.3455
v  6.6201 32.4151 105.8499
v  6.6201 39.3001 104.6359
v  6.6201 21.8666 114.7011
v  6.6201 26.3605 109.3455
v  6.6201 19.4755 128.2619
v  6.6201 19.4755 121.2707
v  6.6201 26.3605 140.1871
v  6.6201 21.8666 134.8315
v  7.3968 41.8412 131.7479
v  7.3968 44.0758 130.4577
v  7.3968 45.7344 128.4811
v  7.3968 36.7590 131.7479
v  7.3968 32.8658 128.4811
v  7.3968 44.0758 119.0748
v  7.3968 46.6169 123.4761
v  7.3968 46.6169 126.0564
v  7.3968 45.7344 121.0514
v  7.3968 34.5244 119.0748
v  7.3968 39.3001 117.3366
v  7.3968 41.8412 117.7846
v  7.3968 36.7590 117.7846
v  7.3968 31.9832 123.4761
v  7.3968 32.8658 121.0514
v  7.3968 31.9832 126.0564
v  7.3968 34.5244 130.4577
v  7.3968 39.3001 132.1960
v  11.9576 39.3001 136.9887
v  11.9576 43.4804 136.2516
v  11.9576 47.1565 134.1292
v  11.9576 49.8851 130.8775
v  11.9576 51.3369 126.8887
v  11.9576 51.3369 122.6439
v  11.9576 49.8850 118.6550
v  11.9576 47.1565 115.4033
v  11.9576 43.4804 113.2809
v  11.9576 39.3001 112.5438
v  11.9576 35.1197 113.2809
v  11.9576 31.4436 115.4033
v  11.9576 28.7151 118.6550
v  11.9576 27.2633 122.6439
v  11.9576 27.2633 126.8887
v  11.9576 28.7151 130.8775
v  11.9576 31.4436 134.1292
v  11.9576 35.1197 136.2516
v  24.1838 26.9615 158.6664
v  24.1838 39.3001 160.8419
v  24.1838 16.1111 152.4019
v  24.1838 8.0576 142.8041
v  24.1838 3.7724 131.0307
v  24.1838 3.7724 118.5018
v  24.1838 8.0576 106.7285
v  24.1838 16.1111 97.1307
v  24.1838 26.9615 90.8662
v  24.1838 39.3001 88.6906
v  24.1838 51.6387 90.8662
v  24.1838 62.4891 97.1307
v  24.1838 70.5425 106.7285
v  24.1838 74.8277 118.5018
v  24.1838 74.8277 131.0307
v  24.1838 70.5426 142.8041
v  24.1838 62.4891 152.4018
v  24.1838 51.6387 158.6664
v  27.3849 28.0732 155.6119
v  27.3849 39.3001 157.5915
v  27.3849 18.2004 149.9119
v  27.3849 10.8726 141.1789
v  27.3849 6.9735 130.4663
v  27.3849 6.9735 119.0662
v  27.3849 10.8726 108.3537
v  27.3849 18.2004 99.6207
v  27.3849 28.0732 93.9206
v  27.3849 39.3001 91.9411
v  27.3849 50.5270 93.9206
v  27.3849 60.3997 99.6207
v  27.3849 67.7276 108.3537
v  27.3849 71.6266 119.0662
v  27.3849 71.6266 130.4663
v  27.3849 67.7276 141.1789
v  27.3849 60.3997 149.9119
v  27.3849 50.5270 155.6119
v  28.2339 29.9641 150.4166
v  28.2339 39.3001 152.0628
v  28.2339 48.6361 150.4166
v  28.2339 56.8459 145.6766
v  28.2339 62.9396 138.4145
v  28.2339 66.1819 129.5063
v  28.2339 66.1819 120.0263
v  28.2339 62.9395 111.1181
v  28.2339 56.8459 103.8560
v  28.2339 48.6360 99.1160
v  28.2339 39.3001 97.4698
v  28.2339 29.9641 99.1160
v  28.2339 21.7542 103.8560
v  28.2339 15.6606 111.1181
v  28.2339 12.4183 120.0263
v  28.2339 12.4183 129.5062
v  28.2339 15.6606 138.4145
v  28.2339 21.7542 145.6766
v  25.5657 39.3001 148.1986
v  25.5657 31.2858 146.7854
v  25.5657 47.3144 146.7854
v  25.5657 54.3621 142.7165
v  25.5657 59.5931 136.4824
v  25.5657 62.3764 128.8353
v  25.5657 62.3764 120.6973
v  25.5657 59.5931 113.0501
v  25.5657 54.3621 106.8161
v  25.5657 47.3144 102.7471
v  25.5657 39.3001 101.3340
v  25.5657 31.2858 102.7471
v  25.5657 24.2381 106.8161
v  25.5657 19.0071 113.0501
v  25.5657 16.2237 120.6973
v  25.5657 16.2237 128.8353
v  25.5657 19.0071 136.4824
v  25.5657 24.2381 142.7165
v  25.5657 32.4151 143.6827
v  25.5657 39.3001 144.8967
v  25.5657 46.1851 143.6827
v  25.5657 52.2397 140.1871
v  25.5657 56.7335 134.8315
v  25.5657 59.1247 128.2619
v  25.5657 59.1247 121.2707
v  25.5657 56.7335 114.7011
v  25.5657 52.2397 109.3455
v  25.5657 46.1851 105.8499
v  25.5657 39.3001 104.6359
v  25.5657 32.4151 105.8499
v  25.5657 26.3605 109.3455
v  25.5657 21.8666 114.7011
v  25.5657 19.4755 121.2707
v  25.5657 19.4755 128.2619
v  25.5657 21.8666 134.8315
v  25.5657 26.3605 140.1871
v  24.7891 36.7590 131.7479
v  24.7891 34.5244 130.4577
v  24.7891 32.8658 128.4811
v  24.7891 45.7344 128.4811
v  24.7891 44.0758 119.0748
v  24.7891 34.5244 119.0748
v  24.7891 31.9832 123.4761
v  24.7891 31.9832 126.0564
v  24.7891 32.8658 121.0514
v  24.7891 39.3001 117.3366
v  24.7891 36.7590 117.7846
v  24.7891 41.8412 117.7846
v  24.7891 46.6169 123.4761
v  24.7891 45.7344 121.0514
v  24.7891 46.6169 126.0564
v  24.7891 41.8412 131.7479
v  24.7891 44.0758 130.4577
v  24.7891 39.3001 132.1960
v  20.2283 39.3001 136.9887
v  20.2283 43.4804 136.2516
v  20.2283 47.1565 134.1292
v  20.2283 49.8851 130.8775
v  20.2283 51.3369 126.8887
v  20.2283 51.3369 122.6439
v  20.2283 49.8850 118.6550
v  20.2283 47.1565 115.4033
v  20.2283 43.4804 113.2809
v  20.2283 39.3001 112.5438
v  20.2283 35.1197 113.2809
v  20.2283 31.4436 115.4033
v  20.2283 28.7151 118.6550
v  20.2283 27.2633 122.6439
v  20.2283 27.2633 126.8887
v  20.2283 28.7151 130.8775
v  20.2283 31.4436 134.1292
v  20.2283 35.1197 136.2516
# 270 vertices

vn -0.0000 -0.3420 0.9397
vn -0.0000 0.0000 1.0000
vn 0.0000 -0.6428 0.7660
vn 0.0000 -0.8660 0.5000
vn 0.0000 -0.9848 0.1736
vn 0.0000 -0.9848 -0.1736
vn 0.0000 -0.8660 -0.5000
vn 0.0000 -0.6428 -0.7660
vn 0.0000 -0.3420 -0.9397
vn 0.0000 0.0000 -1.0000
vn 0.0000 -0.0000 -1.0000
vn -0.0000 0.3420 -0.9397
vn -0.0000 0.6428 -0.7660
vn -0.0000 0.8660 -0.5000
vn -0.0000 0.9848 -0.1736
vn 0.0000 0.9848 -0.1736
vn 0.0000 0.9848 0.1736
vn -0.0000 0.9848 0.1736
vn -0.0000 0.8660 0.5000
vn -0.0000 0.6428 0.7660
vn 0.0000 0.6428 0.7660
vn 0.0000 0.3420 0.9397
vn -0.7125 -0.2400 0.6594
vn -0.7125 -0.0000 0.7017
vn -0.7125 -0.4510 0.5375
vn -0.7125 -0.6077 0.3508
vn -0.7125 -0.6910 0.1218
vn -0.7125 -0.6910 -0.1218
vn -0.7125 -0.6077 -0.3508
vn -0.7125 -0.4510 -0.5375
vn -0.7125 -0.2400 -0.6594
vn -0.7125 -0.0000 -0.7017
vn -0.7125 0.2400 -0.6594
vn -0.7125 0.4510 -0.5375
vn -0.7125 0.6077 -0.3508
vn -0.7125 0.6910 -0.1218
vn -0.7125 0.6910 0.1218
vn -0.7125 0.6077 0.3508
vn -0.7125 0.4510 0.5375
vn -0.7125 0.2400 0.6594
vn -0.9884 -0.0000 0.1518
vn -0.9884 0.0000 0.1518
vn -0.9884 -0.0519 0.1426
vn -0.9884 0.0519 0.1426
vn -0.9884 0.0976 0.1163
vn -0.9884 0.1314 0.0759
vn -0.9884 0.1495 0.0264
vn -0.9884 0.1495 -0.0264
vn -0.9884 0.1314 -0.0759
vn -0.9884 0.0976 -0.1163
vn -0.9884 0.0519 -0.1426
vn -0.9884 0.0000 -0.1518
vn -0.9884 -0.0519 -0.1426
vn -0.9884 -0.0976 -0.1163
vn -0.9884 -0.1314 -0.0759
vn -0.9884 -0.1495 -0.0264
vn -0.9884 -0.1495 0.0264
vn -0.9884 -0.1314 0.0759
vn -0.9884 -0.0976 0.1163
vn -0.8229 -0.0000 -0.5682
vn -0.8229 0.1943 -0.5339
vn -0.8229 -0.1943 -0.5339
vn -0.8229 -0.3652 -0.4353
vn -0.8229 -0.4921 -0.2841
vn -0.8229 -0.5596 -0.0987
vn -0.8229 -0.5596 0.0987
vn -0.8229 -0.4921 0.2841
vn -0.8229 -0.3652 0.4353
vn -0.8229 -0.1943 0.5339
vn -0.8229 0.0000 0.5682
vn -0.8229 0.1943 0.5339
vn -0.8229 0.3652 0.4353
vn -0.8229 0.4921 0.2841
vn -0.8229 0.5596 0.0987
vn -0.8229 0.5596 -0.0987
vn -0.8229 0.4921 -0.2841
vn -0.8229 0.3652 -0.4353
vn -1.0000 0.0000 -0.0000
vn -0.9998 0.0031 -0.0174
vn -1.0000 -0.0000 0.0000
vn -0.9998 -0.0136 -0.0114
vn -1.0000 0.0000 0.0000
vn -0.9998 -0.0166 0.0061
vn -0.9998 -0.0031 0.0174
vn -1.0000 -0.0000 -0.0000
vn -0.9998 0.0136 0.0114
vn -0.9998 0.0166 -0.0061
vn -0.9997 -0.0183 -0.0153
vn -0.9997 0.0041 -0.0235
vn -0.9997 0.0224 -0.0082
vn -0.9997 -0.0224 0.0082
vn -0.9997 0.0183 0.0153
vn -0.9997 -0.0041 0.0235
vn -0.7191 0.1207 0.6843
vn -0.7244 0.2358 0.6478
vn -0.7191 0.3474 0.6018
vn -0.7191 0.6530 0.2377
vn -0.7244 0.6789 0.1197
vn -0.7191 0.6949 -0.0000
vn -0.7191 0.5323 -0.4467
vn -0.7244 0.4431 -0.5281
vn -0.7191 0.3474 -0.6018
vn -0.7191 -0.1207 -0.6843
vn -0.7244 -0.2358 -0.6478
vn -0.7191 -0.3474 -0.6018
vn -0.7191 -0.6530 -0.2377
vn -0.7244 -0.6789 -0.1197
vn -0.7191 -0.6949 -0.0000
vn -0.7191 -0.5323 0.4467
vn -0.7244 -0.4431 0.5281
vn -0.7191 -0.3474 0.6018
vn -0.8249 -0.2827 -0.4896
vn -0.8289 -0.1913 -0.5257
vn -0.8289 -0.5509 -0.0971
vn -0.8249 -0.5312 -0.1934
vn -0.8249 -0.2827 0.4896
vn -0.8289 -0.3596 0.4286
vn -0.8289 0.1913 0.5257
vn -0.8249 0.0982 0.5567
vn -0.8249 0.5653 -0.0000
vn -0.8289 0.5509 0.0971
vn -0.8289 0.3596 -0.4286
vn -0.8249 0.4331 -0.3634
vn -0.8249 -0.0982 -0.5567
vn -0.8249 -0.5653 0.0000
vn -0.8249 -0.4331 0.3634
vn -0.8249 0.2827 0.4896
vn -0.8249 0.5312 0.1934
vn -0.8249 0.2827 -0.4896
vn 0.0000 -0.9397 -0.3420
vn -0.0000 1.0000 0.0000
vn 0.0000 -0.7660 0.6428
vn 0.0000 0.5000 -0.8660
vn -0.0000 0.1736 0.9848
vn -0.0000 -0.5000 -0.8660
vn -0.0000 0.9397 0.3420
vn 0.0000 -1.0000 0.0000
vn 0.0000 0.7660 -0.6428
vn 0.0000 -0.5000 0.8660
vn -0.0000 -0.1737 -0.9848
vn -0.0000 0.5000 0.8660
vn 0.0000 -0.3420 0.9397
vn 0.0000 0.0000 1.0000
vn -0.0000 -0.6428 0.7660
vn -0.0000 -0.8660 0.5000
vn -0.0000 -0.9848 0.1736
vn -0.0000 -0.9848 -0.1736
vn -0.0000 -0.8660 -0.5000
vn -0.0000 -0.6428 -0.7660
vn -0.0000 -0.3420 -0.9397
vn -0.0000 0.0000 -1.0000
vn 0.0000 0.3420 -0.9397
vn 0.0000 0.6428 -0.7660
vn 0.0000 0.8660 -0.5000
vn 0.0000 0.8660 0.5000
vn 0.7125 -0.2400 0.6594
vn 0.7125 -0.0000 0.7017
vn 0.7125 -0.4510 0.5375
vn 0.7125 -0.6077 0.3508
vn 0.7125 -0.6910 0.1218
vn 0.7125 -0.6910 -0.1218
vn 0.7125 -0.6077 -0.3508
vn 0.7125 -0.4510 -0.5375
vn 0.7125 -0.2400 -0.6594
vn 0.7125 -0.0000 -0.7017
vn 0.7125 0.2400 -0.6594
vn 0.7125 0.4510 -0.5375
vn 0.7125 0.6077 -0.3508
vn 0.7125 0.6910 -0.1218
vn 0.7125 0.6910 0.1218
vn 0.7125 0.6077 0.3508
vn 0.7125 0.4510 0.5375
vn 0.7125 0.2400 0.6594
vn 0.9884 -0.0000 0.1518
vn 0.9884 -0.0519 0.1426
vn 0.9884 0.0000 0.1518
vn 0.9884 0.0519 0.1426
vn 0.9884 0.0976 0.1163
vn 0.9884 0.1314 0.0759
vn 0.9884 0.1495 0.0264
vn 0.9884 0.1495 -0.0264
vn 0.9884 0.1314 -0.0759
vn 0.9884 0.0976 -0.1163
vn 0.9884 0.0519 -0.1426
vn 0.9884 0.0000 -0.1518
vn 0.9884 -0.0519 -0.1426
vn 0.9884 -0.0976 -0.1163
vn 0.9884 -0.1314 -0.0759
vn 0.9884 -0.1495 -0.0264
vn 0.9884 -0.1495 0.0264
vn 0.9884 -0.1314 0.0759
vn 0.9884 -0.0976 0.1163
vn 0.8229 -0.0000 -0.5682
vn 0.8229 0.1943 -0.5339
vn 0.8229 -0.1943 -0.5339
vn 0.8229 -0.3652 -0.4353
vn 0.8229 -0.4921 -0.2841
vn 0.8229 -0.5596 -0.0987
vn 0.8229 -0.5596 0.0987
vn 0.8229 -0.4921 0.2841
vn 0.8229 -0.3652 0.4353
vn 0.8229 -0.1943 0.5339
vn 0.8229 0.0000 0.5682
vn 0.8229 0.1943 0.5339
vn 0.8229 0.3652 0.4353
vn 0.8229 0.4921 0.2841
vn 0.8229 0.5596 0.0987
vn 0.8229 0.5596 -0.0987
vn 0.8229 0.4921 -0.2841
vn 0.8229 0.3652 -0.4353
vn 1.0000 0.0000 -0.0000
vn 1.0000 -0.0000 0.0000
vn 0.9998 0.0031 -0.0174
vn 0.9998 -0.0136 -0.0114
vn 1.0000 0.0000 0.0000
vn 0.9998 -0.0166 0.0061
vn 0.9998 -0.0031 0.0174
vn 1.0000 -0.0000 -0.0000
vn 0.9998 0.0136 0.0114
vn 0.9998 0.0166 -0.0061
vn 0.9997 0.0041 -0.0235
vn 0.9997 0.0224 -0.0082
vn 0.9997 -0.0183 -0.0153
vn 0.9997 0.0183 0.0153
vn 0.9997 -0.0041 0.0235
vn 0.9997 -0.0224 0.0082
vn 0.7191 0.1207 0.6843
vn 0.7244 0.2358 0.6478
vn 0.7191 0.3474 0.6018
vn 0.7191 0.6530 0.2377
vn 0.7244 0.6789 0.1197
vn 0.7191 0.6949 -0.0000
vn 0.7191 0.5323 -0.4467
vn 0.7244 0.4431 -0.5281
vn 0.7191 0.3474 -0.6018
vn 0.7191 -0.1207 -0.6843
vn 0.7244 -0.2358 -0.6478
vn 0.7191 -0.3474 -0.6018
vn 0.7191 -0.6530 -0.2377
vn 0.7244 -0.6789 -0.1197
vn 0.7191 -0.6949 -0.0000
vn 0.7191 -0.5323 0.4467
vn 0.7244 -0.4431 0.5281
vn 0.7191 -0.3474 0.6018
vn 0.8249 -0.2827 -0.4896
vn 0.8289 -0.1913 -0.5257
vn 0.8289 -0.5509 -0.0971
vn 0.8249 -0.5312 -0.1934
vn 0.8249 -0.2827 0.4896
vn 0.8289 -0.3596 0.4286
vn 0.8289 0.1913 0.5257
vn 0.8249 0.0982 0.5567
vn 0.8249 0.5653 -0.0000
vn 0.8289 0.5509 0.0971
vn 0.8289 0.3596 -0.4286
vn 0.8249 0.4331 -0.3634
vn 0.8249 -0.0982 -0.5567
vn 0.8249 -0.5653 0.0000
vn 0.8249 -0.4331 0.3634
vn 0.8249 0.2827 0.4896
vn 0.8249 0.5312 0.1934
vn 0.8249 0.2827 -0.4896
vn -0.0000 -0.9397 -0.3420
vn 0.0000 1.0000 0.0000
vn -0.0000 -0.7660 0.6428
vn -0.0000 0.5000 -0.8660
vn 0.0000 0.1736 0.9848
vn 0.0000 -0.5000 -0.8660
vn 0.0000 0.9397 0.3420
vn -0.0000 -1.0000 0.0000
vn -0.0000 0.7660 -0.6428
vn -0.0000 -0.5000 0.8660
vn 0.0000 -0.1737 -0.9848
vn 0.0000 0.5000 0.8660
# 274 vertex normals

vt 0.9738 0.3507 0.0000
vt 0.9840 0.3507 0.0000
vt 0.9840 0.3638 0.0000
vt 0.9738 0.3638 0.0000
vt 0.9738 0.3376 0.0000
vt 0.9840 0.3376 0.0000
vt 0.9738 0.3245 0.0000
vt 0.9840 0.3245 0.0000
vt 0.9738 0.3113 0.0000
vt 0.9840 0.3113 0.0000
vt 0.9738 0.2982 0.0000
vt 0.9840 0.2982 0.0000
vt 0.9738 0.2851 0.0000
vt 0.9840 0.2851 0.0000
vt 0.9738 0.2720 0.0000
vt 0.9840 0.2720 0.0000
vt 0.9738 0.2588 0.0000
vt 0.9840 0.2588 0.0000
vt 0.9738 0.2457 0.0000
vt 0.9840 0.2457 0.0000
vt 0.9738 0.2326 0.0000
vt 0.9840 0.2326 0.0000
vt 0.9738 0.2195 0.0000
vt 0.9840 0.2195 0.0000
vt 0.9738 0.2063 0.0000
vt 0.9840 0.2063 0.0000
vt 0.9738 0.1932 0.0000
vt 0.9840 0.1932 0.0000
vt 0.9738 0.1801 0.0000
vt 0.9840 0.1801 0.0000
vt 0.9738 0.1670 0.0000
vt 0.9840 0.1670 0.0000
vt 0.9738 0.1538 0.0000
vt 0.9840 0.1538 0.0000
vt 0.9738 0.3770 0.0000
vt 0.9840 0.3770 0.0000
vt 0.9840 0.3901 0.0000
vt 0.9738 0.3901 0.0000
vt 0.9680 0.3495 0.0000
vt 0.9680 0.3626 0.0000
vt 0.9680 0.3365 0.0000
vt 0.9680 0.3235 0.0000
vt 0.9680 0.3104 0.0000
vt 0.9680 0.2974 0.0000
vt 0.9680 0.2843 0.0000
vt 0.9680 0.2713 0.0000
vt 0.9680 0.2582 0.0000
vt 0.9680 0.2452 0.0000
vt 0.9680 0.2321 0.0000
vt 0.9680 0.2191 0.0000
vt 0.9680 0.2060 0.0000
vt 0.9680 0.1930 0.0000
vt 0.9680 0.1799 0.0000
vt 0.9680 0.1669 0.0000
vt 0.9680 0.1538 0.0000
vt 0.9680 0.3756 0.0000
vt 0.9680 0.3901 0.0000
vt 0.9610 0.3626 0.0000
vt 0.9610 0.3495 0.0000
vt 0.9610 0.3756 0.0000
vt 0.9610 0.3901 0.0000
vt 0.9610 0.1669 0.0000
vt 0.9610 0.1538 0.0000
vt 0.9610 0.1799 0.0000
vt 0.9610 0.1930 0.0000
vt 0.9610 0.2060 0.0000
vt 0.9610 0.2191 0.0000
vt 0.9610 0.2321 0.0000
vt 0.9610 0.2452 0.0000
vt 0.9610 0.2582 0.0000
vt 0.9610 0.2713 0.0000
vt 0.9610 0.2843 0.0000
vt 0.9610 0.2974 0.0000
vt 0.9610 0.3104 0.0000
vt 0.9610 0.3235 0.0000
vt 0.9610 0.3365 0.0000
vt 0.9551 0.3638 0.0000
vt 0.9551 0.3507 0.0000
vt 0.9551 0.3770 0.0000
vt 0.9551 0.3901 0.0000
vt 0.9551 0.1670 0.0000
vt 0.9551 0.1538 0.0000
vt 0.9551 0.1801 0.0000
vt 0.9551 0.1932 0.0000
vt 0.9551 0.2063 0.0000
vt 0.9551 0.2195 0.0000
vt 0.9551 0.2326 0.0000
vt 0.9551 0.2457 0.0000
vt 0.9551 0.2588 0.0000
vt 0.9551 0.2720 0.0000
vt 0.9551 0.2851 0.0000
vt 0.9551 0.2982 0.0000
vt 0.9551 0.3113 0.0000
vt 0.9551 0.3245 0.0000
vt 0.9551 0.3376 0.0000
vt 0.9976 0.0909 0.0000
vt 0.9932 0.0910 0.0000
vt 0.9916 0.0812 0.0000
vt 0.9957 0.0798 0.0000
vt 0.9897 0.1119 0.0000
vt 0.9865 0.1090 0.0000
vt 0.9927 0.1011 0.0000
vt 0.9965 0.1025 0.0000
vt 0.9705 0.1239 0.0000
vt 0.9698 0.1199 0.0000
vt 0.9788 0.1153 0.0000
vt 0.9810 0.1191 0.0000
vt 0.9484 0.1188 0.0000
vt 0.9505 0.1150 0.0000
vt 0.9598 0.1185 0.0000
vt 0.9590 0.1228 0.0000
vt 0.9341 0.1016 0.0000
vt 0.9383 0.1002 0.0000
vt 0.9421 0.1095 0.0000
vt 0.9389 0.1121 0.0000
vt 0.9334 0.0789 0.0000
vt 0.9372 0.0803 0.0000
vt 0.9366 0.0904 0.0000
vt 0.9323 0.0904 0.0000
vt 0.9488 0.0623 0.0000
vt 0.9511 0.0660 0.0000
vt 0.9434 0.0724 0.0000
vt 0.9401 0.0695 0.0000
vt 0.9709 0.0586 0.0000
vt 0.9700 0.0629 0.0000
vt 0.9600 0.0614 0.0000
vt 0.9594 0.0574 0.0000
vt 0.9909 0.0692 0.0000
vt 0.9878 0.0718 0.0000
vt 0.9793 0.0663 0.0000
vt 0.9815 0.0625 0.0000
vt 0.9735 0.0939 0.0000
vt 0.9724 0.0981 0.0000
vt 0.9708 0.0994 0.0000
vt 0.9750 0.0879 0.0000
vt 0.9696 0.0813 0.0000
vt 0.9579 0.0965 0.0000
vt 0.9623 0.1008 0.0000
vt 0.9664 0.0997 0.0000
vt 0.9603 0.1001 0.0000
vt 0.9575 0.0833 0.0000
vt 0.9545 0.0914 0.0000
vt 0.9548 0.0934 0.0000
vt 0.9563 0.0875 0.0000
vt 0.9634 0.0816 0.0000
vt 0.9591 0.0820 0.0000
vt 0.9676 0.0805 0.0000
vt 0.9720 0.0848 0.0000
vt 0.9754 0.0900 0.0000
vt 0.9819 0.0935 0.0000
vt 0.9813 0.0968 0.0000
vt 0.9796 0.0997 0.0000
vt 0.9710 0.1068 0.0000
vt 0.9678 0.1079 0.0000
vt 0.9645 0.1079 0.0000
vt 0.9540 0.1040 0.0000
vt 0.9515 0.1018 0.0000
vt 0.9498 0.0989 0.0000
vt 0.9480 0.0879 0.0000
vt 0.9486 0.0846 0.0000
vt 0.9503 0.0817 0.0000
vt 0.9589 0.0746 0.0000
vt 0.9621 0.0735 0.0000
vt 0.9654 0.0735 0.0000
vt 0.9759 0.0774 0.0000
vt 0.9784 0.0796 0.0000
vt 0.9800 0.0825 0.0000
# 167 texture coords

g delivery_truck_wheel002
usemtl 07___Default
s off
f 1719/1263/1611 1720/1264/1611 1721/1265/1612 1722/1266/1612 
f 1723/1267/1613 1724/1268/1613 1720/1264/1611 1719/1263/1611 
f 1725/1269/1614 1726/1270/1614 1724/1268/1613 1723/1267/1613 
f 1727/1271/1615 1728/1272/1615 1726/1270/1614 1725/1269/1614 
f 1729/1273/1616 1730/1274/1616 1728/1272/1615 1727/1271/1615 
f 1731/1275/1617 1732/1276/1617 1730/1274/1616 1729/1273/1616 
f 1733/1277/1618 1734/1278/1618 1732/1276/1617 1731/1275/1617 
f 1735/1279/1619 1736/1280/1619 1734/1278/1618 1733/1277/1618 
f 1737/1281/1620 1738/1282/1621 1736/1280/1619 1735/1279/1619 
f 1739/1283/1622 1740/1284/1622 1738/1282/1621 1737/1281/1620 
f 1741/1285/1623 1742/1286/1623 1740/1284/1622 1739/1283/1622 
f 1743/1287/1624 1744/1288/1624 1742/1286/1623 1741/1285/1623 
f 1745/1289/1625 1746/1290/1626 1744/1288/1624 1743/1287/1624 
f 1747/1291/1627 1748/1292/1628 1746/1290/1626 1745/1289/1625 
f 1749/1293/1629 1750/1294/1629 1748/1292/1628 1747/1291/1627 
f 1751/1295/1630 1752/1296/1631 1750/1294/1629 1749/1293/1629 
f 1753/1297/1632 1754/1298/1632 1752/1299/1631 1751/1300/1630 
f 1722/1266/1612 1721/1265/1612 1754/1298/1632 1753/1297/1632 
f 1755/1301/1633 1719/1263/1633 1722/1266/1634 1756/1302/1634 
f 1757/1303/1635 1723/1267/1635 1719/1263/1633 1755/1301/1633 
f 1758/1304/1636 1725/1269/1636 1723/1267/1635 1757/1303/1635 
f 1759/1305/1637 1727/1271/1637 1725/1269/1636 1758/1304/1636 
f 1760/1306/1638 1729/1273/1638 1727/1271/1637 1759/1305/1637 
f 1761/1307/1639 1731/1275/1639 1729/1273/1638 1760/1306/1638 
f 1762/1308/1640 1733/1277/1640 1731/1275/1639 1761/1307/1639 
f 1763/1309/1641 1735/1279/1641 1733/1277/1640 1762/1308/1640 
f 1764/1310/1642 1737/1281/1642 1735/1279/1641 1763/1309/1641 
f 1765/1311/1643 1739/1283/1643 1737/1281/1642 1764/1310/1642 
f 1766/1312/1644 1741/1285/1644 1739/1283/1643 1765/1311/1643 
f 1767/1313/1645 1743/1287/1645 1741/1285/1644 1766/1312/1644 
f 1768/1314/1646 1745/1289/1646 1743/1287/1645 1767/1313/1645 
f 1769/1315/1647 1747/1291/1647 1745/1289/1646 1768/1314/1646 
f 1770/1316/1648 1749/1293/1648 1747/1291/1647 1769/1315/1647 
f 1771/1317/1649 1751/1295/1649 1749/1293/1648 1770/1316/1648 
f 1772/1318/1650 1753/1297/1650 1751/1300/1649 1771/1319/1649 
f 1756/1302/1634 1722/1266/1634 1753/1297/1650 1772/1318/1650 
f 1756/1302/1651 1773/1320/1652 1774/1321/1653 1755/1301/1653 
f 1772/1318/1654 1775/1322/1654 1773/1320/1652 1756/1302/1651 
f 1771/1319/1655 1776/1323/1655 1775/1322/1654 1772/1318/1654 
f 1770/1316/1656 1777/1324/1656 1776/1325/1655 1771/1317/1655 
f 1769/1315/1657 1778/1326/1657 1777/1324/1656 1770/1316/1656 
f 1768/1314/1658 1779/1327/1658 1778/1326/1657 1769/1315/1657 
f 1767/1313/1659 1780/1328/1659 1779/1327/1658 1768/1314/1658 
f 1766/1312/1660 1781/1329/1660 1780/1328/1659 1767/1313/1659 
f 1765/1311/1661 1782/1330/1661 1781/1329/1660 1766/1312/1660 
f 1764/1310/1662 1783/1331/1662 1782/1330/1661 1765/1311/1661 
f 1763/1309/1663 1784/1332/1663 1783/1331/1662 1764/1310/1662 
f 1762/1308/1664 1785/1333/1664 1784/1332/1663 1763/1309/1663 
f 1761/1307/1665 1786/1334/1665 1785/1333/1664 1762/1308/1664 
f 1760/1306/1666 1787/1335/1666 1786/1334/1665 1761/1307/1665 
f 1759/1305/1667 1788/1336/1667 1787/1335/1666 1760/1306/1666 
f 1758/1304/1668 1789/1337/1668 1788/1336/1667 1759/1305/1667 
f 1757/1303/1669 1790/1338/1669 1789/1337/1668 1758/1304/1668 
f 1755/1301/1653 1774/1321/1653 1790/1338/1669 1757/1303/1669 
f 1791/1339/1670 1792/1340/1671 1774/1321/1671 1773/1320/1670 
f 1793/1341/1672 1791/1339/1670 1773/1320/1670 1775/1322/1672 
f 1794/1342/1673 1793/1341/1672 1775/1322/1672 1776/1323/1673 
f 1795/1343/1674 1794/1344/1673 1776/1325/1673 1777/1324/1674 
f 1796/1345/1675 1795/1343/1674 1777/1324/1674 1778/1326/1675 
f 1797/1346/1676 1796/1345/1675 1778/1326/1675 1779/1327/1676 
f 1798/1347/1677 1797/1346/1676 1779/1327/1676 1780/1328/1677 
f 1799/1348/1678 1798/1347/1677 1780/1328/1677 1781/1329/1678 
f 1800/1349/1679 1799/1348/1678 1781/1329/1678 1782/1330/1679 
f 1801/1350/1680 1800/1349/1679 1782/1330/1679 1783/1331/1680 
f 1802/1351/1681 1801/1350/1680 1783/1331/1680 1784/1332/1681 
f 1803/1352/1682 1802/1351/1681 1784/1332/1681 1785/1333/1682 
f 1804/1353/1683 1803/1352/1682 1785/1333/1682 1786/1334/1683 
f 1805/1354/1684 1804/1353/1683 1786/1334/1683 1787/1335/1684 
f 1806/1355/1685 1805/1354/1684 1787/1335/1684 1788/1336/1685 
f 1807/1356/1686 1806/1355/1685 1788/1336/1685 1789/1337/1686 
f 1808/1357/1687 1807/1356/1686 1789/1337/1686 1790/1338/1687 
f 1792/1340/1671 1808/1357/1687 1790/1338/1687 1774/1321/1671 
f 1791/1358/1688 1809/1359/1689 1810/1360/1689 1792/1361/1690 
f 1794/1362/1688 1811/1363/1691 1812/1364/1688 1793/1365/1688 
f 1796/1366/1692 1813/1367/1692 1814/1368/1691 1795/1369/1692 
f 1798/1370/1688 1815/1371/1693 1816/1372/1693 1797/1373/1688 
f 1800/1374/1688 1817/1375/1694 1818/1376/1688 1799/1377/1688 
f 1802/1378/1695 1819/1379/1695 1820/1380/1694 1801/1381/1688 
f 1804/1382/1695 1821/1383/1696 1822/1384/1696 1803/1385/1695 
f 1806/1386/1690 1823/1387/1697 1824/1388/1695 1805/1389/1695 
f 1808/1390/1690 1825/1391/1690 1826/1392/1697 1807/1393/1690 
f 1793/1365/1688 1812/1364/1688 1809/1359/1689 1791/1358/1688 
f 1795/1369/1692 1814/1368/1691 1811/1363/1691 1794/1362/1688 
f 1797/1373/1688 1816/1372/1693 1813/1367/1692 1796/1366/1692 
f 1799/1377/1688 1818/1376/1688 1815/1371/1693 1798/1370/1688 
f 1801/1381/1688 1820/1380/1694 1817/1375/1694 1800/1374/1688 
f 1803/1385/1695 1822/1384/1696 1819/1379/1695 1802/1378/1695 
f 1805/1389/1695 1824/1388/1695 1821/1383/1696 1804/1382/1695 
f 1807/1393/1690 1826/1392/1697 1823/1387/1697 1806/1386/1690 
f 1792/1361/1690 1810/1360/1689 1825/1391/1690 1808/1390/1690 
f 1827/1394/1688 1828/1395/1698 1829/1396/1698 1830/1397/1699 
f 1831/1398/1700 1830/1397/1699 1829/1396/1698 1832/1399/1688 
f 1833/1400/1701 1832/1399/1688 1829/1396/1698 1834/1401/1688 
f 1833/1400/1701 1835/1402/1701 1832/1399/1688 
f 1836/1403/1702 1831/1398/1700 1832/1399/1688 1837/1404/1703 
f 1832/1399/1688 1838/1405/1703 1837/1404/1703 
f 1837/1404/1703 1839/1406/1688 1836/1403/1702 
f 1840/1407/1688 1831/1398/1700 1836/1403/1702 1841/1408/1702 
f 1840/1407/1688 1842/1409/1700 1831/1398/1700 
f 1831/1398/1700 1843/1410/1688 1830/1397/1699 
f 1844/1411/1699 1827/1394/1688 1830/1397/1699 
f 1845/1412/1704 1846/1413/1705 1827/1394/1705 1844/1411/1704 
f 1846/1413/1705 1847/1414/1706 1828/1395/1706 1827/1394/1705 
f 1848/1415/1707 1849/1416/1708 1834/1401/1708 1829/1396/1707 
f 1849/1416/1708 1850/1417/1709 1833/1400/1709 1834/1401/1708 
f 1851/1418/1710 1852/1419/1711 1832/1399/1711 1835/1402/1710 
f 1852/1419/1711 1853/1420/1712 1838/1405/1712 1832/1399/1711 
f 1854/1421/1713 1855/1422/1714 1839/1406/1714 1837/1404/1713 
f 1855/1422/1714 1856/1423/1715 1836/1403/1715 1839/1406/1714 
f 1857/1424/1716 1858/1425/1717 1840/1407/1717 1841/1408/1716 
f 1858/1425/1717 1859/1426/1718 1842/1409/1718 1840/1407/1717 
f 1860/1427/1719 1861/1428/1720 1843/1410/1720 1831/1398/1719 
f 1861/1428/1720 1862/1429/1721 1830/1397/1721 1843/1410/1720 
f 1847/1414/1722 1846/1413/1723 1812/1364/1723 1811/1363/1722 
f 1849/1416/1724 1848/1415/1725 1814/1368/1725 1813/1367/1724 
f 1853/1420/1726 1852/1419/1727 1818/1376/1727 1817/1375/1726 
f 1855/1422/1728 1854/1421/1729 1820/1380/1729 1819/1379/1728 
f 1859/1426/1730 1858/1425/1731 1824/1388/1731 1823/1387/1730 
f 1861/1428/1732 1860/1427/1733 1826/1392/1733 1825/1391/1732 
f 1846/1413/1723 1845/1412/1734 1809/1359/1734 1812/1364/1723 
f 1850/1417/1735 1849/1416/1724 1813/1367/1724 1816/1372/1735 
f 1852/1419/1727 1851/1418/1736 1815/1371/1736 1818/1376/1727 
f 1856/1423/1737 1855/1422/1728 1819/1379/1728 1822/1384/1737 
f 1858/1425/1731 1857/1424/1738 1821/1383/1738 1824/1388/1731 
f 1862/1429/1739 1861/1428/1732 1825/1391/1732 1810/1360/1739 
f 1814/1368/1691 1829/1396/1698 1828/1395/1698 1811/1363/1691 
f 1809/1359/1689 1844/1411/1699 1830/1397/1699 1810/1360/1689 
f 1826/1392/1697 1831/1398/1700 1842/1409/1700 1823/1387/1697 
f 1820/1380/1694 1837/1404/1703 1838/1405/1703 1817/1375/1694 
f 1821/1383/1696 1841/1408/1702 1836/1403/1702 1822/1384/1696 
f 1815/1371/1693 1835/1402/1701 1833/1400/1701 1816/1372/1693 
f 1862/1429/1740 1810/1360/1740 1830/1397/1740 
f 1844/1411/1741 1809/1359/1741 1845/1412/1741 
f 1847/1414/1742 1811/1363/1742 1828/1395/1742 
f 1829/1396/1743 1814/1368/1743 1848/1415/1743 
f 1850/1417/1744 1816/1372/1744 1833/1400/1744 
f 1835/1402/1745 1815/1371/1745 1851/1418/1745 
f 1853/1420/1746 1817/1375/1746 1838/1405/1746 
f 1837/1404/1747 1820/1380/1747 1854/1421/1747 
f 1856/1423/1748 1822/1384/1748 1836/1403/1748 
f 1841/1408/1749 1821/1383/1749 1857/1424/1749 
f 1859/1426/1750 1823/1387/1750 1842/1409/1750 
f 1831/1398/1751 1826/1392/1751 1860/1427/1751 
f 1863/1263/1752 1864/1266/1753 1721/1265/1612 1720/1264/1611 
f 1865/1267/1754 1863/1263/1752 1720/1264/1611 1724/1268/1613 
f 1866/1269/1755 1865/1267/1754 1724/1268/1613 1726/1270/1614 
f 1867/1271/1756 1866/1269/1755 1726/1270/1614 1728/1272/1615 
f 1868/1273/1757 1867/1271/1756 1728/1272/1615 1730/1274/1616 
f 1869/1275/1758 1868/1273/1757 1730/1274/1616 1732/1276/1617 
f 1870/1277/1759 1869/1275/1758 1732/1276/1617 1734/1278/1618 
f 1871/1279/1760 1870/1277/1759 1734/1278/1618 1736/1280/1619 
f 1872/1281/1761 1871/1279/1760 1736/1280/1619 1738/1282/1621 
f 1873/1283/1762 1872/1281/1761 1738/1282/1621 1740/1284/1622 
f 1874/1285/1763 1873/1283/1762 1740/1284/1622 1742/1286/1623 
f 1875/1287/1764 1874/1285/1763 1742/1286/1623 1744/1288/1624 
f 1876/1289/1626 1875/1287/1764 1744/1288/1624 1746/1290/1626 
f 1877/1291/1627 1876/1289/1626 1746/1290/1626 1748/1292/1628 
f 1878/1293/1765 1877/1291/1627 1748/1292/1628 1750/1294/1629 
f 1879/1295/1631 1878/1293/1765 1750/1294/1629 1752/1296/1631 
f 1880/1297/1632 1879/1300/1631 1752/1299/1631 1754/1298/1632 
f 1864/1266/1753 1880/1297/1632 1754/1298/1632 1721/1265/1612 
f 1881/1301/1766 1882/1302/1767 1864/1266/1767 1863/1263/1766 
f 1883/1303/1768 1881/1301/1766 1863/1263/1766 1865/1267/1768 
f 1884/1304/1769 1883/1303/1768 1865/1267/1768 1866/1269/1769 
f 1885/1305/1770 1884/1304/1769 1866/1269/1769 1867/1271/1770 
f 1886/1306/1771 1885/1305/1770 1867/1271/1770 1868/1273/1771 
f 1887/1307/1772 1886/1306/1771 1868/1273/1771 1869/1275/1772 
f 1888/1308/1773 1887/1307/1772 1869/1275/1772 1870/1277/1773 
f 1889/1309/1774 1888/1308/1773 1870/1277/1773 1871/1279/1774 
f 1890/1310/1775 1889/1309/1774 1871/1279/1774 1872/1281/1775 
f 1891/1311/1776 1890/1310/1775 1872/1281/1775 1873/1283/1776 
f 1892/1312/1777 1891/1311/1776 1873/1283/1776 1874/1285/1777 
f 1893/1313/1778 1892/1312/1777 1874/1285/1777 1875/1287/1778 
f 1894/1314/1779 1893/1313/1778 1875/1287/1778 1876/1289/1779 
f 1895/1315/1780 1894/1314/1779 1876/1289/1779 1877/1291/1780 
f 1896/1316/1781 1895/1315/1780 1877/1291/1780 1878/1293/1781 
f 1897/1317/1782 1896/1316/1781 1878/1293/1781 1879/1295/1782 
f 1898/1318/1783 1897/1319/1782 1879/1300/1782 1880/1297/1783 
f 1882/1302/1767 1898/1318/1783 1880/1297/1783 1864/1266/1767 
f 1882/1302/1784 1881/1301/1785 1899/1321/1785 1900/1320/1786 
f 1898/1318/1787 1882/1302/1784 1900/1320/1786 1901/1322/1787 
f 1897/1319/1788 1898/1318/1787 1901/1322/1787 1902/1323/1788 
f 1896/1316/1789 1897/1317/1788 1902/1325/1788 1903/1324/1789 
f 1895/1315/1790 1896/1316/1789 1903/1324/1789 1904/1326/1790 
f 1894/1314/1791 1895/1315/1790 1904/1326/1790 1905/1327/1791 
f 1893/1313/1792 1894/1314/1791 1905/1327/1791 1906/1328/1792 
f 1892/1312/1793 1893/1313/1792 1906/1328/1792 1907/1329/1793 
f 1891/1311/1794 1892/1312/1793 1907/1329/1793 1908/1330/1794 
f 1890/1310/1795 1891/1311/1794 1908/1330/1794 1909/1331/1795 
f 1889/1309/1796 1890/1310/1795 1909/1331/1795 1910/1332/1796 
f 1888/1308/1797 1889/1309/1796 1910/1332/1796 1911/1333/1797 
f 1887/1307/1798 1888/1308/1797 1911/1333/1797 1912/1334/1798 
f 1886/1306/1799 1887/1307/1798 1912/1334/1798 1913/1335/1799 
f 1885/1305/1800 1886/1306/1799 1913/1335/1799 1914/1336/1800 
f 1884/1304/1801 1885/1305/1800 1914/1336/1800 1915/1337/1801 
f 1883/1303/1802 1884/1304/1801 1915/1337/1801 1916/1338/1802 
f 1881/1301/1785 1883/1303/1802 1916/1338/1802 1899/1321/1785 
f 1917/1339/1803 1900/1320/1803 1899/1321/1804 1918/1340/1804 
f 1919/1341/1805 1901/1322/1805 1900/1320/1803 1917/1339/1803 
f 1920/1342/1806 1902/1323/1806 1901/1322/1805 1919/1341/1805 
f 1921/1343/1807 1903/1324/1807 1902/1325/1806 1920/1344/1806 
f 1922/1345/1808 1904/1326/1808 1903/1324/1807 1921/1343/1807 
f 1923/1346/1809 1905/1327/1809 1904/1326/1808 1922/1345/1808 
f 1924/1347/1810 1906/1328/1810 1905/1327/1809 1923/1346/1809 
f 1925/1348/1811 1907/1329/1811 1906/1328/1810 1924/1347/1810 
f 1926/1349/1812 1908/1330/1812 1907/1329/1811 1925/1348/1811 
f 1927/1350/1813 1909/1331/1813 1908/1330/1812 1926/1349/1812 
f 1928/1351/1814 1910/1332/1814 1909/1331/1813 1927/1350/1813 
f 1929/1352/1815 1911/1333/1815 1910/1332/1814 1928/1351/1814 
f 1930/1353/1816 1912/1334/1816 1911/1333/1815 1929/1352/1815 
f 1931/1354/1817 1913/1335/1817 1912/1334/1816 1930/1353/1816 
f 1932/1355/1818 1914/1336/1818 1913/1335/1817 1931/1354/1817 
f 1933/1356/1819 1915/1337/1819 1914/1336/1818 1932/1355/1818 
f 1934/1357/1820 1916/1338/1820 1915/1337/1819 1933/1356/1819 
f 1918/1340/1804 1899/1321/1804 1916/1338/1820 1934/1357/1820 
f 1917/1358/1821 1918/1361/1822 1935/1360/1823 1936/1359/1823 
f 1920/1362/1821 1919/1365/1821 1937/1364/1821 1938/1363/1824 
f 1922/1366/1825 1921/1369/1825 1939/1368/1824 1940/1367/1825 
f 1924/1370/1821 1923/1373/1821 1941/1372/1826 1942/1371/1826 
f 1926/1374/1821 1925/1377/1821 1943/1376/1821 1944/1375/1827 
f 1928/1378/1828 1927/1381/1821 1945/1380/1827 1946/1379/1828 
f 1930/1382/1828 1929/1385/1828 1947/1384/1829 1948/1383/1829 
f 1932/1386/1822 1931/1389/1828 1949/1388/1828 1950/1387/1830 
f 1934/1390/1822 1933/1393/1822 1951/1392/1830 1952/1391/1822 
f 1919/1365/1821 1917/1358/1821 1936/1359/1823 1937/1364/1821 
f 1921/1369/1825 1920/1362/1821 1938/1363/1824 1939/1368/1824 
f 1923/1373/1821 1922/1366/1825 1940/1367/1825 1941/1372/1826 
f 1925/1377/1821 1924/1370/1821 1942/1371/1826 1943/1376/1821 
f 1927/1381/1821 1926/1374/1821 1944/1375/1827 1945/1380/1827 
f 1929/1385/1828 1928/1378/1828 1946/1379/1828 1947/1384/1829 
f 1931/1389/1828 1930/1382/1828 1948/1383/1829 1949/1388/1828 
f 1933/1393/1822 1932/1386/1822 1950/1387/1830 1951/1392/1830 
f 1918/1361/1822 1934/1390/1822 1952/1391/1822 1935/1360/1823 
f 1953/1397/1831 1954/1410/1821 1955/1398/1832 1956/1396/1833 
f 1957/1399/1821 1956/1396/1833 1955/1398/1832 1958/1403/1834 
f 1959/1407/1821 1958/1403/1834 1955/1398/1832 1960/1409/1832 
f 1959/1407/1821 1961/1408/1834 1958/1403/1834 
f 1962/1404/1835 1957/1399/1821 1958/1403/1834 1963/1406/1821 
f 1962/1404/1835 1964/1405/1835 1957/1399/1821 
f 1965/1400/1836 1956/1396/1833 1957/1399/1821 1966/1402/1836 
f 1965/1400/1836 1967/1401/1821 1956/1396/1833 
f 1968/1394/1821 1953/1397/1831 1956/1396/1833 1969/1395/1833 
f 1970/1411/1831 1953/1397/1831 1968/1394/1821 
f 1971/1412/1837 1970/1411/1837 1968/1394/1838 1972/1413/1838 
f 1972/1413/1838 1968/1394/1838 1969/1395/1839 1973/1414/1839 
f 1974/1415/1840 1956/1396/1840 1967/1401/1841 1975/1416/1841 
f 1975/1416/1841 1967/1401/1841 1965/1400/1842 1976/1417/1842 
f 1977/1418/1843 1966/1402/1843 1957/1399/1844 1978/1419/1844 
f 1978/1419/1844 1957/1399/1844 1964/1405/1845 1979/1420/1845 
f 1980/1421/1846 1962/1404/1846 1963/1406/1847 1981/1422/1847 
f 1981/1422/1847 1963/1406/1847 1958/1403/1848 1982/1423/1848 
f 1983/1424/1849 1961/1408/1849 1959/1407/1850 1984/1425/1850 
f 1984/1425/1850 1959/1407/1850 1960/1409/1851 1985/1426/1851 
f 1986/1427/1852 1955/1398/1852 1954/1410/1853 1987/1428/1853 
f 1987/1428/1853 1954/1410/1853 1953/1397/1854 1988/1429/1854 
f 1973/1414/1855 1938/1363/1855 1937/1364/1856 1972/1413/1856 
f 1975/1416/1857 1940/1367/1857 1939/1368/1858 1974/1415/1858 
f 1979/1420/1859 1944/1375/1859 1943/1376/1860 1978/1419/1860 
f 1981/1422/1861 1946/1379/1861 1945/1380/1862 1980/1421/1862 
f 1985/1426/1863 1950/1387/1863 1949/1388/1864 1984/1425/1864 
f 1987/1428/1865 1952/1391/1865 1951/1392/1866 1986/1427/1866 
f 1972/1413/1856 1937/1364/1856 1936/1359/1867 1971/1412/1867 
f 1976/1417/1868 1941/1372/1868 1940/1367/1857 1975/1416/1857 
f 1978/1419/1860 1943/1376/1860 1942/1371/1869 1977/1418/1869 
f 1982/1423/1870 1947/1384/1870 1946/1379/1861 1981/1422/1861 
f 1984/1425/1864 1949/1388/1864 1948/1383/1871 1983/1424/1871 
f 1988/1429/1872 1935/1360/1872 1952/1391/1865 1987/1428/1865 
f 1939/1368/1824 1938/1363/1824 1969/1395/1833 1956/1396/1833 
f 1936/1359/1823 1935/1360/1823 1953/1397/1831 1970/1411/1831 
f 1951/1392/1830 1950/1387/1830 1960/1409/1832 1955/1398/1832 
f 1945/1380/1827 1944/1375/1827 1964/1405/1835 1962/1404/1835 
f 1948/1383/1829 1947/1384/1829 1958/1403/1834 1961/1408/1834 
f 1942/1371/1826 1941/1372/1826 1965/1400/1836 1966/1402/1836 
f 1988/1429/1873 1953/1397/1873 1935/1360/1873 
f 1970/1411/1874 1971/1412/1874 1936/1359/1874 
f 1973/1414/1875 1969/1395/1875 1938/1363/1875 
f 1956/1396/1876 1974/1415/1876 1939/1368/1876 
f 1976/1417/1877 1965/1400/1877 1941/1372/1877 
f 1966/1402/1878 1977/1418/1878 1942/1371/1878 
f 1979/1420/1879 1964/1405/1879 1944/1375/1879 
f 1962/1404/1880 1980/1421/1880 1945/1380/1880 
f 1982/1423/1881 1958/1403/1881 1947/1384/1881 
f 1961/1408/1882 1983/1424/1882 1948/1383/1882 
f 1985/1426/1883 1960/1409/1883 1950/1387/1883 
f 1955/1398/1884 1986/1427/1884 1951/1392/1884 
# 251 polygons - 34 triangles

#
# object delivery_truck_wheel003
#

v  14.4788 26.9615 -161.5191
v  22.5697 26.9615 -161.5191
v  22.5697 39.3001 -159.3434
v  14.4788 39.3001 -159.3435
v  14.4788 16.1111 -167.7836
v  22.5697 16.1111 -167.7836
v  14.4788 8.0576 -177.3813
v  22.5697 8.0576 -177.3813
v  14.4788 3.7724 -189.1547
v  22.5697 3.7725 -189.1547
v  14.4788 3.7724 -201.6836
v  22.5697 3.7725 -201.6836
v  14.4788 8.0576 -213.4570
v  22.5697 8.0576 -213.4570
v  14.4788 16.1111 -223.0547
v  22.5697 16.1111 -223.0547
v  14.4788 26.9615 -229.3192
v  22.5697 26.9615 -229.3192
v  14.4788 39.3001 -231.4948
v  22.5697 39.3001 -231.4948
v  14.4788 51.6387 -229.3192
v  22.5697 51.6387 -229.3192
v  14.4788 62.4891 -223.0547
v  22.5697 62.4891 -223.0547
v  14.4788 70.5425 -213.4570
v  22.5697 70.5425 -213.4570
v  14.4788 74.8277 -201.6836
v  22.5697 74.8277 -201.6836
v  14.4788 74.8277 -189.1547
v  22.5697 74.8277 -189.1547
v  14.4788 70.5426 -177.3813
v  22.5697 70.5426 -177.3813
v  14.4788 62.4891 -167.7836
v  22.5697 62.4891 -167.7836
v  14.4788 51.6387 -161.5191
v  22.5697 51.6387 -161.5191
v  11.2777 28.0732 -164.5735
v  11.2777 39.3001 -162.5939
v  11.2777 18.2004 -170.2735
v  11.2777 10.8726 -179.0065
v  11.2777 6.9735 -189.7191
v  11.2777 6.9735 -201.1192
v  11.2777 10.8726 -211.8318
v  11.2777 18.2004 -220.5647
v  11.2777 28.0732 -226.2648
v  11.2777 39.3001 -228.2444
v  11.2777 50.5270 -226.2648
v  11.2777 60.3997 -220.5647
v  11.2777 67.7276 -211.8318
v  11.2777 71.6266 -201.1192
v  11.2777 71.6266 -189.7191
v  11.2777 67.7276 -179.0066
v  11.2777 60.3997 -170.2736
v  11.2777 50.5270 -164.5735
v  10.4287 39.3001 -168.1227
v  10.4287 29.9641 -169.7688
v  10.4287 48.6361 -169.7688
v  10.4287 56.8459 -174.5088
v  10.4287 62.9396 -181.7709
v  10.4287 66.1819 -190.6792
v  10.4287 66.1819 -200.1591
v  10.4287 62.9395 -209.0674
v  10.4287 56.8459 -216.3295
v  10.4287 48.6360 -221.0694
v  10.4287 39.3001 -222.7156
v  10.4287 29.9641 -221.0694
v  10.4287 21.7542 -216.3295
v  10.4287 15.6606 -209.0674
v  10.4287 12.4183 -200.1591
v  10.4287 12.4183 -190.6792
v  10.4287 15.6606 -181.7709
v  10.4287 21.7542 -174.5088
v  13.0969 39.3001 -171.9868
v  13.0969 31.2858 -173.4000
v  13.0969 47.3144 -173.4000
v  13.0969 54.3621 -177.4689
v  13.0969 59.5931 -183.7030
v  13.0969 62.3764 -191.3502
v  13.0969 62.3764 -199.4881
v  13.0969 59.5931 -207.1353
v  13.0969 54.3621 -213.3693
v  13.0969 47.3144 -217.4383
v  13.0969 39.3001 -218.8515
v  13.0969 31.2858 -217.4383
v  13.0969 24.2381 -213.3693
v  13.0969 19.0071 -207.1353
v  13.0969 16.2237 -199.4881
v  13.0969 16.2237 -191.3502
v  13.0969 19.0071 -183.7030
v  13.0969 24.2381 -177.4689
v  13.0969 39.3001 -175.2887
v  13.0969 32.4151 -176.5028
v  13.0969 52.2397 -179.9984
v  13.0969 46.1851 -176.5028
v  13.0969 59.1247 -191.9235
v  13.0969 56.7335 -185.3539
v  13.0969 56.7335 -205.4843
v  13.0969 59.1247 -198.9148
v  13.0969 46.1851 -214.3355
v  13.0969 52.2397 -210.8399
v  13.0969 32.4151 -214.3355
v  13.0969 39.3001 -215.5496
v  13.0969 21.8666 -205.4843
v  13.0969 26.3605 -210.8399
v  13.0969 19.4755 -191.9235
v  13.0969 19.4755 -198.9148
v  13.0969 26.3605 -179.9983
v  13.0969 21.8666 -185.3539
v  13.8735 41.8412 -188.4375
v  13.8735 44.0758 -189.7277
v  13.8735 45.7344 -191.7043
v  13.8735 36.7590 -188.4375
v  13.8735 32.8658 -191.7043
v  13.8735 44.0758 -201.1106
v  13.8735 46.6169 -196.7093
v  13.8735 46.6169 -194.1290
v  13.8735 45.7344 -199.1340
v  13.8735 34.5244 -201.1106
v  13.8735 39.3001 -202.8489
v  13.8735 41.8412 -202.4008
v  13.8735 36.7590 -202.4008
v  13.8735 31.9832 -196.7093
v  13.8735 32.8658 -199.1340
v  13.8735 31.9832 -194.1290
v  13.8735 34.5244 -189.7277
v  13.8735 39.3001 -187.9895
v  18.4343 39.3001 -183.1967
v  18.4343 43.4804 -183.9338
v  18.4343 47.1565 -186.0562
v  18.4343 49.8851 -189.3079
v  18.4343 51.3369 -193.2967
v  18.4343 51.3369 -197.5416
v  18.4343 49.8850 -201.5304
v  18.4343 47.1565 -204.7821
v  18.4343 43.4804 -206.9045
v  18.4343 39.3001 -207.6416
v  18.4343 35.1197 -206.9045
v  18.4343 31.4436 -204.7821
v  18.4343 28.7151 -201.5304
v  18.4343 27.2633 -197.5416
v  18.4343 27.2633 -193.2967
v  18.4343 28.7151 -189.3079
v  18.4343 31.4436 -186.0562
v  18.4343 35.1197 -183.9338
v  30.6606 26.9615 -161.5191
v  30.6606 39.3001 -159.3435
v  30.6606 16.1111 -167.7836
v  30.6606 8.0576 -177.3813
v  30.6606 3.7724 -189.1547
v  30.6606 3.7724 -201.6836
v  30.6606 8.0576 -213.4570
v  30.6606 16.1111 -223.0547
v  30.6606 26.9615 -229.3192
v  30.6606 39.3001 -231.4948
v  30.6606 51.6387 -229.3192
v  30.6606 62.4891 -223.0547
v  30.6606 70.5425 -213.4570
v  30.6606 74.8277 -201.6836
v  30.6606 74.8277 -189.1547
v  30.6606 70.5426 -177.3813
v  30.6606 62.4891 -167.7836
v  30.6606 51.6387 -161.5191
v  33.8616 28.0732 -164.5735
v  33.8616 39.3001 -162.5939
v  33.8616 18.2004 -170.2735
v  33.8616 10.8726 -179.0065
v  33.8616 6.9735 -189.7191
v  33.8616 6.9735 -201.1192
v  33.8616 10.8726 -211.8318
v  33.8616 18.2004 -220.5647
v  33.8616 28.0732 -226.2648
v  33.8616 39.3001 -228.2444
v  33.8616 50.5270 -226.2648
v  33.8616 60.3997 -220.5647
v  33.8616 67.7276 -211.8318
v  33.8616 71.6266 -201.1192
v  33.8616 71.6266 -189.7191
v  33.8616 67.7276 -179.0066
v  33.8616 60.3997 -170.2736
v  33.8616 50.5270 -164.5735
v  34.7106 29.9641 -169.7688
v  34.7106 39.3001 -168.1227
v  34.7106 48.6361 -169.7688
v  34.7106 56.8459 -174.5088
v  34.7106 62.9396 -181.7709
v  34.7106 66.1819 -190.6792
v  34.7106 66.1819 -200.1591
v  34.7106 62.9395 -209.0674
v  34.7106 56.8459 -216.3295
v  34.7106 48.6360 -221.0694
v  34.7106 39.3001 -222.7156
v  34.7106 29.9641 -221.0694
v  34.7106 21.7542 -216.3295
v  34.7106 15.6606 -209.0674
v  34.7106 12.4183 -200.1591
v  34.7106 12.4183 -190.6792
v  34.7106 15.6606 -181.7709
v  34.7106 21.7542 -174.5088
v  32.0424 39.3001 -171.9868
v  32.0424 31.2858 -173.4000
v  32.0424 47.3144 -173.4000
v  32.0424 54.3621 -177.4689
v  32.0424 59.5931 -183.7030
v  32.0424 62.3764 -191.3502
v  32.0424 62.3764 -199.4881
v  32.0424 59.5931 -207.1353
v  32.0424 54.3621 -213.3693
v  32.0424 47.3144 -217.4383
v  32.0424 39.3001 -218.8515
v  32.0424 31.2858 -217.4383
v  32.0424 24.2381 -213.3693
v  32.0424 19.0071 -207.1353
v  32.0424 16.2237 -199.4881
v  32.0424 16.2237 -191.3502
v  32.0424 19.0071 -183.7030
v  32.0424 24.2381 -177.4689
v  32.0424 32.4151 -176.5028
v  32.0424 39.3001 -175.2887
v  32.0424 46.1851 -176.5028
v  32.0424 52.2397 -179.9984
v  32.0424 56.7335 -185.3539
v  32.0424 59.1247 -191.9235
v  32.0424 59.1247 -198.9148
v  32.0424 56.7335 -205.4843
v  32.0424 52.2397 -210.8399
v  32.0424 46.1851 -214.3355
v  32.0424 39.3001 -215.5496
v  32.0424 32.4151 -214.3355
v  32.0424 26.3605 -210.8399
v  32.0424 21.8666 -205.4843
v  32.0424 19.4755 -198.9148
v  32.0424 19.4755 -191.9235
v  32.0424 21.8666 -185.3539
v  32.0424 26.3605 -179.9983
v  31.2658 36.7590 -188.4375
v  31.2658 34.5244 -189.7277
v  31.2658 32.8658 -191.7043
v  31.2658 45.7344 -191.7043
v  31.2658 44.0758 -201.1106
v  31.2658 34.5244 -201.1106
v  31.2658 31.9832 -196.7093
v  31.2658 31.9832 -194.1290
v  31.2658 32.8658 -199.1340
v  31.2658 39.3001 -202.8489
v  31.2658 36.7590 -202.4008
v  31.2658 41.8412 -202.4008
v  31.2658 46.6169 -196.7093
v  31.2658 45.7344 -199.1340
v  31.2658 46.6169 -194.1290
v  31.2658 41.8412 -188.4375
v  31.2658 44.0758 -189.7277
v  31.2658 39.3001 -187.9895
v  26.7050 39.3001 -183.1967
v  26.7050 43.4804 -183.9338
v  26.7050 47.1565 -186.0562
v  26.7050 49.8851 -189.3079
v  26.7050 51.3369 -193.2967
v  26.7050 51.3369 -197.5416
v  26.7050 49.8850 -201.5304
v  26.7050 47.1565 -204.7821
v  26.7050 43.4804 -206.9045
v  26.7050 39.3001 -207.6416
v  26.7050 35.1197 -206.9045
v  26.7050 31.4436 -204.7821
v  26.7050 28.7151 -201.5304
v  26.7050 27.2633 -197.5416
v  26.7050 27.2633 -193.2967
v  26.7050 28.7151 -189.3079
v  26.7050 31.4436 -186.0562
v  26.7050 35.1197 -183.9338
# 270 vertices

vn -0.0000 -0.3420 0.9397
vn -0.0000 0.0000 1.0000
vn 0.0000 -0.6428 0.7660
vn 0.0000 -0.8660 0.5000
vn 0.0000 -0.9848 0.1736
vn 0.0000 -0.9848 -0.1736
vn 0.0000 -0.8660 -0.5000
vn 0.0000 -0.6428 -0.7660
vn 0.0000 -0.3420 -0.9397
vn 0.0000 0.0000 -1.0000
vn 0.0000 -0.0000 -1.0000
vn -0.0000 0.3420 -0.9397
vn -0.0000 0.6428 -0.7660
vn -0.0000 0.8660 -0.5000
vn -0.0000 0.9848 -0.1736
vn 0.0000 0.9848 -0.1736
vn 0.0000 0.9848 0.1736
vn -0.0000 0.9848 0.1736
vn -0.0000 0.8660 0.5000
vn -0.0000 0.6428 0.7660
vn 0.0000 0.6428 0.7660
vn 0.0000 0.3420 0.9397
vn -0.7125 -0.2400 0.6594
vn -0.7125 -0.0000 0.7017
vn -0.7125 -0.4510 0.5375
vn -0.7125 -0.6077 0.3508
vn -0.7125 -0.6910 0.1218
vn -0.7125 -0.6910 -0.1218
vn -0.7125 -0.6077 -0.3508
vn -0.7125 -0.4510 -0.5375
vn -0.7125 -0.2400 -0.6594
vn -0.7125 -0.0000 -0.7017
vn -0.7125 0.2400 -0.6594
vn -0.7125 0.4510 -0.5375
vn -0.7125 0.6077 -0.3508
vn -0.7125 0.6910 -0.1218
vn -0.7125 0.6910 0.1218
vn -0.7125 0.6077 0.3508
vn -0.7125 0.4510 0.5375
vn -0.7125 0.2400 0.6594
vn -0.9884 -0.0000 0.1518
vn -0.9884 0.0000 0.1518
vn -0.9884 -0.0519 0.1426
vn -0.9884 0.0519 0.1426
vn -0.9884 0.0976 0.1163
vn -0.9884 0.1314 0.0759
vn -0.9884 0.1495 0.0264
vn -0.9884 0.1495 -0.0264
vn -0.9884 0.1314 -0.0759
vn -0.9884 0.0976 -0.1163
vn -0.9884 0.0519 -0.1426
vn -0.9884 0.0000 -0.1518
vn -0.9884 -0.0519 -0.1426
vn -0.9884 -0.0976 -0.1163
vn -0.9884 -0.1314 -0.0759
vn -0.9884 -0.1495 -0.0264
vn -0.9884 -0.1495 0.0264
vn -0.9884 -0.1314 0.0759
vn -0.9884 -0.0976 0.1163
vn -0.8229 -0.0000 -0.5682
vn -0.8229 0.1943 -0.5339
vn -0.8229 -0.1943 -0.5339
vn -0.8229 -0.3652 -0.4353
vn -0.8229 -0.4921 -0.2841
vn -0.8229 -0.5596 -0.0987
vn -0.8229 -0.5596 0.0987
vn -0.8229 -0.4921 0.2841
vn -0.8229 -0.3652 0.4353
vn -0.8229 -0.1943 0.5339
vn -0.8229 0.0000 0.5682
vn -0.8229 0.1943 0.5339
vn -0.8229 0.3652 0.4353
vn -0.8229 0.4921 0.2841
vn -0.8229 0.5596 0.0987
vn -0.8229 0.5596 -0.0987
vn -0.8229 0.4921 -0.2841
vn -0.8229 0.3652 -0.4353
vn -1.0000 0.0000 -0.0000
vn -0.9998 0.0031 -0.0174
vn -1.0000 -0.0000 0.0000
vn -0.9998 -0.0136 -0.0114
vn -1.0000 0.0000 0.0000
vn -0.9998 -0.0166 0.0061
vn -0.9998 -0.0031 0.0174
vn -1.0000 -0.0000 -0.0000
vn -0.9998 0.0136 0.0114
vn -0.9998 0.0166 -0.0061
vn -0.9997 -0.0183 -0.0153
vn -0.9997 0.0041 -0.0235
vn -0.9997 0.0224 -0.0082
vn -0.9997 -0.0224 0.0082
vn -0.9997 0.0183 0.0153
vn -0.9997 -0.0041 0.0235
vn -0.7191 0.1207 0.6843
vn -0.7244 0.2358 0.6478
vn -0.7191 0.3474 0.6018
vn -0.7191 0.6530 0.2377
vn -0.7244 0.6789 0.1197
vn -0.7191 0.6949 -0.0000
vn -0.7191 0.5323 -0.4467
vn -0.7244 0.4431 -0.5281
vn -0.7191 0.3474 -0.6018
vn -0.7191 -0.1207 -0.6843
vn -0.7244 -0.2358 -0.6478
vn -0.7191 -0.3474 -0.6018
vn -0.7191 -0.6530 -0.2377
vn -0.7244 -0.6789 -0.1197
vn -0.7191 -0.6949 -0.0000
vn -0.7191 -0.5323 0.4467
vn -0.7244 -0.4431 0.5281
vn -0.7191 -0.3474 0.6018
vn -0.8249 -0.2827 -0.4896
vn -0.8289 -0.1913 -0.5257
vn -0.8289 -0.5509 -0.0971
vn -0.8249 -0.5312 -0.1934
vn -0.8249 -0.2827 0.4896
vn -0.8289 -0.3596 0.4286
vn -0.8289 0.1913 0.5257
vn -0.8249 0.0982 0.5567
vn -0.8249 0.5653 -0.0000
vn -0.8289 0.5509 0.0971
vn -0.8289 0.3596 -0.4286
vn -0.8249 0.4331 -0.3634
vn -0.8249 -0.0982 -0.5567
vn -0.8249 -0.5653 0.0000
vn -0.8249 -0.4331 0.3634
vn -0.8249 0.2827 0.4896
vn -0.8249 0.5312 0.1934
vn -0.8249 0.2827 -0.4896
vn 0.0000 -0.9397 -0.3420
vn -0.0000 1.0000 0.0000
vn 0.0000 -0.7660 0.6428
vn 0.0000 0.5000 -0.8660
vn -0.0000 0.1736 0.9848
vn -0.0000 -0.5000 -0.8660
vn -0.0000 0.9397 0.3420
vn 0.0000 -1.0000 0.0000
vn 0.0000 0.7660 -0.6428
vn 0.0000 -0.5000 0.8660
vn -0.0000 -0.1737 -0.9848
vn -0.0000 0.5000 0.8660
vn 0.0000 -0.3420 0.9397
vn 0.0000 0.0000 1.0000
vn -0.0000 -0.6428 0.7660
vn -0.0000 -0.8660 0.5000
vn -0.0000 -0.9848 0.1736
vn -0.0000 -0.9848 -0.1736
vn -0.0000 -0.8660 -0.5000
vn -0.0000 -0.6428 -0.7660
vn -0.0000 -0.3420 -0.9397
vn -0.0000 0.0000 -1.0000
vn 0.0000 0.3420 -0.9397
vn 0.0000 0.6428 -0.7660
vn 0.0000 0.8660 -0.5000
vn 0.0000 0.8660 0.5000
vn 0.7125 -0.2400 0.6594
vn 0.7125 -0.0000 0.7017
vn 0.7125 -0.4510 0.5375
vn 0.7125 -0.6077 0.3508
vn 0.7125 -0.6910 0.1218
vn 0.7125 -0.6910 -0.1218
vn 0.7125 -0.6077 -0.3508
vn 0.7125 -0.4510 -0.5375
vn 0.7125 -0.2400 -0.6594
vn 0.7125 -0.0000 -0.7017
vn 0.7125 0.2400 -0.6594
vn 0.7125 0.4510 -0.5375
vn 0.7125 0.6077 -0.3508
vn 0.7125 0.6910 -0.1218
vn 0.7125 0.6910 0.1218
vn 0.7125 0.6077 0.3508
vn 0.7125 0.4510 0.5375
vn 0.7125 0.2400 0.6594
vn 0.9884 -0.0000 0.1518
vn 0.9884 -0.0519 0.1426
vn 0.9884 0.0000 0.1518
vn 0.9884 0.0519 0.1426
vn 0.9884 0.0976 0.1163
vn 0.9884 0.1314 0.0759
vn 0.9884 0.1495 0.0264
vn 0.9884 0.1495 -0.0264
vn 0.9884 0.1314 -0.0759
vn 0.9884 0.0976 -0.1163
vn 0.9884 0.0519 -0.1426
vn 0.9884 0.0000 -0.1518
vn 0.9884 -0.0519 -0.1426
vn 0.9884 -0.0976 -0.1163
vn 0.9884 -0.1314 -0.0759
vn 0.9884 -0.1495 -0.0264
vn 0.9884 -0.1495 0.0264
vn 0.9884 -0.1314 0.0759
vn 0.9884 -0.0976 0.1163
vn 0.8229 -0.0000 -0.5682
vn 0.8229 0.1943 -0.5339
vn 0.8229 -0.1943 -0.5339
vn 0.8229 -0.3652 -0.4353
vn 0.8229 -0.4921 -0.2841
vn 0.8229 -0.5596 -0.0987
vn 0.8229 -0.5596 0.0987
vn 0.8229 -0.4921 0.2841
vn 0.8229 -0.3652 0.4353
vn 0.8229 -0.1943 0.5339
vn 0.8229 0.0000 0.5682
vn 0.8229 0.1943 0.5339
vn 0.8229 0.3652 0.4353
vn 0.8229 0.4921 0.2841
vn 0.8229 0.5596 0.0987
vn 0.8229 0.5596 -0.0987
vn 0.8229 0.4921 -0.2841
vn 0.8229 0.3652 -0.4353
vn 1.0000 0.0000 -0.0000
vn 1.0000 -0.0000 0.0000
vn 0.9998 0.0031 -0.0174
vn 0.9998 -0.0136 -0.0114
vn 1.0000 0.0000 0.0000
vn 0.9998 -0.0166 0.0061
vn 0.9998 -0.0031 0.0174
vn 1.0000 -0.0000 -0.0000
vn 0.9998 0.0136 0.0114
vn 0.9998 0.0166 -0.0061
vn 0.9997 0.0041 -0.0235
vn 0.9997 0.0224 -0.0082
vn 0.9997 -0.0183 -0.0153
vn 0.9997 0.0183 0.0153
vn 0.9997 -0.0041 0.0235
vn 0.9997 -0.0224 0.0082
vn 0.7191 0.1207 0.6843
vn 0.7244 0.2358 0.6478
vn 0.7191 0.3474 0.6018
vn 0.7191 0.6530 0.2377
vn 0.7244 0.6789 0.1197
vn 0.7191 0.6949 -0.0000
vn 0.7191 0.5323 -0.4467
vn 0.7244 0.4431 -0.5281
vn 0.7191 0.3474 -0.6018
vn 0.7191 -0.1207 -0.6843
vn 0.7244 -0.2358 -0.6478
vn 0.7191 -0.3474 -0.6018
vn 0.7191 -0.6530 -0.2377
vn 0.7244 -0.6789 -0.1197
vn 0.7191 -0.6949 -0.0000
vn 0.7191 -0.5323 0.4467
vn 0.7244 -0.4431 0.5281
vn 0.7191 -0.3474 0.6018
vn 0.8249 -0.2827 -0.4896
vn 0.8289 -0.1913 -0.5257
vn 0.8289 -0.5509 -0.0971
vn 0.8249 -0.5312 -0.1934
vn 0.8249 -0.2827 0.4896
vn 0.8289 -0.3596 0.4286
vn 0.8289 0.1913 0.5257
vn 0.8249 0.0982 0.5567
vn 0.8249 0.5653 -0.0000
vn 0.8289 0.5509 0.0971
vn 0.8289 0.3596 -0.4286
vn 0.8249 0.4331 -0.3634
vn 0.8249 -0.0982 -0.5567
vn 0.8249 -0.5653 0.0000
vn 0.8249 -0.4331 0.3634
vn 0.8249 0.2827 0.4896
vn 0.8249 0.5312 0.1934
vn 0.8249 0.2827 -0.4896
vn -0.0000 -0.9397 -0.3420
vn 0.0000 1.0000 0.0000
vn -0.0000 -0.7660 0.6428
vn -0.0000 0.5000 -0.8660
vn 0.0000 0.1736 0.9848
vn 0.0000 -0.5000 -0.8660
vn 0.0000 0.9397 0.3420
vn -0.0000 -1.0000 0.0000
vn -0.0000 0.7660 -0.6428
vn -0.0000 -0.5000 0.8660
vn 0.0000 -0.1737 -0.9848
vn 0.0000 0.5000 0.8660
# 274 vertex normals

vt 0.9738 0.3507 0.0000
vt 0.9840 0.3507 0.0000
vt 0.9840 0.3638 0.0000
vt 0.9738 0.3638 0.0000
vt 0.9738 0.3376 0.0000
vt 0.9840 0.3376 0.0000
vt 0.9738 0.3245 0.0000
vt 0.9840 0.3245 0.0000
vt 0.9738 0.3113 0.0000
vt 0.9840 0.3113 0.0000
vt 0.9738 0.2982 0.0000
vt 0.9840 0.2982 0.0000
vt 0.9738 0.2851 0.0000
vt 0.9840 0.2851 0.0000
vt 0.9738 0.2720 0.0000
vt 0.9840 0.2720 0.0000
vt 0.9738 0.2588 0.0000
vt 0.9840 0.2588 0.0000
vt 0.9738 0.2457 0.0000
vt 0.9840 0.2457 0.0000
vt 0.9738 0.2326 0.0000
vt 0.9840 0.2326 0.0000
vt 0.9738 0.2195 0.0000
vt 0.9840 0.2195 0.0000
vt 0.9738 0.2063 0.0000
vt 0.9840 0.2063 0.0000
vt 0.9738 0.1932 0.0000
vt 0.9840 0.1932 0.0000
vt 0.9738 0.1801 0.0000
vt 0.9840 0.1801 0.0000
vt 0.9738 0.1670 0.0000
vt 0.9840 0.1670 0.0000
vt 0.9738 0.1538 0.0000
vt 0.9840 0.1538 0.0000
vt 0.9738 0.3770 0.0000
vt 0.9840 0.3770 0.0000
vt 0.9840 0.3901 0.0000
vt 0.9738 0.3901 0.0000
vt 0.9680 0.3495 0.0000
vt 0.9680 0.3626 0.0000
vt 0.9680 0.3365 0.0000
vt 0.9680 0.3235 0.0000
vt 0.9680 0.3104 0.0000
vt 0.9680 0.2974 0.0000
vt 0.9680 0.2843 0.0000
vt 0.9680 0.2713 0.0000
vt 0.9680 0.2582 0.0000
vt 0.9680 0.2452 0.0000
vt 0.9680 0.2321 0.0000
vt 0.9680 0.2191 0.0000
vt 0.9680 0.2060 0.0000
vt 0.9680 0.1930 0.0000
vt 0.9680 0.1799 0.0000
vt 0.9680 0.1669 0.0000
vt 0.9680 0.1538 0.0000
vt 0.9680 0.3756 0.0000
vt 0.9680 0.3901 0.0000
vt 0.9610 0.3626 0.0000
vt 0.9610 0.3495 0.0000
vt 0.9610 0.3756 0.0000
vt 0.9610 0.3901 0.0000
vt 0.9610 0.1669 0.0000
vt 0.9610 0.1538 0.0000
vt 0.9610 0.1799 0.0000
vt 0.9610 0.1930 0.0000
vt 0.9610 0.2060 0.0000
vt 0.9610 0.2191 0.0000
vt 0.9610 0.2321 0.0000
vt 0.9610 0.2452 0.0000
vt 0.9610 0.2582 0.0000
vt 0.9610 0.2713 0.0000
vt 0.9610 0.2843 0.0000
vt 0.9610 0.2974 0.0000
vt 0.9610 0.3104 0.0000
vt 0.9610 0.3235 0.0000
vt 0.9610 0.3365 0.0000
vt 0.9551 0.3638 0.0000
vt 0.9551 0.3507 0.0000
vt 0.9551 0.3770 0.0000
vt 0.9551 0.3901 0.0000
vt 0.9551 0.1670 0.0000
vt 0.9551 0.1538 0.0000
vt 0.9551 0.1801 0.0000
vt 0.9551 0.1932 0.0000
vt 0.9551 0.2063 0.0000
vt 0.9551 0.2195 0.0000
vt 0.9551 0.2326 0.0000
vt 0.9551 0.2457 0.0000
vt 0.9551 0.2588 0.0000
vt 0.9551 0.2720 0.0000
vt 0.9551 0.2851 0.0000
vt 0.9551 0.2982 0.0000
vt 0.9551 0.3113 0.0000
vt 0.9551 0.3245 0.0000
vt 0.9551 0.3376 0.0000
vt 0.9976 0.0909 0.0000
vt 0.9932 0.0910 0.0000
vt 0.9916 0.0812 0.0000
vt 0.9957 0.0798 0.0000
vt 0.9897 0.1119 0.0000
vt 0.9865 0.1090 0.0000
vt 0.9927 0.1011 0.0000
vt 0.9965 0.1025 0.0000
vt 0.9705 0.1239 0.0000
vt 0.9698 0.1199 0.0000
vt 0.9788 0.1153 0.0000
vt 0.9810 0.1191 0.0000
vt 0.9484 0.1188 0.0000
vt 0.9505 0.1150 0.0000
vt 0.9598 0.1185 0.0000
vt 0.9590 0.1228 0.0000
vt 0.9341 0.1016 0.0000
vt 0.9383 0.1002 0.0000
vt 0.9421 0.1095 0.0000
vt 0.9389 0.1121 0.0000
vt 0.9334 0.0789 0.0000
vt 0.9372 0.0803 0.0000
vt 0.9366 0.0904 0.0000
vt 0.9323 0.0904 0.0000
vt 0.9488 0.0623 0.0000
vt 0.9511 0.0660 0.0000
vt 0.9434 0.0724 0.0000
vt 0.9401 0.0695 0.0000
vt 0.9709 0.0586 0.0000
vt 0.9700 0.0629 0.0000
vt 0.9600 0.0614 0.0000
vt 0.9594 0.0574 0.0000
vt 0.9909 0.0692 0.0000
vt 0.9878 0.0718 0.0000
vt 0.9793 0.0663 0.0000
vt 0.9815 0.0625 0.0000
vt 0.9735 0.0939 0.0000
vt 0.9724 0.0981 0.0000
vt 0.9708 0.0994 0.0000
vt 0.9750 0.0879 0.0000
vt 0.9696 0.0813 0.0000
vt 0.9579 0.0965 0.0000
vt 0.9623 0.1008 0.0000
vt 0.9664 0.0997 0.0000
vt 0.9603 0.1001 0.0000
vt 0.9575 0.0833 0.0000
vt 0.9545 0.0914 0.0000
vt 0.9548 0.0934 0.0000
vt 0.9563 0.0875 0.0000
vt 0.9634 0.0816 0.0000
vt 0.9591 0.0820 0.0000
vt 0.9676 0.0805 0.0000
vt 0.9720 0.0848 0.0000
vt 0.9754 0.0900 0.0000
vt 0.9819 0.0935 0.0000
vt 0.9813 0.0968 0.0000
vt 0.9796 0.0997 0.0000
vt 0.9710 0.1068 0.0000
vt 0.9678 0.1079 0.0000
vt 0.9645 0.1079 0.0000
vt 0.9540 0.1040 0.0000
vt 0.9515 0.1018 0.0000
vt 0.9498 0.0989 0.0000
vt 0.9480 0.0879 0.0000
vt 0.9486 0.0846 0.0000
vt 0.9503 0.0817 0.0000
vt 0.9589 0.0746 0.0000
vt 0.9621 0.0735 0.0000
vt 0.9654 0.0735 0.0000
vt 0.9759 0.0774 0.0000
vt 0.9784 0.0796 0.0000
vt 0.9800 0.0825 0.0000
# 167 texture coords

g delivery_truck_wheel003
usemtl 07___Default
s off
f 1989/1430/1885 1990/1431/1885 1991/1432/1886 1992/1433/1886 
f 1993/1434/1887 1994/1435/1887 1990/1431/1885 1989/1430/1885 
f 1995/1436/1888 1996/1437/1888 1994/1435/1887 1993/1434/1887 
f 1997/1438/1889 1998/1439/1889 1996/1437/1888 1995/1436/1888 
f 1999/1440/1890 2000/1441/1890 1998/1439/1889 1997/1438/1889 
f 2001/1442/1891 2002/1443/1891 2000/1441/1890 1999/1440/1890 
f 2003/1444/1892 2004/1445/1892 2002/1443/1891 2001/1442/1891 
f 2005/1446/1893 2006/1447/1893 2004/1445/1892 2003/1444/1892 
f 2007/1448/1894 2008/1449/1895 2006/1447/1893 2005/1446/1893 
f 2009/1450/1896 2010/1451/1896 2008/1449/1895 2007/1448/1894 
f 2011/1452/1897 2012/1453/1897 2010/1451/1896 2009/1450/1896 
f 2013/1454/1898 2014/1455/1898 2012/1453/1897 2011/1452/1897 
f 2015/1456/1899 2016/1457/1900 2014/1455/1898 2013/1454/1898 
f 2017/1458/1901 2018/1459/1902 2016/1457/1900 2015/1456/1899 
f 2019/1460/1903 2020/1461/1903 2018/1459/1902 2017/1458/1901 
f 2021/1462/1904 2022/1463/1905 2020/1461/1903 2019/1460/1903 
f 2023/1464/1906 2024/1465/1906 2022/1466/1905 2021/1467/1904 
f 1992/1433/1886 1991/1432/1886 2024/1465/1906 2023/1464/1906 
f 2025/1468/1907 1989/1430/1907 1992/1433/1908 2026/1469/1908 
f 2027/1470/1909 1993/1434/1909 1989/1430/1907 2025/1468/1907 
f 2028/1471/1910 1995/1436/1910 1993/1434/1909 2027/1470/1909 
f 2029/1472/1911 1997/1438/1911 1995/1436/1910 2028/1471/1910 
f 2030/1473/1912 1999/1440/1912 1997/1438/1911 2029/1472/1911 
f 2031/1474/1913 2001/1442/1913 1999/1440/1912 2030/1473/1912 
f 2032/1475/1914 2003/1444/1914 2001/1442/1913 2031/1474/1913 
f 2033/1476/1915 2005/1446/1915 2003/1444/1914 2032/1475/1914 
f 2034/1477/1916 2007/1448/1916 2005/1446/1915 2033/1476/1915 
f 2035/1478/1917 2009/1450/1917 2007/1448/1916 2034/1477/1916 
f 2036/1479/1918 2011/1452/1918 2009/1450/1917 2035/1478/1917 
f 2037/1480/1919 2013/1454/1919 2011/1452/1918 2036/1479/1918 
f 2038/1481/1920 2015/1456/1920 2013/1454/1919 2037/1480/1919 
f 2039/1482/1921 2017/1458/1921 2015/1456/1920 2038/1481/1920 
f 2040/1483/1922 2019/1460/1922 2017/1458/1921 2039/1482/1921 
f 2041/1484/1923 2021/1462/1923 2019/1460/1922 2040/1483/1922 
f 2042/1485/1924 2023/1464/1924 2021/1467/1923 2041/1486/1923 
f 2026/1469/1908 1992/1433/1908 2023/1464/1924 2042/1485/1924 
f 2026/1469/1925 2043/1487/1926 2044/1488/1927 2025/1468/1927 
f 2042/1485/1928 2045/1489/1928 2043/1487/1926 2026/1469/1925 
f 2041/1486/1929 2046/1490/1929 2045/1489/1928 2042/1485/1928 
f 2040/1483/1930 2047/1491/1930 2046/1492/1929 2041/1484/1929 
f 2039/1482/1931 2048/1493/1931 2047/1491/1930 2040/1483/1930 
f 2038/1481/1932 2049/1494/1932 2048/1493/1931 2039/1482/1931 
f 2037/1480/1933 2050/1495/1933 2049/1494/1932 2038/1481/1932 
f 2036/1479/1934 2051/1496/1934 2050/1495/1933 2037/1480/1933 
f 2035/1478/1935 2052/1497/1935 2051/1496/1934 2036/1479/1934 
f 2034/1477/1936 2053/1498/1936 2052/1497/1935 2035/1478/1935 
f 2033/1476/1937 2054/1499/1937 2053/1498/1936 2034/1477/1936 
f 2032/1475/1938 2055/1500/1938 2054/1499/1937 2033/1476/1937 
f 2031/1474/1939 2056/1501/1939 2055/1500/1938 2032/1475/1938 
f 2030/1473/1940 2057/1502/1940 2056/1501/1939 2031/1474/1939 
f 2029/1472/1941 2058/1503/1941 2057/1502/1940 2030/1473/1940 
f 2028/1471/1942 2059/1504/1942 2058/1503/1941 2029/1472/1941 
f 2027/1470/1943 2060/1505/1943 2059/1504/1942 2028/1471/1942 
f 2025/1468/1927 2044/1488/1927 2060/1505/1943 2027/1470/1943 
f 2061/1506/1944 2062/1507/1945 2044/1488/1945 2043/1487/1944 
f 2063/1508/1946 2061/1506/1944 2043/1487/1944 2045/1489/1946 
f 2064/1509/1947 2063/1508/1946 2045/1489/1946 2046/1490/1947 
f 2065/1510/1948 2064/1511/1947 2046/1492/1947 2047/1491/1948 
f 2066/1512/1949 2065/1510/1948 2047/1491/1948 2048/1493/1949 
f 2067/1513/1950 2066/1512/1949 2048/1493/1949 2049/1494/1950 
f 2068/1514/1951 2067/1513/1950 2049/1494/1950 2050/1495/1951 
f 2069/1515/1952 2068/1514/1951 2050/1495/1951 2051/1496/1952 
f 2070/1516/1953 2069/1515/1952 2051/1496/1952 2052/1497/1953 
f 2071/1517/1954 2070/1516/1953 2052/1497/1953 2053/1498/1954 
f 2072/1518/1955 2071/1517/1954 2053/1498/1954 2054/1499/1955 
f 2073/1519/1956 2072/1518/1955 2054/1499/1955 2055/1500/1956 
f 2074/1520/1957 2073/1519/1956 2055/1500/1956 2056/1501/1957 
f 2075/1521/1958 2074/1520/1957 2056/1501/1957 2057/1502/1958 
f 2076/1522/1959 2075/1521/1958 2057/1502/1958 2058/1503/1959 
f 2077/1523/1960 2076/1522/1959 2058/1503/1959 2059/1504/1960 
f 2078/1524/1961 2077/1523/1960 2059/1504/1960 2060/1505/1961 
f 2062/1507/1945 2078/1524/1961 2060/1505/1961 2044/1488/1945 
f 2061/1525/1962 2079/1526/1963 2080/1527/1963 2062/1528/1964 
f 2064/1529/1962 2081/1530/1965 2082/1531/1962 2063/1532/1962 
f 2066/1533/1966 2083/1534/1966 2084/1535/1965 2065/1536/1966 
f 2068/1537/1962 2085/1538/1967 2086/1539/1967 2067/1540/1962 
f 2070/1541/1962 2087/1542/1968 2088/1543/1962 2069/1544/1962 
f 2072/1545/1969 2089/1546/1969 2090/1547/1968 2071/1548/1962 
f 2074/1549/1969 2091/1550/1970 2092/1551/1970 2073/1552/1969 
f 2076/1553/1964 2093/1554/1971 2094/1555/1969 2075/1556/1969 
f 2078/1557/1964 2095/1558/1964 2096/1559/1971 2077/1560/1964 
f 2063/1532/1962 2082/1531/1962 2079/1526/1963 2061/1525/1962 
f 2065/1536/1966 2084/1535/1965 2081/1530/1965 2064/1529/1962 
f 2067/1540/1962 2086/1539/1967 2083/1534/1966 2066/1533/1966 
f 2069/1544/1962 2088/1543/1962 2085/1538/1967 2068/1537/1962 
f 2071/1548/1962 2090/1547/1968 2087/1542/1968 2070/1541/1962 
f 2073/1552/1969 2092/1551/1970 2089/1546/1969 2072/1545/1969 
f 2075/1556/1969 2094/1555/1969 2091/1550/1970 2074/1549/1969 
f 2077/1560/1964 2096/1559/1971 2093/1554/1971 2076/1553/1964 
f 2062/1528/1964 2080/1527/1963 2095/1558/1964 2078/1557/1964 
f 2097/1561/1962 2098/1562/1972 2099/1563/1972 2100/1564/1973 
f 2101/1565/1974 2100/1564/1973 2099/1563/1972 2102/1566/1962 
f 2103/1567/1975 2102/1566/1962 2099/1563/1972 2104/1568/1962 
f 2103/1567/1975 2105/1569/1975 2102/1566/1962 
f 2106/1570/1976 2101/1565/1974 2102/1566/1962 2107/1571/1977 
f 2102/1566/1962 2108/1572/1977 2107/1571/1977 
f 2107/1571/1977 2109/1573/1962 2106/1570/1976 
f 2110/1574/1962 2101/1565/1974 2106/1570/1976 2111/1575/1976 
f 2110/1574/1962 2112/1576/1974 2101/1565/1974 
f 2101/1565/1974 2113/1577/1962 2100/1564/1973 
f 2114/1578/1973 2097/1561/1962 2100/1564/1973 
f 2115/1579/1978 2116/1580/1979 2097/1561/1979 2114/1578/1978 
f 2116/1580/1979 2117/1581/1980 2098/1562/1980 2097/1561/1979 
f 2118/1582/1981 2119/1583/1982 2104/1568/1982 2099/1563/1981 
f 2119/1583/1982 2120/1584/1983 2103/1567/1983 2104/1568/1982 
f 2121/1585/1984 2122/1586/1985 2102/1566/1985 2105/1569/1984 
f 2122/1586/1985 2123/1587/1986 2108/1572/1986 2102/1566/1985 
f 2124/1588/1987 2125/1589/1988 2109/1573/1988 2107/1571/1987 
f 2125/1589/1988 2126/1590/1989 2106/1570/1989 2109/1573/1988 
f 2127/1591/1990 2128/1592/1991 2110/1574/1991 2111/1575/1990 
f 2128/1592/1991 2129/1593/1992 2112/1576/1992 2110/1574/1991 
f 2130/1594/1993 2131/1595/1994 2113/1577/1994 2101/1565/1993 
f 2131/1595/1994 2132/1596/1995 2100/1564/1995 2113/1577/1994 
f 2117/1581/1996 2116/1580/1997 2082/1531/1997 2081/1530/1996 
f 2119/1583/1998 2118/1582/1999 2084/1535/1999 2083/1534/1998 
f 2123/1587/2000 2122/1586/2001 2088/1543/2001 2087/1542/2000 
f 2125/1589/2002 2124/1588/2003 2090/1547/2003 2089/1546/2002 
f 2129/1593/2004 2128/1592/2005 2094/1555/2005 2093/1554/2004 
f 2131/1595/2006 2130/1594/2007 2096/1559/2007 2095/1558/2006 
f 2116/1580/1997 2115/1579/2008 2079/1526/2008 2082/1531/1997 
f 2120/1584/2009 2119/1583/1998 2083/1534/1998 2086/1539/2009 
f 2122/1586/2001 2121/1585/2010 2085/1538/2010 2088/1543/2001 
f 2126/1590/2011 2125/1589/2002 2089/1546/2002 2092/1551/2011 
f 2128/1592/2005 2127/1591/2012 2091/1550/2012 2094/1555/2005 
f 2132/1596/2013 2131/1595/2006 2095/1558/2006 2080/1527/2013 
f 2084/1535/1965 2099/1563/1972 2098/1562/1972 2081/1530/1965 
f 2079/1526/1963 2114/1578/1973 2100/1564/1973 2080/1527/1963 
f 2096/1559/1971 2101/1565/1974 2112/1576/1974 2093/1554/1971 
f 2090/1547/1968 2107/1571/1977 2108/1572/1977 2087/1542/1968 
f 2091/1550/1970 2111/1575/1976 2106/1570/1976 2092/1551/1970 
f 2085/1538/1967 2105/1569/1975 2103/1567/1975 2086/1539/1967 
f 2132/1596/2014 2080/1527/2014 2100/1564/2014 
f 2114/1578/2015 2079/1526/2015 2115/1579/2015 
f 2117/1581/2016 2081/1530/2016 2098/1562/2016 
f 2099/1563/2017 2084/1535/2017 2118/1582/2017 
f 2120/1584/2018 2086/1539/2018 2103/1567/2018 
f 2105/1569/2019 2085/1538/2019 2121/1585/2019 
f 2123/1587/2020 2087/1542/2020 2108/1572/2020 
f 2107/1571/2021 2090/1547/2021 2124/1588/2021 
f 2126/1590/2022 2092/1551/2022 2106/1570/2022 
f 2111/1575/2023 2091/1550/2023 2127/1591/2023 
f 2129/1593/2024 2093/1554/2024 2112/1576/2024 
f 2101/1565/2025 2096/1559/2025 2130/1594/2025 
f 2133/1430/2026 2134/1433/2027 1991/1432/1886 1990/1431/1885 
f 2135/1434/2028 2133/1430/2026 1990/1431/1885 1994/1435/1887 
f 2136/1436/2029 2135/1434/2028 1994/1435/1887 1996/1437/1888 
f 2137/1438/2030 2136/1436/2029 1996/1437/1888 1998/1439/1889 
f 2138/1440/2031 2137/1438/2030 1998/1439/1889 2000/1441/1890 
f 2139/1442/2032 2138/1440/2031 2000/1441/1890 2002/1443/1891 
f 2140/1444/2033 2139/1442/2032 2002/1443/1891 2004/1445/1892 
f 2141/1446/2034 2140/1444/2033 2004/1445/1892 2006/1447/1893 
f 2142/1448/2035 2141/1446/2034 2006/1447/1893 2008/1449/1895 
f 2143/1450/2036 2142/1448/2035 2008/1449/1895 2010/1451/1896 
f 2144/1452/2037 2143/1450/2036 2010/1451/1896 2012/1453/1897 
f 2145/1454/2038 2144/1452/2037 2012/1453/1897 2014/1455/1898 
f 2146/1456/1900 2145/1454/2038 2014/1455/1898 2016/1457/1900 
f 2147/1458/1901 2146/1456/1900 2016/1457/1900 2018/1459/1902 
f 2148/1460/2039 2147/1458/1901 2018/1459/1902 2020/1461/1903 
f 2149/1462/1905 2148/1460/2039 2020/1461/1903 2022/1463/1905 
f 2150/1464/1906 2149/1467/1905 2022/1466/1905 2024/1465/1906 
f 2134/1433/2027 2150/1464/1906 2024/1465/1906 1991/1432/1886 
f 2151/1468/2040 2152/1469/2041 2134/1433/2041 2133/1430/2040 
f 2153/1470/2042 2151/1468/2040 2133/1430/2040 2135/1434/2042 
f 2154/1471/2043 2153/1470/2042 2135/1434/2042 2136/1436/2043 
f 2155/1472/2044 2154/1471/2043 2136/1436/2043 2137/1438/2044 
f 2156/1473/2045 2155/1472/2044 2137/1438/2044 2138/1440/2045 
f 2157/1474/2046 2156/1473/2045 2138/1440/2045 2139/1442/2046 
f 2158/1475/2047 2157/1474/2046 2139/1442/2046 2140/1444/2047 
f 2159/1476/2048 2158/1475/2047 2140/1444/2047 2141/1446/2048 
f 2160/1477/2049 2159/1476/2048 2141/1446/2048 2142/1448/2049 
f 2161/1478/2050 2160/1477/2049 2142/1448/2049 2143/1450/2050 
f 2162/1479/2051 2161/1478/2050 2143/1450/2050 2144/1452/2051 
f 2163/1480/2052 2162/1479/2051 2144/1452/2051 2145/1454/2052 
f 2164/1481/2053 2163/1480/2052 2145/1454/2052 2146/1456/2053 
f 2165/1482/2054 2164/1481/2053 2146/1456/2053 2147/1458/2054 
f 2166/1483/2055 2165/1482/2054 2147/1458/2054 2148/1460/2055 
f 2167/1484/2056 2166/1483/2055 2148/1460/2055 2149/1462/2056 
f 2168/1485/2057 2167/1486/2056 2149/1467/2056 2150/1464/2057 
f 2152/1469/2041 2168/1485/2057 2150/1464/2057 2134/1433/2041 
f 2152/1469/2058 2151/1468/2059 2169/1488/2059 2170/1487/2060 
f 2168/1485/2061 2152/1469/2058 2170/1487/2060 2171/1489/2061 
f 2167/1486/2062 2168/1485/2061 2171/1489/2061 2172/1490/2062 
f 2166/1483/2063 2167/1484/2062 2172/1492/2062 2173/1491/2063 
f 2165/1482/2064 2166/1483/2063 2173/1491/2063 2174/1493/2064 
f 2164/1481/2065 2165/1482/2064 2174/1493/2064 2175/1494/2065 
f 2163/1480/2066 2164/1481/2065 2175/1494/2065 2176/1495/2066 
f 2162/1479/2067 2163/1480/2066 2176/1495/2066 2177/1496/2067 
f 2161/1478/2068 2162/1479/2067 2177/1496/2067 2178/1497/2068 
f 2160/1477/2069 2161/1478/2068 2178/1497/2068 2179/1498/2069 
f 2159/1476/2070 2160/1477/2069 2179/1498/2069 2180/1499/2070 
f 2158/1475/2071 2159/1476/2070 2180/1499/2070 2181/1500/2071 
f 2157/1474/2072 2158/1475/2071 2181/1500/2071 2182/1501/2072 
f 2156/1473/2073 2157/1474/2072 2182/1501/2072 2183/1502/2073 
f 2155/1472/2074 2156/1473/2073 2183/1502/2073 2184/1503/2074 
f 2154/1471/2075 2155/1472/2074 2184/1503/2074 2185/1504/2075 
f 2153/1470/2076 2154/1471/2075 2185/1504/2075 2186/1505/2076 
f 2151/1468/2059 2153/1470/2076 2186/1505/2076 2169/1488/2059 
f 2187/1506/2077 2170/1487/2077 2169/1488/2078 2188/1507/2078 
f 2189/1508/2079 2171/1489/2079 2170/1487/2077 2187/1506/2077 
f 2190/1509/2080 2172/1490/2080 2171/1489/2079 2189/1508/2079 
f 2191/1510/2081 2173/1491/2081 2172/1492/2080 2190/1511/2080 
f 2192/1512/2082 2174/1493/2082 2173/1491/2081 2191/1510/2081 
f 2193/1513/2083 2175/1494/2083 2174/1493/2082 2192/1512/2082 
f 2194/1514/2084 2176/1495/2084 2175/1494/2083 2193/1513/2083 
f 2195/1515/2085 2177/1496/2085 2176/1495/2084 2194/1514/2084 
f 2196/1516/2086 2178/1497/2086 2177/1496/2085 2195/1515/2085 
f 2197/1517/2087 2179/1498/2087 2178/1497/2086 2196/1516/2086 
f 2198/1518/2088 2180/1499/2088 2179/1498/2087 2197/1517/2087 
f 2199/1519/2089 2181/1500/2089 2180/1499/2088 2198/1518/2088 
f 2200/1520/2090 2182/1501/2090 2181/1500/2089 2199/1519/2089 
f 2201/1521/2091 2183/1502/2091 2182/1501/2090 2200/1520/2090 
f 2202/1522/2092 2184/1503/2092 2183/1502/2091 2201/1521/2091 
f 2203/1523/2093 2185/1504/2093 2184/1503/2092 2202/1522/2092 
f 2204/1524/2094 2186/1505/2094 2185/1504/2093 2203/1523/2093 
f 2188/1507/2078 2169/1488/2078 2186/1505/2094 2204/1524/2094 
f 2187/1525/2095 2188/1528/2096 2205/1527/2097 2206/1526/2097 
f 2190/1529/2095 2189/1532/2095 2207/1531/2095 2208/1530/2098 
f 2192/1533/2099 2191/1536/2099 2209/1535/2098 2210/1534/2099 
f 2194/1537/2095 2193/1540/2095 2211/1539/2100 2212/1538/2100 
f 2196/1541/2095 2195/1544/2095 2213/1543/2095 2214/1542/2101 
f 2198/1545/2102 2197/1548/2095 2215/1547/2101 2216/1546/2102 
f 2200/1549/2102 2199/1552/2102 2217/1551/2103 2218/1550/2103 
f 2202/1553/2096 2201/1556/2102 2219/1555/2102 2220/1554/2104 
f 2204/1557/2096 2203/1560/2096 2221/1559/2104 2222/1558/2096 
f 2189/1532/2095 2187/1525/2095 2206/1526/2097 2207/1531/2095 
f 2191/1536/2099 2190/1529/2095 2208/1530/2098 2209/1535/2098 
f 2193/1540/2095 2192/1533/2099 2210/1534/2099 2211/1539/2100 
f 2195/1544/2095 2194/1537/2095 2212/1538/2100 2213/1543/2095 
f 2197/1548/2095 2196/1541/2095 2214/1542/2101 2215/1547/2101 
f 2199/1552/2102 2198/1545/2102 2216/1546/2102 2217/1551/2103 
f 2201/1556/2102 2200/1549/2102 2218/1550/2103 2219/1555/2102 
f 2203/1560/2096 2202/1553/2096 2220/1554/2104 2221/1559/2104 
f 2188/1528/2096 2204/1557/2096 2222/1558/2096 2205/1527/2097 
f 2223/1564/2105 2224/1577/2095 2225/1565/2106 2226/1563/2107 
f 2227/1566/2095 2226/1563/2107 2225/1565/2106 2228/1570/2108 
f 2229/1574/2095 2228/1570/2108 2225/1565/2106 2230/1576/2106 
f 2229/1574/2095 2231/1575/2108 2228/1570/2108 
f 2232/1571/2109 2227/1566/2095 2228/1570/2108 2233/1573/2095 
f 2232/1571/2109 2234/1572/2109 2227/1566/2095 
f 2235/1567/2110 2226/1563/2107 2227/1566/2095 2236/1569/2110 
f 2235/1567/2110 2237/1568/2095 2226/1563/2107 
f 2238/1561/2095 2223/1564/2105 2226/1563/2107 2239/1562/2107 
f 2240/1578/2105 2223/1564/2105 2238/1561/2095 
f 2241/1579/2111 2240/1578/2111 2238/1561/2112 2242/1580/2112 
f 2242/1580/2112 2238/1561/2112 2239/1562/2113 2243/1581/2113 
f 2244/1582/2114 2226/1563/2114 2237/1568/2115 2245/1583/2115 
f 2245/1583/2115 2237/1568/2115 2235/1567/2116 2246/1584/2116 
f 2247/1585/2117 2236/1569/2117 2227/1566/2118 2248/1586/2118 
f 2248/1586/2118 2227/1566/2118 2234/1572/2119 2249/1587/2119 
f 2250/1588/2120 2232/1571/2120 2233/1573/2121 2251/1589/2121 
f 2251/1589/2121 2233/1573/2121 2228/1570/2122 2252/1590/2122 
f 2253/1591/2123 2231/1575/2123 2229/1574/2124 2254/1592/2124 
f 2254/1592/2124 2229/1574/2124 2230/1576/2125 2255/1593/2125 
f 2256/1594/2126 2225/1565/2126 2224/1577/2127 2257/1595/2127 
f 2257/1595/2127 2224/1577/2127 2223/1564/2128 2258/1596/2128 
f 2243/1581/2129 2208/1530/2129 2207/1531/2130 2242/1580/2130 
f 2245/1583/2131 2210/1534/2131 2209/1535/2132 2244/1582/2132 
f 2249/1587/2133 2214/1542/2133 2213/1543/2134 2248/1586/2134 
f 2251/1589/2135 2216/1546/2135 2215/1547/2136 2250/1588/2136 
f 2255/1593/2137 2220/1554/2137 2219/1555/2138 2254/1592/2138 
f 2257/1595/2139 2222/1558/2139 2221/1559/2140 2256/1594/2140 
f 2242/1580/2130 2207/1531/2130 2206/1526/2141 2241/1579/2141 
f 2246/1584/2142 2211/1539/2142 2210/1534/2131 2245/1583/2131 
f 2248/1586/2134 2213/1543/2134 2212/1538/2143 2247/1585/2143 
f 2252/1590/2144 2217/1551/2144 2216/1546/2135 2251/1589/2135 
f 2254/1592/2138 2219/1555/2138 2218/1550/2145 2253/1591/2145 
f 2258/1596/2146 2205/1527/2146 2222/1558/2139 2257/1595/2139 
f 2209/1535/2098 2208/1530/2098 2239/1562/2107 2226/1563/2107 
f 2206/1526/2097 2205/1527/2097 2223/1564/2105 2240/1578/2105 
f 2221/1559/2104 2220/1554/2104 2230/1576/2106 2225/1565/2106 
f 2215/1547/2101 2214/1542/2101 2234/1572/2109 2232/1571/2109 
f 2218/1550/2103 2217/1551/2103 2228/1570/2108 2231/1575/2108 
f 2212/1538/2100 2211/1539/2100 2235/1567/2110 2236/1569/2110 
f 2258/1596/2147 2223/1564/2147 2205/1527/2147 
f 2240/1578/2148 2241/1579/2148 2206/1526/2148 
f 2243/1581/2149 2239/1562/2149 2208/1530/2149 
f 2226/1563/2150 2244/1582/2150 2209/1535/2150 
f 2246/1584/2151 2235/1567/2151 2211/1539/2151 
f 2236/1569/2152 2247/1585/2152 2212/1538/2152 
f 2249/1587/2153 2234/1572/2153 2214/1542/2153 
f 2232/1571/2154 2250/1588/2154 2215/1547/2154 
f 2252/1590/2155 2228/1570/2155 2217/1551/2155 
f 2231/1575/2156 2253/1591/2156 2218/1550/2156 
f 2255/1593/2157 2230/1576/2157 2220/1554/2157 
f 2225/1565/2158 2256/1594/2158 2221/1559/2158 
# 251 polygons - 34 triangles

